<?xml version="1.0" encoding="UTF-8" standalone="no" ?>
<COLLADA version="1.4.1" xmlns="http://www.collada.org/2005/11/COLLADASchema">

  <asset>
    <contributor>
      <authoring_tool>ONSHAPE BY PTC INC, 1.203</authoring_tool>
    </contributor>
    <created>2025-09-04T16:43:25</created>
    <modified>2025-09-04T16:43:25</modified>
    <unit meter="1" name="meters"/>
    <up_axis>Z_UP</up_axis>
  </asset>

  <library_materials>
    <material id="ID10" name="ID10">
      <instance_effect url="#ID10-fx"/>
    </material>
    <material id="ID18" name="ID18">
      <instance_effect url="#ID18-fx"/>
    </material>
    <material id="ID34" name="ID34">
      <instance_effect url="#ID34-fx"/>
    </material>
    <material id="ID42" name="ID42">
      <instance_effect url="#ID42-fx"/>
    </material>
    <material id="ID50" name="ID50">
      <instance_effect url="#ID50-fx"/>
    </material>
    <material id="ID65" name="ID65">
      <instance_effect url="#ID65-fx"/>
    </material>
    <material id="ID87" name="ID87">
      <instance_effect url="#ID87-fx"/>
    </material>
  </library_materials>

  <library_effects>
    <effect id="ID10-fx" name="ID10">
      <profile_COMMON>
        <technique sid="COMMON">
          <lambert>
            <diffuse>
              <color sid="diffuse">0.301961 0.301961 0.301961 1</color>
            </diffuse>
            <transparent opaque="A_ONE">
              <color sid="transparent">1 1 1 1</color>
            </transparent>
            <transparency>
              <float sid="transparency">1</float>
            </transparency>
          </lambert>
        </technique>
        <extra>
          <technique profile="OTHER">
            <double_sided>1</double_sided>
          </technique>
        </extra>
      </profile_COMMON>
    </effect>
    <effect id="ID18-fx" name="ID18">
      <profile_COMMON>
        <technique sid="COMMON">
          <lambert>
            <diffuse>
              <color sid="diffuse">0.0941176 0.0941176 0.0941176 1</color>
            </diffuse>
            <transparent opaque="A_ONE">
              <color sid="transparent">1 1 1 1</color>
            </transparent>
            <transparency>
              <float sid="transparency">1</float>
            </transparency>
          </lambert>
        </technique>
        <extra>
          <technique profile="OTHER">
            <double_sided>1</double_sided>
          </technique>
        </extra>
      </profile_COMMON>
    </effect>
    <effect id="ID34-fx" name="ID34">
      <profile_COMMON>
        <technique sid="COMMON">
          <lambert>
            <diffuse>
              <color sid="diffuse">0.0862745 0.317647 0.690196 1</color>
            </diffuse>
            <transparent opaque="A_ONE">
              <color sid="transparent">1 1 1 1</color>
            </transparent>
            <transparency>
              <float sid="transparency">1</float>
            </transparency>
          </lambert>
        </technique>
        <extra>
          <technique profile="OTHER">
            <double_sided>1</double_sided>
          </technique>
        </extra>
      </profile_COMMON>
    </effect>
    <effect id="ID42-fx" name="ID42">
      <profile_COMMON>
        <technique sid="COMMON">
          <lambert>
            <diffuse>
              <color sid="diffuse">0.0431373 0.215686 0.403922 1</color>
            </diffuse>
            <transparent opaque="A_ONE">
              <color sid="transparent">1 1 1 1</color>
            </transparent>
            <transparency>
              <float sid="transparency">1</float>
            </transparency>
          </lambert>
        </technique>
        <extra>
          <technique profile="OTHER">
            <double_sided>1</double_sided>
          </technique>
        </extra>
      </profile_COMMON>
    </effect>
    <effect id="ID50-fx" name="ID50">
      <profile_COMMON>
        <technique sid="COMMON">
          <lambert>
            <diffuse>
              <color sid="diffuse">0.913725 0.913725 0.913725 1</color>
            </diffuse>
            <transparent opaque="A_ONE">
              <color sid="transparent">1 1 1 1</color>
            </transparent>
            <transparency>
              <float sid="transparency">1</float>
            </transparency>
          </lambert>
        </technique>
        <extra>
          <technique profile="OTHER">
            <double_sided>1</double_sided>
          </technique>
        </extra>
      </profile_COMMON>
    </effect>
    <effect id="ID65-fx" name="ID65">
      <profile_COMMON>
        <technique sid="COMMON">
          <lambert>
            <diffuse>
              <color sid="diffuse">0.32549 0.52549 0.74902 1</color>
            </diffuse>
            <transparent opaque="A_ONE">
              <color sid="transparent">1 1 1 1</color>
            </transparent>
            <transparency>
              <float sid="transparency">1</float>
            </transparency>
          </lambert>
        </technique>
        <extra>
          <technique profile="OTHER">
            <double_sided>1</double_sided>
          </technique>
        </extra>
      </profile_COMMON>
    </effect>
    <effect id="ID87-fx" name="ID87">
      <profile_COMMON>
        <technique sid="COMMON">
          <lambert>
            <diffuse>
              <color sid="diffuse">0.764706 0.886275 0.94902 1</color>
            </diffuse>
            <transparent opaque="A_ONE">
              <color sid="transparent">1 1 1 1</color>
            </transparent>
            <transparency>
              <float sid="transparency">1</float>
            </transparency>
          </lambert>
        </technique>
        <extra>
          <technique profile="OTHER">
            <double_sided>1</double_sided>
          </technique>
        </extra>
      </profile_COMMON>
    </effect>
  </library_effects>

  <library_geometries>
    <geometry id="ID4">
      <mesh>
        <source id="ID5">
          <float_array count="7890" id="ID6">-0.00143243 -0.0391809 -0.00595711 0.00289028 -0.0348805 -0.00175 -0.00289028 -0.0348805 -0.00175 0.0368929 7.09868e-17 -0.00364289 0.035 2.07632e-17 -0.00175 0.0364399 -0.00576332 -0.00364289 -0.00859199 -0.033929 -0.00175 -0.00805864 -0.03837 -0.00595711 -0.0140593 -0.0320521 -0.00175 -0.0144512 -0.0364467 -0.00595711 -0.0204249 -0.0334667 -0.00595711 -0.0191432 -0.0293008 -0.00175 -0.0242599 -0.0272038 -0.0031998 -0.0258064 -0.0295166 -0.00595711 -0.0304397 -0.0247107 -0.00595711 -0.0263056 -0.0283849 -0.00545 -0.0341906 -0.0191885 -0.00595711 -0.0276199 -0.0214974 -0.00175 -0.0307816 -0.0166582 -0.00175 -0.0331036 -0.0113645 -0.00175 -0.0369503 -0.01311 -0.00595711 -0.0345226 -0.00576081 -0.00175 -0.0386388 -0.00665141 -0.00595711 -0.0392071 -4.34921e-17 -0.00595711 -0.035 -3.8725e-17 -0.00175 0.0052353 -0.038856 -0.00595711 0.0117513 -0.0374046 -0.00595711 0.00859199 -0.033929 -0.00175 0.0140593 -0.0320521 -0.00175 0.0179265 -0.0348688 -0.00595711 0.0235821 -0.0313222 -0.00595711 0.0191432 -0.0293008 -0.00175 0.0285541 -0.0268675 -0.00595711 0.0263058 -0.028385 -0.0054502 0.02426 -0.0272039 -0.0032 0.0298348 -0.024649 -0.00545 0.0326982 -0.0216339 -0.00595711 0.0328828 -0.0167274 -0.00364289 0.0307816 -0.0166582 -0.00175 0.029866 -0.0216589 -0.00364289 0.0276199 -0.0214974 -0.00175 0.0331036 -0.0113645 -0.00175 0.0350922 -0.0113851 -0.00364289 0.0345226 -0.00576081 -0.00175 0.0278569 -0.0235071 -0.0031998 0.0350922 0.0113851 -0.00364289 0.0331036 0.0113645 -0.00175 0.0345226 0.00576081 -0.00175 0.0364399 0.00576332 -0.00364289 0.0307816 0.0166582 -0.00175 0.0328828 0.0167274 -0.00364289 0.029866 0.0216589 -0.00364289 0.0285541 0.0268675 -0.00595711 0.029835 0.0246491 -0.0054502 0.0326982 0.0216339 -0.00595711 -0.0191432 0.0293008 -0.00175 -0.0140593 0.0320521 -0.00175 -0.0204249 0.0334667 -0.00595711 0.00859199 0.033929 -0.00175 0.0140593 0.0320521 -0.00175 0.0117513 0.0374046 -0.00595711 0.0191432 0.0293008 -0.00175 0.0237049 0.0257503 -0.00175 0.0242599 0.0272038 -0.0031998 -0.00805864 0.03837 -0.00595711 -0.0144512 0.0364467 -0.00595711 -0.00859199 0.033929 -0.00175 0.0052353 0.038856 -0.00595711 -0.00143243 0.0391809 -0.00595711 0.00289028 0.0348805 -0.00175 -0.0276199 0.0214974 -0.00175 -0.0304397 0.0247107 -0.00595711 -0.0341906 0.0191885 -0.00595711 -0.0263058 0.028385 -0.0054502 -0.0258064 0.0295166 -0.00595711 -0.0369503 0.01311 -0.00595711 -0.0307816 0.0166582 -0.00175 -0.0278569 0.0235071 -0.0031998 -0.0298348 0.024649 -0.00545 -0.0331036 0.0113645 -0.00175 -0.0345226 0.00576081 -0.00175 -0.0386388 0.00665141 -0.00595711 -0.02426 0.0272039 -0.0032 -0.00289028 0.0348805 -0.00175 0.0179265 0.0348688 -0.00595711 0.0235821 0.0313222 -0.00595711 0.0276199 0.0214974 -0.00175 0.0263056 0.0283849 -0.00545 0.0237049 -0.0257503 -0.00175 -0.0237049 0.0257503 -0.00175 0.0278571 0.0235072 -0.0032 -0.029835 -0.0246491 -0.0054502 -0.0237049 -0.0257503 -0.00175 -0.0278571 -0.0235072 -0.0032 0.019234 0.00320959 -0.00535 0.0195 1.75633e-17 -0.00535 0.0195 3.35247e-18 -0.00278553 0.0153882 0.0119771 -0.00535 0.0171497 0.00928097 -0.00535 0.0170238 0.00951005 -0.00278553 0.0184434 0.00633164 -0.00535 0.0192195 0.00329552 -0.00278553 0.0183861 0.00649623 -0.00278553 0.010224 0.0166048 -0.00278553 0.00783306 0.0178576 -0.00535 0.0106655 0.0163247 -0.00535 0.0151717 0.0122503 -0.00278553 0.0128832 0.0146381 -0.00278553 0.013207 0.0143466 -0.00535 0.0016103 0.0194334 -0.00535 0.000827603 0.0194824 -0.00278553 -0.0016103 0.0194334 -0.00535 0.00478697 0.0189033 -0.00535 0.0072707 0.0180938 -0.00278553 0.00410825 0.0190623 -0.00278553 -0.0106655 0.0163247 -0.00535 -0.00783306 0.0178576 -0.00535 -0.00877897 0.0174121 -0.00278553 -0.00571004 0.0186453 -0.00278553 -0.00478697 0.0189033 -0.00535 -0.00247685 0.0193421 -0.00278553 -0.0161559 0.0109195 -0.00278553 -0.0171497 0.00928097 -0.00535 -0.0153882 0.0119771 -0.00535 -0.0115953 0.0156779 -0.00278553 -0.0140781 0.0134928 -0.00278553 -0.013207 0.0143466 -0.00535 -0.019234 0.00320959 -0.00535 -0.0194298 0.00165372 -0.00278553 -0.0195 5.74053e-18 -0.00535 -0.0184434 0.00633164 -0.00535 -0.017769 0.00803207 -0.00278553 -0.0188708 0.00491357 -0.00278553 -0.0171497 -0.00928097 -0.00535 -0.0184434 -0.00633164 -0.00535 -0.017769 -0.00803207 -0.00278553 -0.0188708 -0.00491357 -0.00278553 -0.019234 -0.00320959 -0.00535 -0.0194298 -0.00165372 -0.00278553 -0.0115953 -0.0156779 -0.00278553 -0.0106655 -0.0163247 -0.00535 -0.013207 -0.0143466 -0.00535 -0.0161559 -0.0109195 -0.00278553 -0.0140781 -0.0134928 -0.00278553 -0.0153882 -0.0119771 -0.00535 -0.00478697 -0.0189033 -0.00535 -0.00247685 -0.0193421 -0.00278553 -0.0016103 -0.0194334 -0.00535 -0.00783306 -0.0178576 -0.00535 -0.00877897 -0.0174121 -0.00278553 -0.00571004 -0.0186453 -0.00278553 0.000827603 -0.0194824 -0.00278553 0.00410825 -0.0190623 -0.00278553 0.0016103 -0.0194334 -0.00535 0.0072707 -0.0180938 -0.00278553 0.00478697 -0.0189033 -0.00535 0.00783306 -0.0178576 -0.00535 0.010224 -0.0166048 -0.00278553 0.0128832 -0.0146381 -0.00278553 0.0106655 -0.0163247 -0.00535 0.0151717 -0.0122503 -0.00278553 0.013207 -0.0143466 -0.00535 0.0153882 -0.0119771 -0.00535 0.0170238 -0.00951005 -0.00278553 0.0183861 -0.00649623 -0.00278553 0.0171497 -0.00928097 -0.00535 0.0192195 -0.00329552 -0.00278553 0.0184434 -0.00633164 -0.00535 0.019234 -0.00320959 -0.00535 -0.0230999 -0.0245054 -0.00795 -0.0145592 -0.0367189 -0.00795 -0.0231371 -0.0247228 -0.00795 0.0230952 0.0243952 -0.00795 0.011839 0.037684 -0.00795 0.0180605 0.0351293 -0.00795 -0.0145592 0.0367189 -0.00795 -0.0230999 0.0242849 -0.00795 -0.0230999 0.0245054 -0.00795 -0.0238099 0.0232344 -0.00795 -0.0249293 0.0202437 -0.00795 -0.0240145 0.0231522 -0.00795 -0.0372263 0.0132079 -0.00795 -0.0389274 0.0067011 -0.00795 -0.0249293 -0.0202437 -0.00795 -0.0389274 -0.0067011 -0.00795 -0.0395 2.33127e-17 -0.00795 -0.034446 0.0193319 -0.00795 -0.0372263 -0.0132079 -0.00795 -0.0306671 0.0248953 -0.00795 -0.0256209 0.0239621 -0.00795 -0.0255301 0.0237612 -0.00795 -0.034446 -0.0193319 -0.00795 -0.0246691 -0.025666 -0.00795 -0.0244504 -0.025694 -0.00795 -0.0259991 -0.0297371 -0.00795 -0.0242301 0.0231057 -0.00795 -0.0244504 0.0230964 -0.00795 -0.0236222 0.02335 -0.00795 -0.0234566 0.0234957 -0.00795 -0.0205774 -0.0337167 -0.00795 -0.0236222 -0.0254404 -0.00795 -0.0234566 -0.0252947 -0.00795 0.0231139 0.0241755 -0.00795 0.0233837 -0.0235785 -0.00795 0.0235363 -0.0234193 -0.00795 0.0322735 0.0202575 -0.00795 0.0321085 0.0202437 -0.00795 0.0329424 0.0217955 -0.00795 0.0329471 0.020699 -0.00795 0.0330221 0.0216503 -0.00795 0.0327241 0.0204557 -0.00795 0.0328457 0.0205681 -0.00795 0.0330787 0.0210017 -0.00795 0.0330255 0.0208449 -0.00795 0.0330766 0.021494 -0.00795 0.0331054 0.0211652 -0.00795 0.0331047 0.0213308 -0.00795 0.0180605 -0.0351293 -0.00795 0.011839 -0.037684 -0.00795 0.0230952 -0.0243952 -0.00795 0.0329424 -0.0217955 -0.00795 0.0325856 -0.0203649 -0.00795 0.0327241 -0.0204557 -0.00795 0.0328457 -0.0205681 -0.00795 0.0329471 -0.020699 -0.00795 0.0231139 -0.0246149 -0.00795 0.0325856 0.0203649 -0.00795 0.0322735 -0.0202575 -0.00795 0.032434 -0.0202982 -0.00795 0.0251682 -0.02335 -0.00795 0.0321085 -0.0202437 -0.00795 0.0253337 -0.0234957 -0.00795 0.032434 0.0202982 -0.00795 0.0287674 0.0270682 -0.00795 -0.0230999 -0.0242849 -0.00795 -0.00811884 -0.0386566 -0.00795 0.0256532 0.0240676 -0.00795 0.0241213 0.0231244 -0.00795 0.0235363 0.0253711 -0.00795 0.0237583 0.0315562 -0.00795 0.0237136 0.0255022 -0.00795 -0.0306671 -0.0248953 -0.00795 -0.0256765 -0.0246149 -0.00795 -0.0256209 -0.0248283 -0.00795 -0.0250768 -0.0232882 -0.00795 -0.0252541 -0.0234193 -0.00795 0.0287674 -0.0270682 -0.00795 0.0231694 -0.0248283 -0.00795 0.0232603 -0.0250292 -0.00795 0.0330221 -0.0216503 -0.00795 0.0330255 -0.0208449 -0.00795 0.0330787 -0.0210017 -0.00795 0.0331054 -0.0211652 -0.00795 0.0330766 -0.021494 -0.00795 0.0331047 -0.0213308 -0.00795 -0.0256765 0.0241755 -0.00795 -0.0256952 0.0243952 -0.00795 -0.0250768 0.0255022 -0.00795 -0.0252541 0.0253711 -0.00795 -0.0259991 0.0297371 -0.00795 -0.0236222 0.0254404 -0.00795 -0.0205774 0.0337167 -0.00795 -0.0234566 0.0252947 -0.00795 -0.0254066 0.0235785 -0.00795 -0.0250768 0.0232882 -0.00795 -0.0252541 0.0234193 -0.00795 -0.0232106 0.0238597 -0.00795 -0.0231371 0.0240676 -0.00795 -0.00811884 0.0386566 -0.00795 -0.0246691 0.0231244 -0.00795 -0.0248799 0.0231889 -0.00795 0.0231694 0.0239621 -0.00795 -0.0233181 0.0236672 -0.00795 0.00527441 0.0391463 -0.00795 -0.00144313 0.0394736 -0.00795 -0.0231371 0.0247228 -0.00795 -0.0233181 0.0251232 -0.00795 -0.0232106 0.0249307 -0.00795 -0.0238099 0.025556 -0.00795 -0.0242301 0.0256847 -0.00795 -0.0240145 0.0256382 -0.00795 -0.0246691 0.025666 -0.00795 -0.0244504 0.025694 -0.00795 -0.0248799 0.0256014 -0.00795 -0.0254066 0.0252119 -0.00795 -0.0255301 0.0250292 -0.00795 -0.0256765 0.0246149 -0.00795 -0.0256209 0.0248283 -0.00795 0.0255798 0.0238597 -0.00795 0.0254722 0.0236672 -0.00795 0.0232603 0.0237612 -0.00795 0.0235363 0.0234193 -0.00795 0.0233837 0.0235785 -0.00795 0.0239105 0.0231889 -0.00795 0.0237136 0.0232882 -0.00795 0.0245603 0.0231057 -0.00795 0.02434 0.0230964 -0.00795 0.0249805 0.0232344 -0.00795 0.0247759 0.0231522 -0.00795 0.0253337 0.0234957 -0.00795 0.0251682 0.02335 -0.00795 0.0254722 0.0251232 -0.00795 0.0255798 0.0249307 -0.00795 0.0256905 0.0245054 -0.00795 0.0256905 0.0242849 -0.00795 0.0256532 0.0247228 -0.00795 0.0253337 0.0252947 -0.00795 0.0251682 0.0254404 -0.00795 0.0249805 0.025556 -0.00795 0.0247759 0.0256382 -0.00795 0.0245603 0.0256847 -0.00795 0.0241213 0.025666 -0.00795 0.02434 0.025694 -0.00795 0.0239105 0.0256014 -0.00795 0.0233837 0.0252119 -0.00795 0.0232603 0.0250292 -0.00795 0.0231139 0.0246149 -0.00795 0.0231694 0.0248283 -0.00795 0.0245603 -0.0256847 -0.00795 0.0237583 -0.0315562 -0.00795 0.02434 -0.025694 -0.00795 0.00527441 -0.0391463 -0.00795 -0.00144313 -0.0394736 -0.00795 0.0231694 -0.0239621 -0.00795 0.0254722 -0.0251232 -0.00795 0.0253337 -0.0252947 -0.00795 0.0233837 -0.0252119 -0.00795 0.0237136 -0.0255022 -0.00795 0.0235363 -0.0253711 -0.00795 0.0241213 -0.025666 -0.00795 0.0239105 -0.0256014 -0.00795 0.0247759 -0.0256382 -0.00795 0.0251682 -0.0254404 -0.00795 0.0249805 -0.025556 -0.00795 0.0255798 -0.0249307 -0.00795 0.0256532 -0.0247228 -0.00795 0.0256905 -0.0245054 -0.00795 0.0256905 -0.0242849 -0.00795 0.0256532 -0.0240676 -0.00795 0.0254722 -0.0236672 -0.00795 0.0255798 -0.0238597 -0.00795 0.0241213 -0.0231244 -0.00795 0.02434 -0.0230964 -0.00795 0.0247759 -0.0231522 -0.00795 0.0249805 -0.0232344 -0.00795 0.0245603 -0.0231057 -0.00795 0.0239105 -0.0231889 -0.00795 0.0237136 -0.0232882 -0.00795 0.0232603 -0.0237612 -0.00795 0.0231139 -0.0241755 -0.00795 -0.0254066 -0.0252119 -0.00795 -0.0252541 -0.0253711 -0.00795 -0.0256952 -0.0243952 -0.00795 -0.0233181 -0.0236672 -0.00795 -0.0232106 -0.0238597 -0.00795 -0.0255301 -0.0250292 -0.00795 -0.0250768 -0.0255022 -0.00795 -0.0248799 -0.0256014 -0.00795 -0.0242301 -0.0256847 -0.00795 -0.0240145 -0.0256382 -0.00795 -0.0238099 -0.025556 -0.00795 -0.0233181 -0.0251232 -0.00795 -0.0232106 -0.0249307 -0.00795 -0.0231371 -0.0240676 -0.00795 -0.0236222 -0.02335 -0.00795 -0.0234566 -0.0234957 -0.00795 -0.0240145 -0.0231522 -0.00795 -0.0238099 -0.0232344 -0.00795 -0.0244504 -0.0230964 -0.00795 -0.0242301 -0.0231057 -0.00795 -0.0248799 -0.0231889 -0.00795 -0.0246691 -0.0231244 -0.00795 -0.0254066 -0.0235785 -0.00795 -0.0255301 -0.0237612 -0.00795 -0.0256765 -0.0241755 -0.00795 -0.0256209 -0.0239621 -0.00795 -0.0305825 0.0248266 -0.00621022 -0.034351 0.0192785 -0.00621022 -0.0305188 0.024775 -0.00607643 -0.0258734 0.0295933 -0.00607643 -0.0259274 0.029655 -0.00621022 -0.034446 0.0193319 -0.00666421 -0.0344353 0.0193258 -0.00650778 -0.0306576 0.0248876 -0.00650778 -0.0204779 0.0335537 -0.00607643 -0.0205207 0.0336237 -0.00621022 -0.025991 0.0297278 -0.00650778 -0.0306671 0.0248953 -0.00666421 -0.014519 0.0366176 -0.00621022 -0.0144888 0.0365414 -0.00607643 -0.020571 0.0337062 -0.00650778 -0.0259991 0.0297371 -0.00666421 -0.00807958 0.0384697 -0.00607643 -0.00809644 0.03855 -0.00621022 -0.0205774 0.0337167 -0.00666421 -0.0145546 0.0367075 -0.00650778 -0.00143915 0.0393647 -0.00621022 -0.00143615 0.0392828 -0.00607643 -0.00811631 0.0386446 -0.00650778 -0.0145592 0.0367189 -0.00666421 0.00524891 0.038957 -0.00607643 0.00525986 0.0390383 -0.00621022 -0.00144268 0.0394613 -0.00650778 -0.00811884 0.0386566 -0.00666421 0.0117818 0.0375018 -0.00607643 0.0118064 0.0375801 -0.00621022 -0.00144313 0.0394736 -0.00666421 0.00527277 0.0391341 -0.00650778 -0.0372263 0.0132079 -0.00666421 0.011839 0.037684 -0.00666421 0.0118354 0.0376723 -0.00650778 0.0180548 0.0351184 -0.00650778 0.0179731 0.0349595 -0.00607643 0.0180106 0.0350324 -0.00621022 0.0237509 0.0315464 -0.00650778 0.0180605 0.0351293 -0.00666421 0.0236927 0.0314691 -0.00621022 0.0236434 0.0314036 -0.00607643 0.0329016 0.0217685 -0.0063552 0.0287317 0.0270347 -0.0063552 0.0328515 0.0217354 -0.00621022 0.0286283 0.0269374 -0.00607643 0.028688 0.0269935 -0.00621022 0.0287674 0.0270682 -0.00666421 0.0237583 0.0315562 -0.00666421 0.0287584 0.0270598 -0.00650778 0.0329424 0.0217955 -0.00666421 0.0329322 0.0217887 -0.00650778 0.0179731 -0.0349595 -0.00607643 0.0180106 -0.0350324 -0.00621022 0.0236927 -0.0314691 -0.00621022 0.0327832 0.0216902 -0.00607643 0.0326982 0.0216339 -0.00595711 -0.0342795 0.0192384 -0.00607643 -0.0371236 0.0131715 -0.00621022 -0.0372147 0.0132038 -0.00650778 -0.03882 0.00668261 -0.00621022 -0.0370464 0.0131441 -0.00607643 -0.0389274 0.0067011 -0.00666421 -0.0389153 0.00669901 -0.00650778 -0.025991 -0.0297278 -0.00650778 -0.0259991 -0.0297371 -0.00666421 -0.0205774 -0.0337167 -0.00666421 -0.0394877 5.76964e-18 -0.00650778 -0.0389274 -0.0067011 -0.00666421 -0.0389153 -0.00669901 -0.00650778 -0.039391 5.7578e-18 -0.00621022 -0.0387392 0.0066687 -0.00607643 -0.0372147 -0.0132038 -0.00650778 -0.0372263 -0.0132079 -0.00666421 -0.039309 5.74776e-18 -0.00607643 -0.03882 -0.00668261 -0.00621022 -0.034446 -0.0193319 -0.00666421 -0.0344353 -0.0193258 -0.00650778 -0.0387392 -0.0066687 -0.00607643 -0.0371236 -0.0131715 -0.00621022 -0.0306671 -0.0248953 -0.00666421 -0.0306576 -0.0248876 -0.00650778 -0.034351 -0.0192785 -0.00621022 -0.0370464 -0.0131441 -0.00607643 -0.0305825 -0.0248266 -0.00621022 -0.0342795 -0.0192384 -0.00607643 -0.0145546 -0.0367075 -0.00650778 -0.0145592 -0.0367189 -0.00666421 -0.00811884 -0.0386566 -0.00666421 -0.0259274 -0.029655 -0.00621022 -0.0305188 -0.024775 -0.00607643 -0.020571 -0.0337062 -0.00650778 -0.0205207 -0.0336237 -0.00621022 -0.0258734 -0.0295933 -0.00607643 -0.00811631 -0.0386446 -0.00650778 -0.0204779 -0.0335537 -0.00607643 -0.014519 -0.0366176 -0.00621022 -0.00144313 -0.0394736 -0.00666421 -0.00144268 -0.0394613 -0.00650778 -0.00809644 -0.03855 -0.00621022 -0.0144888 -0.0365414 -0.00607643 0.011839 -0.037684 -0.00666421 0.0180605 -0.0351293 -0.00666421 0.0118354 -0.0376723 -0.00650778 -0.00143915 -0.0393647 -0.00621022 -0.00807958 -0.0384697 -0.00607643 0.00527277 -0.0391341 -0.00650778 -0.00143615 -0.0392828 -0.00607643 0.00525986 -0.0390383 -0.00621022 0.0287674 -0.0270682 -0.00666421 0.0237509 -0.0315464 -0.00650778 0.0237583 -0.0315562 -0.00666421 0.0118064 -0.0375801 -0.00621022 0.00524891 -0.038957 -0.00607643 0.0329322 -0.0217887 -0.00650778 0.0329016 -0.0217685 -0.0063552 0.0287317 -0.0270347 -0.0063552 0.0180548 -0.0351184 -0.00650778 0.0329424 -0.0217955 -0.00666421 0.0287584 -0.0270598 -0.00650778 0.0237289 -0.0315171 -0.0063552 0.0117818 -0.0375018 -0.00607643 0.0286283 -0.0269374 -0.00607643 0.0235821 -0.0313222 -0.00595711 0.0236434 -0.0314036 -0.00607643 0.0179265 -0.0348688 -0.00595711 0.0326982 -0.0216339 -0.00595711 0.0285541 -0.0268675 -0.00595711 0.0327832 -0.0216902 -0.00607643 0.028688 -0.0269935 -0.00621022 0.00527441 0.0391463 -0.00666421 0.0285541 0.0268675 -0.00595711 0.0237289 0.0315171 -0.0063552 0.0235821 0.0313222 -0.00595711 0.0180381 0.0350858 -0.0063552 0.0179265 0.0348688 -0.00595711 0.0118244 0.0376373 -0.0063552 0.00526788 0.0390978 -0.0063552 0.0117513 0.0374046 -0.00595711 0.0052353 0.038856 -0.00595711 -0.00144134 0.0394247 -0.0063552 -0.00143243 0.0391809 -0.00595711 -0.00810878 0.0386087 -0.0063552 -0.00805864 0.03837 -0.00595711 -0.0145411 0.0366734 -0.0063552 -0.0205519 0.033675 -0.0063552 -0.0144512 0.0364467 -0.00595711 -0.0259669 0.0297002 -0.0063552 -0.0204249 0.0334667 -0.00595711 -0.0306291 0.0248645 -0.0063552 -0.0258064 0.0295166 -0.00595711 -0.0344034 0.0193079 -0.0063552 -0.0304397 0.0247107 -0.00595711 -0.0395 5.77115e-18 -0.00666421 -0.0371802 0.0131916 -0.0063552 -0.0341906 0.0191885 -0.00595711 -0.0369503 0.01311 -0.00595711 -0.0388792 0.0066928 -0.0063552 -0.0386388 0.00665141 -0.00595711 -0.0394511 5.76515e-18 -0.0063552 -0.0388792 -0.0066928 -0.0063552 -0.0392071 -4.34921e-17 -0.00595711 -0.0386388 -0.00665141 -0.00595711 -0.0371802 -0.0131916 -0.0063552 -0.0344034 -0.0193079 -0.0063552 -0.0369503 -0.01311 -0.00595711 -0.0341906 -0.0191885 -0.00595711 -0.0306291 -0.0248645 -0.0063552 -0.0259669 -0.0297002 -0.0063552 -0.0304397 -0.0247107 -0.00595711 -0.0258064 -0.0295166 -0.00595711 -0.0205519 -0.033675 -0.0063552 -0.0204249 -0.0334667 -0.00595711 -0.0145411 -0.0366734 -0.0063552 -0.0144512 -0.0364467 -0.00595711 0.00527441 -0.0391463 -0.00666421 -0.00810878 -0.0386087 -0.0063552 -0.00805864 -0.03837 -0.00595711 -0.00144134 -0.0394247 -0.0063552 -0.00143243 -0.0391809 -0.00595711 0.00526788 -0.0390978 -0.0063552 0.0052353 -0.038856 -0.00595711 0.0118244 -0.0376373 -0.0063552 0.0117513 -0.0374046 -0.00595711 0.0180381 -0.0350858 -0.0063552 0.0328515 -0.0217354 -0.00621022 0.00326188 -0.0393651 0 -0.00326188 -0.0393651 0.00175 -0.00326188 -0.0393651 0 0.0395 7.25603e-18 0.00175 0.0395 7.25603e-18 0 0.0389613 0.00650149 0 -0.00969668 -0.0382913 0 -0.00969668 -0.0382913 0.00175 -0.015867 -0.036173 0.00175 -0.015867 -0.036173 0 -0.0216045 -0.0330681 0.00175 -0.0216045 -0.0330681 0 -0.0267526 -0.0290611 0 -0.0267526 -0.0290611 0.00175 -0.0311711 -0.0242614 0.00175 -0.0311711 -0.0242614 0 -0.0347392 -0.0187999 0.00175 -0.0347392 -0.0187999 0 -0.0373598 -0.0128256 0 -0.0373598 -0.0128256 0.00175 -0.0389613 -0.00650149 0.00175 -0.0389613 -0.00650149 0 -0.0395 -7.25603e-18 0.00175 -0.0395 -7.25603e-18 0 0.00326188 -0.0393651 0.00175 0.00969668 -0.0382913 0 0.00969668 -0.0382913 0.00175 0.015867 -0.036173 0 0.015867 -0.036173 0.00175 0.0216045 -0.0330681 0.00175 0.0216045 -0.0330681 0 0.0267526 -0.0290611 0 0.0267526 -0.0290611 0.00175 0.0311711 -0.0242614 0 0.0311711 -0.0242614 0.00175 0.0347392 -0.0187999 0.00175 0.0347392 -0.0187999 0 0.0373598 -0.0128256 0 0.0373598 -0.0128256 0.00175 0.0389613 -0.00650149 0 0.0389613 -0.00650149 0.00175 0.0373598 0.0128256 0.00175 0.0389613 0.00650149 0.00175 0.0373598 0.0128256 0 0.0267526 0.0290611 0.00175 0.0311711 0.0242614 0.00175 0.0267526 0.0290611 0 0.0347392 0.0187999 0.00175 0.0347392 0.0187999 0 0.0311711 0.0242614 0 0.015867 0.036173 0.00175 0.00969668 0.0382913 0 0.00969668 0.0382913 0.00175 0.0216045 0.0330681 0 0.015867 0.036173 0 0.0216045 0.0330681 0.00175 -0.00969668 0.0382913 0 -0.00969668 0.0382913 0.00175 -0.00326188 0.0393651 0.00175 -0.00326188 0.0393651 0 0.00326188 0.0393651 0.00175 0.00326188 0.0393651 0 -0.0267526 0.0290611 0.00175 -0.0216045 0.0330681 0.00175 -0.0267526 0.0290611 0 -0.015867 0.036173 0.00175 -0.015867 0.036173 0 -0.0216045 0.0330681 0 -0.0347392 0.0187999 0 -0.0311711 0.0242614 0.00175 -0.0311711 0.0242614 0 -0.0373598 0.0128256 0 -0.0347392 0.0187999 0.00175 -0.0373598 0.0128256 0.00175 -0.0389613 0.00650149 0 -0.0389613 0.00650149 0.00175 -0.0191432 0.0293008 0.00175 -0.0216045 0.0330681 0.00175 -0.0267526 0.0290611 0.00175 0.00969668 0.0382913 0.00175 0.0140593 0.0320521 0.00175 0.015867 0.036173 0.00175 0.00326188 0.0393651 0.00175 0.00859199 0.033929 0.00175 0.0216045 0.0330681 0.00175 0.0191432 0.0293008 0.00175 -0.00326188 0.0393651 0.00175 0.00289028 0.0348805 0.00175 0.0267526 0.0290611 0.00175 0.0237049 0.0257503 0.00175 -0.00969668 0.0382913 0.00175 -0.00289028 0.0348805 0.00175 0.0347392 0.0187999 0.00175 0.0311711 0.0242614 0.00175 0.0276199 0.0214974 0.00175 -0.015867 0.036173 0.00175 -0.00859199 0.033929 0.00175 0.0307816 0.0166582 0.00175 0.0331036 0.0113645 0.00175 0.0373598 0.0128256 0.00175 -0.0140593 0.0320521 0.00175 0.0345226 -0.00576081 0.00175 0.0373598 -0.0128256 0.00175 0.0389613 -0.00650149 0.00175 -0.0276199 0.0214974 0.00175 -0.0311711 0.0242614 0.00175 -0.0307816 0.0166582 0.00175 -0.0389613 0.00650149 0.00175 -0.035 1.34e-17 0.00175 -0.0345226 0.00576081 0.00175 -0.0307816 -0.0166582 0.00175 -0.0331036 -0.0113645 0.00175 -0.0373598 -0.0128256 0.00175 0.0307816 -0.0166582 0.00175 0.0276199 -0.0214974 0.00175 0.0311711 -0.0242614 0.00175 -0.0237049 -0.0257503 0.00175 -0.0267526 -0.0290611 0.00175 -0.0191432 -0.0293008 0.00175 0.015867 -0.036173 0.00175 0.0216045 -0.0330681 0.00175 0.0140593 -0.0320521 0.00175 -0.00326188 -0.0393651 0.00175 -0.00859199 -0.033929 0.00175 -0.00969668 -0.0382913 0.00175 0.00326188 -0.0393651 0.00175 -0.00289028 -0.0348805 0.00175 -0.0216045 -0.0330681 0.00175 -0.015867 -0.036173 0.00175 -0.0140593 -0.0320521 0.00175 0.00969668 -0.0382913 0.00175 0.00289028 -0.0348805 0.00175 -0.0311711 -0.0242614 0.00175 -0.0276199 -0.0214974 0.00175 0.00859199 -0.033929 0.00175 0.0267526 -0.0290611 0.00175 0.0191432 -0.0293008 0.00175 -0.0347392 -0.0187999 0.00175 -0.0345226 -0.00576081 0.00175 -0.0389613 -0.00650149 0.00175 0.0237049 -0.0257503 0.00175 0.0347392 -0.0187999 0.00175 0.0331036 -0.0113645 0.00175 -0.0395 -7.25603e-18 0.00175 -0.0331036 0.0113645 0.00175 -0.0373598 0.0128256 0.00175 0.035 2.14313e-18 0.00175 -0.0347392 0.0187999 0.00175 -0.0237049 0.0257503 0.00175 0.0395 7.25603e-18 0.00175 0.0389613 0.00650149 0.00175 0.0345226 0.00576081 0.00175 -0.0191432 0.0293008 0 -0.0267526 0.0290611 0 -0.0216045 0.0330681 0 0.00969668 0.0382913 0 0.015867 0.036173 0 0.0140593 0.0320521 0 0.00326188 0.0393651 0 0.00859199 0.033929 0 0.0216045 0.0330681 0 0.0191432 0.0293008 0 -0.00326188 0.0393651 0 0.00289028 0.0348805 0 0.0267526 0.0290611 0 0.0237049 0.0257503 0 -0.00969668 0.0382913 0 -0.00289028 0.0348805 0 0.0347392 0.0187999 0 0.0276199 0.0214974 0 0.0311711 0.0242614 0 -0.015867 0.036173 0 -0.00859199 0.033929 0 0.0307816 0.0166582 0 0.0373598 0.0128256 0 0.0331036 0.0113645 0 -0.0140593 0.0320521 0 0.0345226 -0.00576081 0 0.0389613 -0.00650149 0 0.0373598 -0.0128256 0 -0.0276199 0.0214974 0 -0.0307816 0.0166582 0 -0.0311711 0.0242614 0 -0.0389613 0.00650149 0 -0.0345226 0.00576081 0 -0.035 6.4294e-18 0 -0.0307816 -0.0166582 0 -0.0373598 -0.0128256 0 -0.0331036 -0.0113645 0 0.0307816 -0.0166582 0 0.0311711 -0.0242614 0 0.0276199 -0.0214974 0 -0.0237049 -0.0257503 0 -0.0191432 -0.0293008 0 -0.0267526 -0.0290611 0 0.015867 -0.036173 0 0.0140593 -0.0320521 0 0.0216045 -0.0330681 0 -0.00326188 -0.0393651 0 -0.00969668 -0.0382913 0 -0.00859199 -0.033929 0 0.00326188 -0.0393651 0 -0.00289028 -0.0348805 0 -0.015867 -0.036173 0 -0.0216045 -0.0330681 0 -0.0140593 -0.0320521 0 0.00969668 -0.0382913 0 0.00289028 -0.0348805 0 -0.0311711 -0.0242614 0 -0.0276199 -0.0214974 0 0.00859199 -0.033929 0 0.0267526 -0.0290611 0 0.0191432 -0.0293008 0 -0.0347392 -0.0187999 0 -0.0345226 -0.00576081 0 -0.0389613 -0.00650149 0 0.0237049 -0.0257503 0 0.0331036 -0.0113645 0 0.0347392 -0.0187999 0 -0.0395 -7.25603e-18 0 -0.0373598 0.0128256 0 -0.0331036 0.0113645 0 0.035 2.14313e-18 0 -0.0347392 0.0187999 0 -0.0237049 0.0257503 0 0.0395 7.25603e-18 0 0.0345226 0.00576081 0 0.0389613 0.00650149 0 -0.00289028 0.0348805 -0.00175 -0.00289028 0.0348805 0 0.00289028 0.0348805 0 0.0345226 -0.00576081 0 0.035 2.07632e-17 -0.00175 0.035 2.14313e-18 0 -0.00859199 0.033929 -0.00175 -0.00859199 0.033929 0 -0.0140593 0.0320521 0 -0.0140593 0.0320521 -0.00175 -0.0191432 0.0293008 -0.00175 -0.0191432 0.0293008 0 -0.0237049 0.0257503 -0.00175 -0.0237049 0.0257503 0 -0.0276199 0.0214974 0 -0.0276199 0.0214974 -0.00175 -0.0307816 0.0166582 -0.00175 -0.0307816 0.0166582 0 -0.0331036 0.0113645 -0.00175 -0.0331036 0.0113645 0 -0.0345226 0.00576081 0 -0.0345226 0.00576081 -0.00175 -0.035 -3.8725e-17 -0.00175 -0.035 6.4294e-18 0 0.00289028 0.0348805 -0.00175 0.00859199 0.033929 0 0.00859199 0.033929 -0.00175 0.0140593 0.0320521 0 0.0140593 0.0320521 -0.00175 0.0191432 0.0293008 -0.00175 0.0191432 0.0293008 0 0.0237049 0.0257503 0 0.0237049 0.0257503 -0.00175 0.0276199 0.0214974 0 0.0276199 0.0214974 -0.00175 0.0307816 0.0166582 -0.00175 0.0307816 0.0166582 0 0.0331036 0.0113645 0 0.0331036 0.0113645 -0.00175 0.0345226 0.00576081 0 0.0345226 0.00576081 -0.00175 0.0276199 -0.0214974 0 0.0307816 -0.0166582 -0.00175 0.0307816 -0.0166582 0 0.0331036 -0.0113645 0 0.0331036 -0.0113645 -0.00175 0.0345226 -0.00576081 -0.00175 0.0191432 -0.0293008 -0.00175 0.0191432 -0.0293008 0 0.0140593 -0.0320521 0 0.0276199 -0.0214974 -0.00175 0.0237049 -0.0257503 0 0.0237049 -0.0257503 -0.00175 0.00289028 -0.0348805 0 -0.00289028 -0.0348805 0 0.00289028 -0.0348805 -0.00175 0.00859199 -0.033929 0 0.00859199 -0.033929 -0.00175 0.0140593 -0.0320521 -0.00175 -0.0191432 -0.0293008 0 -0.0140593 -0.0320521 -0.00175 -0.0140593 -0.0320521 0 -0.00859199 -0.033929 -0.00175 -0.00289028 -0.0348805 -0.00175 -0.00859199 -0.033929 0 -0.0276199 -0.0214974 -0.00175 -0.0237049 -0.0257503 -0.00175 -0.0276199 -0.0214974 0 -0.0191432 -0.0293008 -0.00175 -0.0237049 -0.0257503 0 -0.0307816 -0.0166582 0 -0.0307816 -0.0166582 -0.00175 -0.0331036 -0.0113645 0 -0.0331036 -0.0113645 -0.00175 -0.0345226 -0.00576081 -0.00175 -0.0345226 -0.00576081 0 -0.00289028 0.0348805 0.00175 -0.00289028 0.0348805 0.00325 0.00289028 0.0348805 0.00325 0.0345226 -0.00576081 0.00325 0.035 2.14313e-18 0.00175 0.035 6.4294e-18 0.00325 -0.00859199 0.033929 0.00175 -0.00859199 0.033929 0.00325 -0.0140593 0.0320521 0.00325 -0.0140593 0.0320521 0.00175 -0.0191432 0.0293008 0.00175 -0.0191432 0.0293008 0.00325 -0.0237049 0.0257503 0.00175 -0.0237049 0.0257503 0.00325 -0.0276199 0.0214974 0.00325 -0.0276199 0.0214974 0.00175 -0.0307816 0.0166582 0.00175 -0.0307816 0.0166582 0.00325 -0.0331036 0.0113645 0.00175 -0.0331036 0.0113645 0.00325 -0.0345226 0.00576081 0.00325 -0.0345226 0.00576081 0.00175 -0.035 1.34e-17 0.00175 -0.035 2.14313e-18 0.00325 0.00289028 0.0348805 0.00175 0.00859199 0.033929 0.00325 0.00859199 0.033929 0.00175 0.0140593 0.0320521 0.00325 0.0140593 0.0320521 0.00175 0.0191432 0.0293008 0.00175 0.0191432 0.0293008 0.00325 0.0237049 0.0257503 0.00325 0.0237049 0.0257503 0.00175 0.0276199 0.0214974 0.00325 0.0276199 0.0214974 0.00175 0.0307816 0.0166582 0.00175 0.0307816 0.0166582 0.00325 0.0331036 0.0113645 0.00325 0.0331036 0.0113645 0.00175 0.0345226 0.00576081 0.00325 0.0345226 0.00576081 0.00175 0.0276199 -0.0214974 0.00325 0.0307816 -0.0166582 0.00175 0.0307816 -0.0166582 0.00325 0.0331036 -0.0113645 0.00325 0.0331036 -0.0113645 0.00175 0.0345226 -0.00576081 0.00175 0.0191432 -0.0293008 0.00175 0.0191432 -0.0293008 0.00325 0.0140593 -0.0320521 0.00325 0.0276199 -0.0214974 0.00175 0.0237049 -0.0257503 0.00325 0.0237049 -0.0257503 0.00175 0.00289028 -0.0348805 0.00325 -0.00289028 -0.0348805 0.00325 0.00289028 -0.0348805 0.00175 0.00859199 -0.033929 0.00325 0.00859199 -0.033929 0.00175 0.0140593 -0.0320521 0.00175 -0.0191432 -0.0293008 0.00325 -0.0140593 -0.0320521 0.00175 -0.0140593 -0.0320521 0.00325 -0.00859199 -0.033929 0.00175 -0.00289028 -0.0348805 0.00175 -0.00859199 -0.033929 0.00325 -0.0276199 -0.0214974 0.00175 -0.0237049 -0.0257503 0.00175 -0.0276199 -0.0214974 0.00325 -0.0191432 -0.0293008 0.00175 -0.0237049 -0.0257503 0.00325 -0.0307816 -0.0166582 0.00325 -0.0307816 -0.0166582 0.00175 -0.0331036 -0.0113645 0.00325 -0.0331036 -0.0113645 0.00175 -0.0345226 -0.00576081 0.00175 -0.0345226 -0.00576081 0.00325 -0.0184355 0.017669 0.00325 -0.0151843 0.0205305 0.00325 -0.0237049 0.0257503 0.00325 0.00952109 0.0236941 0.00325 0.00859199 0.033929 0.00325 0.00537981 0.0249624 0.00325 0.00289028 0.0348805 0.00325 0.00108376 0.0255125 0.00325 0.0191432 0.0293008 0.00325 0.0140593 0.0320521 0.00325 0.0133885 0.0217443 0.00325 -0.00289028 0.0348805 0.00325 -0.00324347 0.0253287 0.00325 0.0168707 0.0191688 0.00325 0.0198676 0.0160419 0.00325 0.0237049 0.0257503 0.00325 -0.00859199 0.033929 0.00325 -0.00747739 0.0244162 0.00325 0.0307816 0.0166582 0.00325 0.0276199 0.0214974 0.00325 0.0222929 0.0124536 0.00325 -0.0140593 0.0320521 0.00325 -0.0114962 0.0228013 0.00325 0.0240769 0.0085069 0.00325 0.0251682 0.00431553 0.00325 0.0331036 0.0113645 0.00325 -0.0191432 0.0293008 0.00325 0.0251682 -0.00431553 0.00325 0.0331036 -0.0113645 0.00325 0.0345226 -0.00576081 0.00325 -0.0276199 0.0214974 0.00325 -0.0211564 0.0142993 0.00325 -0.035 2.14313e-18 0.00325 -0.0254435 -0.00216556 0.00325 -0.0254435 0.00216556 0.00325 -0.0307816 -0.0166582 0.00325 -0.0211564 -0.0142993 0.00325 -0.0232687 -0.0105181 0.00325 -0.0114962 -0.0228013 0.00325 -0.0151843 -0.0205305 0.00325 -0.0191432 -0.0293008 0.00325 0.0168707 -0.0191688 0.00325 0.0133885 -0.0217443 0.00325 0.0191432 -0.0293008 0.00325 -0.00324347 -0.0253287 0.00325 -0.00289028 -0.0348805 0.00325 0.00108376 -0.0255125 0.00325 0.00289028 -0.0348805 0.00325 0.00537981 -0.0249624 0.00325 -0.0140593 -0.0320521 0.00325 -0.00747739 -0.0244162 0.00325 -0.00859199 -0.033929 0.00325 0.00859199 -0.033929 0.00325 0.00952109 -0.0236941 0.00325 -0.0184355 -0.017669 0.00325 -0.0237049 -0.0257503 0.00325 0.0140593 -0.0320521 0.00325 0.0237049 -0.0257503 0.00325 0.0198676 -0.0160419 0.00325 -0.0276199 -0.0214974 0.00325 -0.0247116 -0.00643439 0.00325 -0.0331036 -0.0113645 0.00325 0.0276199 -0.0214974 0.00325 0.0222929 -0.0124536 0.00325 0.0307816 -0.0166582 0.00325 0.0240769 -0.0085069 0.00325 -0.0345226 -0.00576081 0.00325 -0.0345226 0.00576081 0.00325 -0.0247116 0.00643439 0.00325 -0.0232687 0.0105181 0.00325 -0.0307816 0.0166582 0.00325 -0.0331036 0.0113645 0.00325 0.035 6.4294e-18 0.00325 0.0345226 0.00576081 0.00325 0.0255355 3.35247e-18 0.00325 -0.00196273 0.0236866 0.00251777 0.00085868 0.020214 -0.00101777 0.00196273 0.0236866 0.00251777 -0.0201593 -0.00171581 -0.00101777 -0.0201593 0.00171581 -0.00101777 -0.0237678 -4.29183e-18 0.00251777 0.00426251 0.0197781 -0.00101777 0.00583464 0.0230405 0.00251777 0.0095474 0.0217659 0.00251777 0.00754372 0.0187733 -0.00101777 0.0106079 0.0172283 -0.00101777 0.0129997 0.0198976 0.00251777 0.0133669 0.0151878 -0.00101777 0.0160975 0.0174865 0.00251777 0.0187561 0.0145985 0.00251777 0.0157414 0.0127103 -0.00101777 0.017663 0.00986716 -0.00101777 0.0209031 0.0113122 0.00251777 0.0190765 0.00674016 -0.00101777 0.02248 0.00771738 0.00251777 0.0234436 0.00391205 0.00251777 0.0199412 0.00341926 -0.00101777 0.0202322 3.35247e-18 -0.00101777 0.0237678 3.35247e-18 0.00251777 -0.00256985 0.0200684 -0.00101777 -0.00583464 0.0230405 0.00251777 -0.0095474 0.0217659 0.00251777 -0.00592446 0.0193454 -0.00101777 -0.0129997 0.0198976 0.00251777 -0.00910863 0.0180659 -0.00101777 -0.0120308 0.0162667 -0.00101777 -0.0160975 0.0174865 0.00251777 -0.0187561 0.0145985 0.00251777 -0.0146068 0.0139995 -0.00101777 -0.0209031 0.0113122 0.00251777 -0.0167626 0.0113295 -0.00101777 -0.0184362 0.00833368 -0.00101777 -0.02248 0.00771738 0.00251777 -0.0234436 0.00391205 0.00251777 -0.0195794 0.00509808 -0.00101777 -0.0167626 -0.0113295 -0.00101777 -0.0184362 -0.00833368 -0.00101777 -0.0209031 -0.0113122 0.00251777 -0.0195794 -0.00509808 -0.00101777 -0.0234436 -0.00391205 0.00251777 -0.02248 -0.00771738 0.00251777 -0.0129997 -0.0198976 0.00251777 -0.00910863 -0.0180659 -0.00101777 -0.0120308 -0.0162667 -0.00101777 -0.0187561 -0.0145985 0.00251777 -0.0160975 -0.0174865 0.00251777 -0.0146068 -0.0139995 -0.00101777 -0.00256985 -0.0200684 -0.00101777 -0.00196273 -0.0236866 0.00251777 0.00085868 -0.020214 -0.00101777 -0.00592446 -0.0193454 -0.00101777 -0.0095474 -0.0217659 0.00251777 -0.00583464 -0.0230405 0.00251777 0.0106079 -0.0172283 -0.00101777 0.00754372 -0.0187733 -0.00101777 0.0095474 -0.0217659 0.00251777 0.00583464 -0.0230405 0.00251777 0.00426251 -0.0197781 -0.00101777 0.00196273 -0.0236866 0.00251777 0.0187561 -0.0145985 0.00251777 0.0157414 -0.0127103 -0.00101777 0.0160975 -0.0174865 0.00251777 0.0129997 -0.0198976 0.00251777 0.0133669 -0.0151878 -0.00101777 0.017663 -0.00986716 -0.00101777 0.0209031 -0.0113122 0.00251777 0.02248 -0.00771738 0.00251777 0.0190765 -0.00674016 -0.00101777 0.0234436 -0.00391205 0.00251777 0.0199412 -0.00341926 -0.00101777 -0.0395 5.77115e-18 -0.00666421 -0.0389274 0.0067011 -0.00666421 -0.0395 2.33127e-17 -0.00795 -0.0389274 0.0067011 -0.00795 -0.0372263 0.0132079 -0.00666421 -0.034446 0.0193319 -0.00666421 -0.0372263 0.0132079 -0.00795 -0.0306671 0.0248953 -0.00666421 -0.034446 0.0193319 -0.00795 -0.0306671 0.0248953 -0.00795 -0.0259991 0.0297371 -0.00666421 -0.0205774 0.0337167 -0.00666421 -0.0259991 0.0297371 -0.00795 -0.0145592 0.0367189 -0.00666421 -0.0205774 0.0337167 -0.00795 -0.0145592 0.0367189 -0.00795 -0.00811884 0.0386566 -0.00666421 -0.00144313 0.0394736 -0.00666421 -0.00811884 0.0386566 -0.00795 0.00527441 0.0391463 -0.00666421 -0.00144313 0.0394736 -0.00795 0.00527441 0.0391463 -0.00795 0.011839 0.037684 -0.00666421 0.0180605 0.0351293 -0.00666421 0.011839 0.037684 -0.00795 0.0237583 0.0315562 -0.00666421 0.0180605 0.0351293 -0.00795 0.0237583 0.0315562 -0.00795 0.0287674 0.0270682 -0.00666421 0.0329424 0.0217955 -0.00666421 0.0287674 0.0270682 -0.00795 0.0329424 0.0217955 -0.00795 -0.0389274 -0.0067011 -0.00795 -0.0372263 -0.0132079 -0.00795 -0.0389274 -0.0067011 -0.00666421 -0.0372263 -0.0132079 -0.00666421 -0.034446 -0.0193319 -0.00795 -0.0306671 -0.0248953 -0.00795 -0.034446 -0.0193319 -0.00666421 -0.0259991 -0.0297371 -0.00795 -0.0306671 -0.0248953 -0.00666421 -0.0259991 -0.0297371 -0.00666421 -0.0205774 -0.0337167 -0.00795 -0.0145592 -0.0367189 -0.00795 -0.0205774 -0.0337167 -0.00666421 -0.00811884 -0.0386566 -0.00795 -0.0145592 -0.0367189 -0.00666421 -0.00811884 -0.0386566 -0.00666421 -0.00144313 -0.0394736 -0.00795 0.00527441 -0.0391463 -0.00795 -0.00144313 -0.0394736 -0.00666421 0.011839 -0.037684 -0.00795 0.00527441 -0.0391463 -0.00666421 0.011839 -0.037684 -0.00666421 0.0180605 -0.0351293 -0.00795 0.0237583 -0.0315562 -0.00795 0.0180605 -0.0351293 -0.00666421 0.0287674 -0.0270682 -0.00795 0.0237583 -0.0315562 -0.00666421 0.0287674 -0.0270682 -0.00666421 0.0329424 -0.0217955 -0.00795 0.0329424 -0.0217955 -0.00666421 0.00909791 0.022641 0.00297752 0.00897319 0.0223306 0.00277254 0.012618 0.020493 0.00277254 -0.0250539 -0.0021324 0.00321922 -0.0250539 0.0021324 0.00321922 -0.0254435 -0.00216556 0.00325 -0.00736287 0.0240423 0.00321922 -0.00747739 0.0244162 0.00325 -0.0114962 0.0228013 0.00325 0.0127934 0.0207778 0.00297752 0.0158998 0.0180657 0.00277254 0.0166123 0.0188752 0.00321922 0.0195633 0.0157962 0.00321922 0.0168707 0.0191688 0.00325 0.0187243 0.0151188 0.00277254 0.0161208 0.0183168 0.00297752 0.0198676 0.0160419 0.00325 0.0219515 0.0122628 0.00321922 0.02101 0.0117369 0.00277254 0.0189845 0.0153289 0.00297752 0.0237081 0.00837662 0.00321922 0.0222929 0.0124536 0.00325 0.021302 0.0119 0.00297752 0.0226914 0.00801737 0.00277254 0.0251444 -2.51389e-17 0.00321922 0.0255355 3.35247e-18 0.00325 0.0251682 0.00431553 0.00325 0.0230067 0.0081288 0.00297752 0.0237199 0.00406719 0.00277254 0.0247828 0.00424943 0.00321922 0.0240769 0.0085069 0.00325 0.0244068 0.00418497 0.00312764 0.024763 -2.47067e-17 0.00312764 0.0244006 -2.4296e-17 0.00297752 0.0240496 0.00412371 0.00297752 0.0198676 -0.0160419 0.00325 0.0166123 -0.0188752 0.00321922 0.0168707 -0.0191688 0.00325 0.0237678 3.35247e-18 0.00251777 0.0240661 -2.3917e-17 0.00277254 0.00514069 0.0238529 0.00297752 0.00507022 0.0235259 0.00277254 0.00952109 0.0236941 0.00325 0.00937527 0.0233313 0.00321922 0.0131834 0.0214112 0.00321922 0.00103559 0.0243786 0.00297752 0.00102139 0.0240444 0.00277254 0.00537981 0.0249624 0.00325 0.00529741 0.0245801 0.00321922 0.00108376 0.0255125 0.00325 0.00106716 0.0251218 0.00321922 -0.00324347 0.0253287 0.00325 -0.00319379 0.0249408 0.00321922 -0.00305682 0.0238711 0.00277254 -0.00309931 0.0242029 0.00297752 -0.00714504 0.023331 0.00297752 -0.00704709 0.0230112 0.00277254 -0.0247116 -0.00643439 0.00325 -0.0109852 0.0217879 0.00297752 -0.0108346 0.0214892 0.00277254 -0.0113201 0.0224521 0.00321922 -0.0151843 0.0205305 0.00325 -0.0149517 0.0202161 0.00321922 -0.0143105 0.0193491 0.00277254 -0.0145094 0.019618 0.00297752 -0.0181532 0.0173984 0.00321922 -0.0184355 0.017669 0.00325 -0.0176161 0.0168837 0.00297752 -0.0173746 0.0166523 0.00277254 -0.0211564 0.0142993 0.00325 -0.0208324 0.0140803 0.00321922 -0.0229123 0.010357 0.00321922 -0.0232687 0.0105181 0.00325 -0.0202161 0.0136637 0.00297752 -0.0247116 0.00643439 0.00325 -0.0243331 0.00633585 0.00321922 -0.0222345 0.0100506 0.00297752 -0.019939 0.0134764 0.00277254 -0.0254435 0.00216556 0.00325 -0.0236132 0.0061484 0.00297752 -0.0219297 0.00991284 0.00277254 -0.0239794 -0.00204095 0.00277254 -0.0243127 -0.00206931 0.00297752 -0.0236132 -0.0061484 0.00297752 -0.019939 -0.0134764 0.00277254 -0.0202161 -0.0136637 0.00297752 -0.0176161 -0.0168837 0.00297752 -0.0181532 -0.0173984 0.00321922 -0.0184355 -0.017669 0.00325 -0.0151843 -0.0205305 0.00325 -0.0109852 -0.0217879 0.00297752 -0.00714504 -0.023331 0.00297752 -0.0108346 -0.0214892 0.00277254 0.00537981 -0.0249624 0.00325 0.00106716 -0.0251218 0.00321922 0.00108376 -0.0255125 0.00325 0.00514069 -0.0238529 0.00297752 0.00102139 -0.0240444 0.00277254 0.00103559 -0.0243786 0.00297752 0.00529741 -0.0245801 0.00321922 0.00952109 -0.0236941 0.00325 0.0195633 -0.0157962 0.00321922 0.0131834 -0.0214112 0.00321922 0.00937527 -0.0233313 0.00321922 0.0133885 -0.0217443 0.00325 0.0234436 -0.00391205 0.00251777 0.0222929 -0.0124536 0.00325 0.0219515 -0.0122628 0.00321922 0.0187243 -0.0151188 0.00277254 0.0189845 -0.0153289 0.00297752 0.021302 -0.0119 0.00297752 0.0226914 -0.00801737 0.00277254 0.0237199 -0.00406719 0.00277254 0.02248 -0.00771738 0.00251777 0.0247828 -0.00424943 0.00321922 0.0251682 -0.00431553 0.00325 0.0209031 -0.0113122 0.00251777 0.02101 -0.0117369 0.00277254 0.0244068 -0.00418497 0.00312764 0.0240769 -0.0085069 0.00325 0.0237081 -0.00837662 0.00321922 0.0127934 -0.0207778 0.00297752 0.0161208 -0.0183168 0.00297752 0.012618 -0.020493 0.00277254 0.0158998 -0.0180657 0.00277254 0.00897319 -0.0223306 0.00277254 0.00909791 -0.022641 0.00297752 0.00507022 -0.0235259 0.00277254 -0.00305682 -0.0238711 0.00277254 -0.00309931 -0.0242029 0.00297752 -0.00319379 -0.0249408 0.00321922 -0.00736287 -0.0240423 0.00321922 -0.00324347 -0.0253287 0.00325 -0.00704709 -0.0230112 0.00277254 -0.0145094 -0.019618 0.00297752 -0.0143105 -0.0193491 0.00277254 -0.0113201 -0.0224521 0.00321922 -0.00747739 -0.0244162 0.00325 -0.0114962 -0.0228013 0.00325 -0.0173746 -0.0166523 0.00277254 -0.0219297 -0.00991284 0.00277254 -0.0222345 -0.0100506 0.00297752 -0.0208324 -0.0140803 0.00321922 -0.0211564 -0.0142993 0.00325 -0.0232895 -0.00606412 0.00277254 -0.0239794 0.00204095 0.00277254 -0.0243127 0.00206931 0.00297752 -0.0229123 -0.010357 0.00321922 -0.0232687 -0.0105181 0.00325 -0.0232895 0.00606412 0.00277254 0.0233485 0.00824954 0.00312764 0.0234436 0.00391205 0.00251777 0.0216184 0.0120768 0.00312764 0.02248 0.00771738 0.00251777 0.0192665 0.0155566 0.00312764 0.0209031 0.0113122 0.00251777 0.0187561 0.0145985 0.00251777 0.0133885 0.0217443 0.00325 0.0163603 0.0185889 0.00312764 0.0160975 0.0174865 0.00251777 0.0129834 0.0210864 0.00312764 0.0129997 0.0198976 0.00251777 0.00923304 0.0229773 0.00312764 0.0095474 0.0217659 0.00251777 0.00521705 0.0242072 0.00312764 0.00583464 0.0230405 0.00251777 0.00105097 0.0247407 0.00312764 0.00196273 0.0236866 0.00251777 -0.00314534 0.0245624 0.00312764 -0.00196273 0.0236866 0.00251777 -0.00725117 0.0236776 0.00312764 -0.00583464 0.0230405 0.00251777 -0.0111484 0.0221115 0.00312764 -0.0095474 0.0217659 0.00251777 -0.0147249 0.0199094 0.00312764 -0.0129997 0.0198976 0.00251777 -0.0178778 0.0171345 0.00312764 -0.0160975 0.0174865 0.00251777 -0.0205164 0.0138667 0.00312764 -0.0187561 0.0145985 0.00251777 -0.0225647 0.0101999 0.00312764 -0.0209031 0.0113122 0.00251777 -0.023964 0.00623973 0.00312764 -0.02248 0.00771738 0.00251777 -0.0246738 0.00210005 0.00312764 -0.0234436 0.00391205 0.00251777 -0.0243331 -0.00633585 0.00321922 -0.0246738 -0.00210005 0.00312764 -0.0237678 -4.29183e-18 0.00251777 -0.0234436 -0.00391205 0.00251777 -0.023964 -0.00623973 0.00312764 -0.02248 -0.00771738 0.00251777 -0.0225647 -0.0101999 0.00312764 -0.0209031 -0.0113122 0.00251777 -0.0205164 -0.0138667 0.00312764 -0.0187561 -0.0145985 0.00251777 -0.0178778 -0.0171345 0.00312764 -0.0149517 -0.0202161 0.00321922 -0.0160975 -0.0174865 0.00251777 -0.0147249 -0.0199094 0.00312764 -0.0129997 -0.0198976 0.00251777 -0.0111484 -0.0221115 0.00312764 -0.0095474 -0.0217659 0.00251777 -0.00725117 -0.0236776 0.00312764 -0.00583464 -0.0230405 0.00251777 -0.00314534 -0.0245624 0.00312764 -0.00196273 -0.0236866 0.00251777 0.00105097 -0.0247407 0.00312764 0.00196273 -0.0236866 0.00251777 0.00521705 -0.0242072 0.00312764 0.00583464 -0.0230405 0.00251777 0.00923304 -0.0229773 0.00312764 0.0095474 -0.0217659 0.00251777 0.0129834 -0.0210864 0.00312764 0.0230067 -0.0081288 0.00297752 0.0129997 -0.0198976 0.00251777 0.0163603 -0.0185889 0.00312764 0.0160975 -0.0174865 0.00251777 0.0192665 -0.0155566 0.00312764 0.0187561 -0.0145985 0.00251777 0.0216184 -0.0120768 0.00312764 0.0240496 -0.00412371 0.00297752 0.0233485 -0.00824954 0.00312764 -0.0184362 0.00833368 -0.00101777 -0.018204 0.00822874 -0.00131607 -0.0165515 0.0111869 -0.00131607 -0.0144228 0.0138232 -0.00131607 -0.0167626 0.0113295 -0.00101777 -0.0162573 0.010988 -0.00201299 -0.0141004 0.0135141 -0.00239445 -0.0141665 0.0135775 -0.00201299 -0.0118793 0.0160618 -0.00131607 -0.0146068 0.0139995 -0.00101777 -0.0116136 0.0157027 -0.00239445 -0.0116681 0.0157763 -0.00201299 -0.0120308 0.0162667 -0.00101777 -0.00899393 0.0178384 -0.00131607 -0.00879283 0.0174395 -0.00239445 -0.00883406 0.0175213 -0.00201299 -0.0195794 0.00509808 -0.00101777 -0.00574587 0.0187622 -0.00201299 -0.00571906 0.0186747 -0.00239445 -0.00584985 0.0191018 -0.00131607 -0.00253749 0.0198156 -0.00131607 -0.00592446 0.0193454 -0.00101777 -0.00249239 0.0194634 -0.00201299 -0.00248076 0.0193726 -0.00239445 -0.00256985 0.0200684 -0.00101777 0.000847867 0.0199595 -0.00131607 0.00082891 0.0195132 -0.00239445 0.000832797 0.0196047 -0.00201299 0.00420884 0.0195291 -0.00131607 0.00085868 0.020214 -0.00101777 0.00411473 0.0190924 -0.00239445 0.00413402 0.0191819 -0.00201299 0.00744872 0.0185369 -0.00131607 0.00426251 0.0197781 -0.00101777 0.00731632 0.0182074 -0.00201299 0.00728218 0.0181224 -0.00239445 0.00754372 0.0187733 -0.00101777 0.0104743 0.0170114 -0.00131607 0.0102401 0.016631 -0.00239445 0.0102881 0.016709 -0.00201299 0.0131986 0.0149965 -0.00131607 0.0106079 0.0172283 -0.00101777 0.0129035 0.0146612 -0.00239445 0.012964 0.01473 -0.00201299 -0.00910863 0.0180659 -0.00101777 0.0152669 0.0123272 -0.00201299 0.0151956 0.0122696 -0.00239445 0.0157414 0.0127103 -0.00101777 0.0155432 0.0125502 -0.00131607 0.0174406 0.0097429 -0.00131607 0.0170506 0.00952506 -0.00239445 0.0171306 0.00956973 -0.00201299 0.0133669 0.0151878 -0.00101777 0.0184151 0.00650648 -0.00239445 0.0185015 0.00653699 -0.00201299 0.0197725 -1.90519e-17 -0.00165056 0.0194881 0.00334157 -0.00165056 0.0196224 -1.88818e-17 -0.00201299 0.0192498 0.00330072 -0.00239445 0.0193401 0.00331619 -0.00201299 0.0199412 0.00341926 -0.00101777 0.0190765 0.00674016 -0.00101777 0.0196901 0.00337621 -0.00131607 0.0202322 3.35247e-18 -0.00101777 0.0199775 -1.92841e-17 -0.00131607 0.0195308 -1.8778e-17 -0.00239445 0.0190765 -0.00674016 -0.00101777 0.0174406 -0.0097429 -0.00131607 0.017663 -0.00986716 -0.00101777 0.0195 3.35247e-18 -0.00278553 -0.0199055 0.00169421 -0.00131607 -0.0201593 0.00171581 -0.00101777 -0.0201593 -0.00171581 -0.00101777 -0.0178805 0.00808247 -0.00201299 -0.0161814 0.0109367 -0.00239445 -0.0193328 0.00503388 -0.00131607 -0.0189892 0.0049444 -0.00201299 -0.017797 0.00804475 -0.00239445 -0.0195517 0.00166409 -0.00201299 -0.0189006 0.00492133 -0.00239445 -0.0194604 0.00165633 -0.00239445 -0.0195517 -0.00166409 -0.00201299 -0.0199055 -0.00169421 -0.00131607 -0.0189892 -0.0049444 -0.00201299 -0.0194604 -0.00165633 -0.00239445 -0.018204 -0.00822874 -0.00131607 -0.0184362 -0.00833368 -0.00101777 -0.0167626 -0.0113295 -0.00101777 -0.0178805 -0.00808247 -0.00201299 -0.0189006 -0.00492133 -0.00239445 -0.0193328 -0.00503388 -0.00131607 -0.017797 -0.00804475 -0.00239445 -0.0162573 -0.010988 -0.00201299 -0.0120308 -0.0162667 -0.00101777 -0.0144228 -0.0138232 -0.00131607 -0.0146068 -0.0139995 -0.00101777 -0.0141665 -0.0135775 -0.00201299 -0.0161814 -0.0109367 -0.00239445 -0.00910863 -0.0180659 -0.00101777 -0.0118793 -0.0160618 -0.00131607 -0.0116681 -0.0157763 -0.00201299 -0.0141004 -0.0135141 -0.00239445 -0.00592446 -0.0193454 -0.00101777 -0.00899393 -0.0178384 -0.00131607 -0.00883406 -0.0175213 -0.00201299 -0.0116136 -0.0157027 -0.00239445 -0.00574587 -0.0187622 -0.00201299 -0.00879283 -0.0174395 -0.00239445 -0.00256985 -0.0200684 -0.00101777 0.00085868 -0.020214 -0.00101777 -0.00253749 -0.0198156 -0.00131607 -0.00249239 -0.0194634 -0.00201299 -0.00571906 -0.0186747 -0.00239445 0.00426251 -0.0197781 -0.00101777 0.000847867 -0.0199595 -0.00131607 -0.00248076 -0.0193726 -0.00239445 0.000832797 -0.0196047 -0.00201299 0.00413402 -0.0191819 -0.00201299 0.00082891 -0.0195132 -0.00239445 0.00420884 -0.0195291 -0.00131607 0.00731632 -0.0182074 -0.00201299 0.00411473 -0.0190924 -0.00239445 0.0104743 -0.0170114 -0.00131607 0.0106079 -0.0172283 -0.00101777 0.0133669 -0.0151878 -0.00101777 0.00728218 -0.0181224 -0.00239445 0.0102881 -0.016709 -0.00201299 0.0157414 -0.0127103 -0.00101777 0.0131986 -0.0149965 -0.00131607 0.012964 -0.01473 -0.00201299 0.0102401 -0.016631 -0.00239445 0.0152669 -0.0123272 -0.00201299 0.0129035 -0.0146612 -0.00239445 0.0155432 -0.0125502 -0.00131607 0.0196901 -0.00337621 -0.00131607 0.0199412 -0.00341926 -0.00101777 0.0194881 -0.00334157 -0.00165056 0.018643 -0.006587 -0.00165056 0.0170238 -0.00951005 -0.00278553 0.0151717 -0.0122503 -0.00278553 0.0170506 -0.00952506 -0.00239445 0.0151956 -0.0122696 -0.00239445 0.0171306 -0.00956973 -0.00201299 0.0192195 -0.00329552 -0.00278553 0.0183861 -0.00649623 -0.00278553 0.0184151 -0.00650648 -0.00239445 0.0192498 -0.00330072 -0.00239445 0.0193401 -0.00331619 -0.00201299 0.017663 0.00986716 -0.00101777 0.0188363 0.00665529 -0.00131607 0.018643 0.006587 -0.00165056 0.0192195 0.00329552 -0.00278553 0.0183861 0.00649623 -0.00278553 0.0172617 0.00964294 -0.00165056 0.0153837 0.0124215 -0.00165056 0.0170238 0.00951005 -0.00278553 0.0151717 0.0122503 -0.00278553 0.0130632 0.0148427 -0.00165056 0.0103669 0.0168368 -0.00165056 0.0128832 0.0146381 -0.00278553 0.0073723 0.0183467 -0.00165056 0.010224 0.0166048 -0.00278553 0.00416565 0.0193287 -0.00165056 0.0072707 0.0180938 -0.00278553 0.000839168 0.0197547 -0.00165056 0.00410825 0.0190623 -0.00278553 -0.00251146 0.0196123 -0.00165056 0.000827603 0.0194824 -0.00278553 -0.00247685 0.0193421 -0.00278553 -0.00578983 0.0189058 -0.00165056 -0.00890165 0.0176554 -0.00165056 -0.00571004 0.0186453 -0.00278553 -0.00877897 0.0174121 -0.00278553 -0.0117574 0.015897 -0.00165056 -0.0142749 0.0136813 -0.00165056 -0.0115953 0.0156779 -0.00278553 -0.0140781 0.0134928 -0.00278553 -0.0163817 0.0110721 -0.00165056 -0.0180172 0.00814431 -0.00165056 -0.0161559 0.0109195 -0.00278553 -0.017769 0.00803207 -0.00278553 -0.0191345 0.00498223 -0.00165056 -0.0188708 0.00491357 -0.00278553 -0.0197013 0.00167682 -0.00165056 -0.0195794 -0.00509808 -0.00101777 -0.0194298 0.00165372 -0.00278553 -0.0197013 -0.00167682 -0.00165056 -0.0194298 -0.00165372 -0.00278553 -0.0191345 -0.00498223 -0.00165056 -0.0188708 -0.00491357 -0.00278553 -0.0165515 -0.0111869 -0.00131607 -0.0180172 -0.00814431 -0.00165056 -0.017769 -0.00803207 -0.00278553 -0.0163817 -0.0110721 -0.00165056 -0.0161559 -0.0109195 -0.00278553 -0.0142749 -0.0136813 -0.00165056 -0.0140781 -0.0134928 -0.00278553 -0.0117574 -0.015897 -0.00165056 -0.0115953 -0.0156779 -0.00278553 -0.00584985 -0.0191018 -0.00131607 -0.00890165 -0.0176554 -0.00165056 -0.00578983 -0.0189058 -0.00165056 -0.00877897 -0.0174121 -0.00278553 -0.00571004 -0.0186453 -0.00278553 -0.00251146 -0.0196123 -0.00165056 -0.00247685 -0.0193421 -0.00278553 0.00754372 -0.0187733 -0.00101777 0.000839168 -0.0197547 -0.00165056 0.000827603 -0.0194824 -0.00278553 0.00744872 -0.0185369 -0.00131607 0.00416565 -0.0193287 -0.00165056 0.00410825 -0.0190623 -0.00278553 0.0073723 -0.0183467 -0.00165056 0.0072707 -0.0180938 -0.00278553 0.0103669 -0.0168368 -0.00165056 0.010224 -0.0166048 -0.00278553 0.0130632 -0.0148427 -0.00165056 0.0128832 -0.0146381 -0.00278553 0.0153837 -0.0124215 -0.00165056 0.0188363 -0.00665529 -0.00131607 0.0172617 -0.00964294 -0.00165056 0.0185015 -0.00653699 -0.00201299 -0.0256209 -0.0248283 -0.00795 -0.0256765 -0.0246149 -0.00545 -0.0256209 -0.0248283 -0.00545 -0.0256952 -0.0243952 -0.00545 -0.0256765 -0.0246149 -0.00795 -0.0256952 -0.0243952 -0.00795 -0.0254066 -0.0252119 -0.00545 -0.0252541 -0.0253711 -0.00545 -0.0252541 -0.0253711 -0.00795 -0.0254066 -0.0252119 -0.00795 -0.0255301 -0.0250292 -0.00795 -0.0255301 -0.0250292 -0.00545 -0.0246691 -0.025666 -0.00795 -0.0248799 -0.0256014 -0.00545 -0.0246691 -0.025666 -0.00545 -0.0248799 -0.0256014 -0.00795 -0.0250768 -0.0255022 -0.00795 -0.0250768 -0.0255022 -0.00545 -0.0240145 -0.0256382 -0.00545 -0.0240145 -0.0256382 -0.00795 -0.0242301 -0.0256847 -0.00545 -0.0244504 -0.025694 -0.00545 -0.0242301 -0.0256847 -0.00795 -0.0244504 -0.025694 -0.00795 -0.0236222 -0.0254404 -0.00545 -0.0234566 -0.0252947 -0.00545 -0.0234566 -0.0252947 -0.00795 -0.0238099 -0.025556 -0.00795 -0.0238099 -0.025556 -0.00545 -0.0236222 -0.0254404 -0.00795 -0.0231371 -0.0247228 -0.00795 -0.0232106 -0.0249307 -0.00545 -0.0231371 -0.0247228 -0.00545 -0.0232106 -0.0249307 -0.00795 -0.0233181 -0.0251232 -0.00795 -0.0233181 -0.0251232 -0.00545 -0.0231371 -0.0240676 -0.00545 -0.0231371 -0.0240676 -0.00795 -0.0230999 -0.0242849 -0.00545 -0.0230999 -0.0245054 -0.00545 -0.0230999 -0.0242849 -0.00795 -0.0230999 -0.0245054 -0.00795 -0.0233181 -0.0236672 -0.00545 -0.0234566 -0.0234957 -0.00545 -0.0234566 -0.0234957 -0.00795 -0.0232106 -0.0238597 -0.00795 -0.0232106 -0.0238597 -0.00545 -0.0233181 -0.0236672 -0.00795 -0.0240145 -0.0231522 -0.00795 -0.0238099 -0.0232344 -0.00545 -0.0240145 -0.0231522 -0.00545 -0.0238099 -0.0232344 -0.00795 -0.0236222 -0.02335 -0.00795 -0.0236222 -0.02335 -0.00545 -0.0246691 -0.0231244 -0.00795 -0.0244504 -0.0230964 -0.00795 -0.0244504 -0.0230964 -0.00545 -0.0242301 -0.0231057 -0.00545 -0.0242301 -0.0231057 -0.00795 -0.0246691 -0.0231244 -0.00545 -0.0248799 -0.0231889 -0.00795 -0.0248799 -0.0231889 -0.00545 -0.0250768 -0.0232882 -0.00795 -0.0252541 -0.0234193 -0.00795 -0.0250768 -0.0232882 -0.00545 -0.0252541 -0.0234193 -0.00545 -0.0254066 -0.0235785 -0.00795 -0.0254066 -0.0235785 -0.00545 -0.0255301 -0.0237612 -0.00795 -0.0256209 -0.0239621 -0.00795 -0.0255301 -0.0237612 -0.00545 -0.0256209 -0.0239621 -0.00545 -0.0256765 -0.0241755 -0.00795 -0.0256765 -0.0241755 -0.00545 0.0231694 -0.0248283 -0.00795 0.0231139 -0.0246149 -0.00545 0.0231694 -0.0248283 -0.00545 0.0230952 -0.0243952 -0.00545 0.0231139 -0.0246149 -0.00795 0.0230952 -0.0243952 -0.00795 0.0233837 -0.0252119 -0.00545 0.0235363 -0.0253711 -0.00545 0.0235363 -0.0253711 -0.00795 0.0233837 -0.0252119 -0.00795 0.0232603 -0.0250292 -0.00795 0.0232603 -0.0250292 -0.00545 0.0241213 -0.025666 -0.00795 0.0239105 -0.0256014 -0.00545 0.0241213 -0.025666 -0.00545 0.0239105 -0.0256014 -0.00795 0.0237136 -0.0255022 -0.00795 0.0237136 -0.0255022 -0.00545 0.0247759 -0.0256382 -0.00545 0.0247759 -0.0256382 -0.00795 0.0245603 -0.0256847 -0.00545 0.02434 -0.025694 -0.00545 0.0245603 -0.0256847 -0.00795 0.02434 -0.025694 -0.00795 0.0251682 -0.0254404 -0.00545 0.0253337 -0.0252947 -0.00545 0.0253337 -0.0252947 -0.00795 0.0249805 -0.025556 -0.00795 0.0249805 -0.025556 -0.00545 0.0251682 -0.0254404 -0.00795 0.0256532 -0.0247228 -0.00795 0.0255798 -0.0249307 -0.00545 0.0256532 -0.0247228 -0.00545 0.0255798 -0.0249307 -0.00795 0.0254722 -0.0251232 -0.00795 0.0254722 -0.0251232 -0.00545 0.0256532 -0.0240676 -0.00545 0.0256532 -0.0240676 -0.00795 0.0256905 -0.0242849 -0.00545 0.0256905 -0.0245054 -0.00545 0.0256905 -0.0242849 -0.00795 0.0256905 -0.0245054 -0.00795 0.0254722 -0.0236672 -0.00545 0.0253337 -0.0234957 -0.00545 0.0253337 -0.0234957 -0.00795 0.0255798 -0.0238597 -0.00795 0.0255798 -0.0238597 -0.00545 0.0254722 -0.0236672 -0.00795 0.0247759 -0.0231522 -0.00795 0.0249805 -0.0232344 -0.00545 0.0247759 -0.0231522 -0.00545 0.0249805 -0.0232344 -0.00795 0.0251682 -0.02335 -0.00795 0.0251682 -0.02335 -0.00545 0.0241213 -0.0231244 -0.00795 0.02434 -0.0230964 -0.00795 0.02434 -0.0230964 -0.00545 0.0245603 -0.0231057 -0.00545 0.0245603 -0.0231057 -0.00795 0.0241213 -0.0231244 -0.00545 0.0239105 -0.0231889 -0.00795 0.0239105 -0.0231889 -0.00545 0.0237136 -0.0232882 -0.00795 0.0235363 -0.0234193 -0.00795 0.0237136 -0.0232882 -0.00545 0.0235363 -0.0234193 -0.00545 0.0233837 -0.0235785 -0.00795 0.0233837 -0.0235785 -0.00545 0.0232603 -0.0237612 -0.00795 0.0231694 -0.0239621 -0.00795 0.0232603 -0.0237612 -0.00545 0.0231694 -0.0239621 -0.00545 0.0231139 -0.0241755 -0.00795 0.0231139 -0.0241755 -0.00545 0.0231694 0.0239621 -0.00795 0.0231139 0.0241755 -0.00545 0.0231694 0.0239621 -0.00545 0.0230952 0.0243952 -0.00545 0.0231139 0.0241755 -0.00795 0.0230952 0.0243952 -0.00795 0.0233837 0.0235785 -0.00545 0.0235363 0.0234193 -0.00545 0.0235363 0.0234193 -0.00795 0.0233837 0.0235785 -0.00795 0.0232603 0.0237612 -0.00795 0.0232603 0.0237612 -0.00545 0.0241213 0.0231244 -0.00795 0.0239105 0.0231889 -0.00545 0.0241213 0.0231244 -0.00545 0.0239105 0.0231889 -0.00795 0.0237136 0.0232882 -0.00795 0.0237136 0.0232882 -0.00545 0.0247759 0.0231522 -0.00545 0.0247759 0.0231522 -0.00795 0.0245603 0.0231057 -0.00545 0.02434 0.0230964 -0.00545 0.0245603 0.0231057 -0.00795 0.02434 0.0230964 -0.00795 0.0251682 0.02335 -0.00545 0.0253337 0.0234957 -0.00545 0.0253337 0.0234957 -0.00795 0.0249805 0.0232344 -0.00795 0.0249805 0.0232344 -0.00545 0.0251682 0.02335 -0.00795 0.0256532 0.0240676 -0.00795 0.0255798 0.0238597 -0.00545 0.0256532 0.0240676 -0.00545 0.0255798 0.0238597 -0.00795 0.0254722 0.0236672 -0.00795 0.0254722 0.0236672 -0.00545 0.0256532 0.0247228 -0.00545 0.0256532 0.0247228 -0.00795 0.0256905 0.0245054 -0.00545 0.0256905 0.0242849 -0.00545 0.0256905 0.0245054 -0.00795 0.0256905 0.0242849 -0.00795 0.0254722 0.0251232 -0.00545 0.0253337 0.0252947 -0.00545 0.0253337 0.0252947 -0.00795 0.0255798 0.0249307 -0.00795 0.0255798 0.0249307 -0.00545 0.0254722 0.0251232 -0.00795 0.0247759 0.0256382 -0.00795 0.0249805 0.025556 -0.00545 0.0247759 0.0256382 -0.00545 0.0249805 0.025556 -0.00795 0.0251682 0.0254404 -0.00795 0.0251682 0.0254404 -0.00545 0.0241213 0.025666 -0.00795 0.02434 0.025694 -0.00795 0.02434 0.025694 -0.00545 0.0245603 0.0256847 -0.00545 0.0245603 0.0256847 -0.00795 0.0241213 0.025666 -0.00545 0.0239105 0.0256014 -0.00795 0.0239105 0.0256014 -0.00545 0.0237136 0.0255022 -0.00795 0.0235363 0.0253711 -0.00795 0.0237136 0.0255022 -0.00545 0.0235363 0.0253711 -0.00545 0.0233837 0.0252119 -0.00795 0.0233837 0.0252119 -0.00545 0.0232603 0.0250292 -0.00795 0.0231694 0.0248283 -0.00795 0.0232603 0.0250292 -0.00545 0.0231694 0.0248283 -0.00545 0.0231139 0.0246149 -0.00795 0.0231139 0.0246149 -0.00545 -0.0256209 0.0239621 -0.00795 -0.0256765 0.0241755 -0.00545 -0.0256209 0.0239621 -0.00545 -0.0256952 0.0243952 -0.00545 -0.0256765 0.0241755 -0.00795 -0.0256952 0.0243952 -0.00795 -0.0254066 0.0235785 -0.00545 -0.0252541 0.0234193 -0.00545 -0.0252541 0.0234193 -0.00795 -0.0254066 0.0235785 -0.00795 -0.0255301 0.0237612 -0.00795 -0.0255301 0.0237612 -0.00545 -0.0246691 0.0231244 -0.00795 -0.0248799 0.0231889 -0.00545 -0.0246691 0.0231244 -0.00545 -0.0248799 0.0231889 -0.00795 -0.0250768 0.0232882 -0.00795 -0.0250768 0.0232882 -0.00545 -0.0240145 0.0231522 -0.00545 -0.0240145 0.0231522 -0.00795 -0.0242301 0.0231057 -0.00545 -0.0244504 0.0230964 -0.00545 -0.0242301 0.0231057 -0.00795 -0.0244504 0.0230964 -0.00795 -0.0236222 0.02335 -0.00545 -0.0234566 0.0234957 -0.00545 -0.0234566 0.0234957 -0.00795 -0.0238099 0.0232344 -0.00795 -0.0238099 0.0232344 -0.00545 -0.0236222 0.02335 -0.00795 -0.0231371 0.0240676 -0.00795 -0.0232106 0.0238597 -0.00545 -0.0231371 0.0240676 -0.00545 -0.0232106 0.0238597 -0.00795 -0.0233181 0.0236672 -0.00795 -0.0233181 0.0236672 -0.00545 -0.0231371 0.0247228 -0.00545 -0.0231371 0.0247228 -0.00795 -0.0230999 0.0245054 -0.00545 -0.0230999 0.0242849 -0.00545 -0.0230999 0.0245054 -0.00795 -0.0230999 0.0242849 -0.00795 -0.0233181 0.0251232 -0.00545 -0.0234566 0.0252947 -0.00545 -0.0234566 0.0252947 -0.00795 -0.0232106 0.0249307 -0.00795 -0.0232106 0.0249307 -0.00545 -0.0233181 0.0251232 -0.00795 -0.0240145 0.0256382 -0.00795 -0.0238099 0.025556 -0.00545 -0.0240145 0.0256382 -0.00545 -0.0238099 0.025556 -0.00795 -0.0236222 0.0254404 -0.00795 -0.0236222 0.0254404 -0.00545 -0.0246691 0.025666 -0.00795 -0.0244504 0.025694 -0.00795 -0.0244504 0.025694 -0.00545 -0.0242301 0.0256847 -0.00545 -0.0242301 0.0256847 -0.00795 -0.0246691 0.025666 -0.00545 -0.0248799 0.0256014 -0.00795 -0.0248799 0.0256014 -0.00545 -0.0250768 0.0255022 -0.00795 -0.0252541 0.0253711 -0.00795 -0.0250768 0.0255022 -0.00545 -0.0252541 0.0253711 -0.00545 -0.0254066 0.0252119 -0.00795 -0.0254066 0.0252119 -0.00545 -0.0255301 0.0250292 -0.00795 -0.0256209 0.0248283 -0.00795 -0.0255301 0.0250292 -0.00545 -0.0256209 0.0248283 -0.00545 -0.0256765 0.0246149 -0.00795 -0.0256765 0.0246149 -0.00545 -0.0254066 0.0235785 -0.00545 -0.0298348 0.024649 -0.00545 -0.0243952 0.0215084 -0.00545 -0.0231371 0.0240676 -0.00545 -0.0232106 0.0238597 -0.00545 -0.0218952 0.0229518 -0.00545 -0.0250768 0.0255022 -0.00545 -0.0248799 0.0256014 -0.00545 -0.0263058 0.028385 -0.0054502 -0.0242301 0.0231057 -0.00545 -0.0240145 0.0231522 -0.00545 -0.0256209 0.0239621 -0.00545 -0.0256765 0.0241755 -0.00545 -0.0256952 0.0243952 -0.00545 -0.0255301 0.0237612 -0.00545 -0.0250768 0.0232882 -0.00545 -0.0252541 0.0234193 -0.00545 -0.0246691 0.0231244 -0.00545 -0.0248799 0.0231889 -0.00545 -0.0244504 0.0230964 -0.00545 -0.0238099 0.0232344 -0.00545 -0.0234566 0.0234957 -0.00545 -0.0236222 0.02335 -0.00545 -0.0233181 0.0236672 -0.00545 -0.0218952 0.0258386 -0.00545 -0.0230999 0.0242849 -0.00545 -0.0231371 0.0247228 -0.00545 -0.0230999 0.0245054 -0.00545 -0.0236222 0.0254404 -0.00545 -0.0238099 0.025556 -0.00545 -0.0233181 0.0251232 -0.00545 -0.0232106 0.0249307 -0.00545 -0.0234566 0.0252947 -0.00545 -0.0240145 0.0256382 -0.00545 -0.0244504 0.025694 -0.00545 -0.0242301 0.0256847 -0.00545 -0.0246691 0.025666 -0.00545 -0.0252541 0.0253711 -0.00545 -0.0254066 0.0252119 -0.00545 -0.0256209 0.0248283 -0.00545 -0.0255301 0.0250292 -0.00545 -0.0256765 0.0246149 -0.00545 -0.02426 0.0272039 -0.0032 -0.0218952 0.0258386 -0.00545 -0.0218952 0.0258386 -0.0032 -0.0263058 0.028385 -0.0054502 -0.0218952 0.0258386 -0.0032 -0.0218952 0.0229518 -0.00545 -0.0218952 0.0229518 -0.0032 -0.0218952 0.0258386 -0.00545 -0.0218952 0.0229518 -0.00545 -0.0243952 0.0215084 -0.0032 -0.0218952 0.0229518 -0.0032 -0.0243952 0.0215084 -0.00545 -0.0278569 0.0235071 -0.0031998 -0.0243952 0.0215084 -0.0032 -0.0243952 0.0215084 -0.00545 -0.0298348 0.024649 -0.00545 -0.0218952 0.0229518 -0.0032 -0.02426 0.0272039 -0.0032 -0.0218952 0.0258386 -0.0032 -0.0243952 0.0215084 -0.0032 -0.0278569 0.0235071 -0.0031998 0.0218952 0.0229518 -0.00545 0.0230952 0.0243952 -0.00545 0.0218952 0.0258386 -0.00545 0.029835 0.0246491 -0.0054502 0.0256532 0.0247228 -0.00545 0.0256905 0.0245054 -0.00545 0.0243952 0.0215084 -0.00545 0.0251682 0.02335 -0.00545 0.0249805 0.0232344 -0.00545 0.0235363 0.0234193 -0.00545 0.0233837 0.0235785 -0.00545 0.0231139 0.0241755 -0.00545 0.0241213 0.025666 -0.00545 0.02434 0.025694 -0.00545 0.0263056 0.0283849 -0.00545 0.0232603 0.0237612 -0.00545 0.0231694 0.0239621 -0.00545 0.0239105 0.0231889 -0.00545 0.0237136 0.0232882 -0.00545 0.0241213 0.0231244 -0.00545 0.0245603 0.0231057 -0.00545 0.02434 0.0230964 -0.00545 0.0247759 0.0231522 -0.00545 0.0253337 0.0234957 -0.00545 0.0255798 0.0238597 -0.00545 0.0254722 0.0236672 -0.00545 0.0256905 0.0242849 -0.00545 0.0256532 0.0240676 -0.00545 0.0254722 0.0251232 -0.00545 0.0255798 0.0249307 -0.00545 0.0253337 0.0252947 -0.00545 0.0249805 0.025556 -0.00545 0.0251682 0.0254404 -0.00545 0.0245603 0.0256847 -0.00545 0.0247759 0.0256382 -0.00545 0.0239105 0.0256014 -0.00545 0.0235363 0.0253711 -0.00545 0.0237136 0.0255022 -0.00545 0.0232603 0.0250292 -0.00545 0.0233837 0.0252119 -0.00545 0.0231139 0.0246149 -0.00545 0.0231694 0.0248283 -0.00545 0.0278571 0.0235072 -0.0032 0.0243952 0.0215084 -0.00545 0.0243952 0.0215084 -0.0032 0.029835 0.0246491 -0.0054502 0.0243952 0.0215084 -0.00545 0.0218952 0.0229518 -0.0032 0.0243952 0.0215084 -0.0032 0.0218952 0.0229518 -0.00545 0.0218952 0.0229518 -0.00545 0.0218952 0.0258386 -0.0032 0.0218952 0.0229518 -0.0032 0.0218952 0.0258386 -0.00545 0.0242599 0.0272038 -0.0031998 0.0218952 0.0258386 -0.0032 0.0218952 0.0258386 -0.00545 0.0263056 0.0283849 -0.00545 0.0218952 0.0229518 -0.0032 0.0218952 0.0258386 -0.0032 0.0242599 0.0272038 -0.0031998 0.0243952 0.0215084 -0.0032 0.0278571 0.0235072 -0.0032 0.0235363 -0.0253711 -0.00545 0.0218952 -0.0258386 -0.00545 0.0237136 -0.0255022 -0.00545 0.0254722 -0.0236672 -0.00545 0.0298348 -0.024649 -0.00545 0.0253337 -0.0234957 -0.00545 0.0218952 -0.0229518 -0.00545 0.0230952 -0.0243952 -0.00545 0.0263058 -0.028385 -0.0054502 0.0249805 -0.025556 -0.00545 0.0247759 -0.0256382 -0.00545 0.0231694 -0.0248283 -0.00545 0.0231139 -0.0246149 -0.00545 0.0233837 -0.0252119 -0.00545 0.0232603 -0.0250292 -0.00545 0.0241213 -0.025666 -0.00545 0.0239105 -0.0256014 -0.00545 0.02434 -0.025694 -0.00545 0.0245603 -0.0256847 -0.00545 0.0253337 -0.0252947 -0.00545 0.0251682 -0.0254404 -0.00545 0.0254722 -0.0251232 -0.00545 0.0256532 -0.0247228 -0.00545 0.0255798 -0.0249307 -0.00545 0.0256905 -0.0242849 -0.00545 0.0256905 -0.0245054 -0.00545 0.0255798 -0.0238597 -0.00545 0.0256532 -0.0240676 -0.00545 0.0251682 -0.02335 -0.00545 0.0243952 -0.0215084 -0.00545 0.02434 -0.0230964 -0.00545 0.0241213 -0.0231244 -0.00545 0.0247759 -0.0231522 -0.00545 0.0249805 -0.0232344 -0.00545 0.0245603 -0.0231057 -0.00545 0.0237136 -0.0232882 -0.00545 0.0239105 -0.0231889 -0.00545 0.0235363 -0.0234193 -0.00545 0.0232603 -0.0237612 -0.00545 0.0233837 -0.0235785 -0.00545 0.0231139 -0.0241755 -0.00545 0.0231694 -0.0239621 -0.00545 0.0278569 -0.0235071 -0.0031998 0.0243952 -0.0215084 -0.0032 0.0243952 -0.0215084 -0.00545 0.0298348 -0.024649 -0.00545 0.02426 -0.0272039 -0.0032 0.0218952 -0.0258386 -0.00545 0.0218952 -0.0258386 -0.0032 0.0263058 -0.028385 -0.0054502 0.0218952 -0.0258386 -0.00545 0.0218952 -0.0229518 -0.0032 0.0218952 -0.0258386 -0.0032 0.0218952 -0.0229518 -0.00545 0.0218952 -0.0229518 -0.00545 0.0243952 -0.0215084 -0.0032 0.0218952 -0.0229518 -0.0032 0.0243952 -0.0215084 -0.00545 0.02426 -0.0272039 -0.0032 0.0218952 -0.0258386 -0.0032 0.0218952 -0.0229518 -0.0032 0.0243952 -0.0215084 -0.0032 0.0278569 -0.0235071 -0.0031998 -0.0263056 -0.0283849 -0.00545 -0.0240145 -0.0256382 -0.00545 -0.0242301 -0.0256847 -0.00545 -0.0231371 -0.0247228 -0.00545 -0.0232106 -0.0249307 -0.00545 -0.0218952 -0.0258386 -0.00545 -0.0256765 -0.0246149 -0.00545 -0.0256952 -0.0243952 -0.00545 -0.029835 -0.0246491 -0.0054502 -0.0246691 -0.0231244 -0.00545 -0.0243952 -0.0215084 -0.00545 -0.0248799 -0.0231889 -0.00545 -0.0255301 -0.0250292 -0.00545 -0.0256209 -0.0248283 -0.00545 -0.0254066 -0.0252119 -0.00545 -0.0250768 -0.0255022 -0.00545 -0.0252541 -0.0253711 -0.00545 -0.0246691 -0.025666 -0.00545 -0.0248799 -0.0256014 -0.00545 -0.0244504 -0.025694 -0.00545 -0.0238099 -0.025556 -0.00545 -0.0234566 -0.0252947 -0.00545 -0.0236222 -0.0254404 -0.00545 -0.0233181 -0.0251232 -0.00545 -0.0218952 -0.0229518 -0.00545 -0.0234566 -0.0234957 -0.00545 -0.0233181 -0.0236672 -0.00545 -0.0230999 -0.0245054 -0.00545 -0.0231371 -0.0240676 -0.00545 -0.0230999 -0.0242849 -0.00545 -0.0232106 -0.0238597 -0.00545 -0.0238099 -0.0232344 -0.00545 -0.0236222 -0.02335 -0.00545 -0.0240145 -0.0231522 -0.00545 -0.0244504 -0.0230964 -0.00545 -0.0242301 -0.0231057 -0.00545 -0.0250768 -0.0232882 -0.00545 -0.0254066 -0.0235785 -0.00545 -0.0252541 -0.0234193 -0.00545 -0.0255301 -0.0237612 -0.00545 -0.0256765 -0.0241755 -0.00545 -0.0256209 -0.0239621 -0.00545 -0.0278571 -0.0235072 -0.0032 -0.0243952 -0.0215084 -0.00545 -0.0243952 -0.0215084 -0.0032 -0.029835 -0.0246491 -0.0054502 -0.0243952 -0.0215084 -0.00545 -0.0218952 -0.0229518 -0.0032 -0.0243952 -0.0215084 -0.0032 -0.0218952 -0.0229518 -0.00545 -0.0218952 -0.0229518 -0.00545 -0.0218952 -0.0258386 -0.0032 -0.0218952 -0.0229518 -0.0032 -0.0218952 -0.0258386 -0.00545 -0.0242599 -0.0272038 -0.0031998 -0.0218952 -0.0258386 -0.0032 -0.0218952 -0.0258386 -0.00545 -0.0263056 -0.0283849 -0.00545 -0.0218952 -0.0229518 -0.0032 -0.0218952 -0.0258386 -0.0032 -0.0242599 -0.0272038 -0.0031998 -0.0243952 -0.0215084 -0.0032 -0.0278571 -0.0235072 -0.0032 0.0184434 0.00633164 -0.00535 0.0357889 0.00534183 -0.00535 0.019234 0.00320959 -0.00535 0.0184434 -0.00633164 -0.00535 0.0357854 -0.00536216 -0.00535 0.0345994 -0.0105938 -0.00535 0.019234 -0.00320959 -0.00535 0.0195 1.75633e-17 -0.00535 0.0361851 -1.09995e-05 -0.00535 0.0326588 -0.0155824 -0.00535 0.0171497 -0.00928097 -0.00535 0.00478697 -0.0189033 -0.00535 0.00783306 -0.0178576 -0.00535 0.0299934 -0.0202437 -0.00535 0.0106655 -0.0163247 -0.00535 0.013207 -0.0143466 -0.00535 -0.0249293 -0.0202437 -0.00535 0.0016103 -0.0194334 -0.00535 -0.0249293 0.0202437 -0.00535 -0.0195 5.74053e-18 -0.00535 0.0346049 0.0105782 -0.00535 0.0171497 0.00928097 -0.00535 0.0153882 -0.0119771 -0.00535 -0.0184434 -0.00633164 -0.00535 -0.019234 -0.00320959 -0.00535 -0.0153882 -0.0119771 -0.00535 -0.0171497 -0.00928097 -0.00535 -0.0106655 -0.0163247 -0.00535 -0.013207 -0.0143466 -0.00535 -0.00478697 -0.0189033 -0.00535 -0.00783306 -0.0178576 -0.00535 -0.0016103 -0.0194334 -0.00535 0.0016103 0.0194334 -0.00535 -0.0016103 0.0194334 -0.00535 0.0326588 0.0155824 -0.00535 0.0153882 0.0119771 -0.00535 0.013207 0.0143466 -0.00535 0.0299934 0.0202437 -0.00535 0.00783306 0.0178576 -0.00535 0.0106655 0.0163247 -0.00535 0.00478697 0.0189033 -0.00535 -0.00783306 0.0178576 -0.00535 -0.00478697 0.0189033 -0.00535 -0.013207 0.0143466 -0.00535 -0.0106655 0.0163247 -0.00535 -0.0171497 0.00928097 -0.00535 -0.0153882 0.0119771 -0.00535 -0.019234 0.00320959 -0.00535 -0.0184434 0.00633164 -0.00535 0.0321085 0.0202437 -0.00666421 0.0304352 0.0202437 -0.00528024 0.0302171 0.0202438 -0.00533262 0.0299934 0.0202437 -0.00535 -0.0249293 0.0202437 -0.00535 -0.0249293 0.0202437 -0.00795 0.0321085 0.0202437 -0.00795 -0.0249293 -0.0202437 -0.00535 0.0299934 -0.0202437 -0.00535 0.0321085 -0.0202437 -0.00666421 0.0302171 -0.0202438 -0.00533262 0.0304353 -0.0202437 -0.00528028 -0.0249293 -0.0202437 -0.00795 0.0321085 -0.0202437 -0.00795 -0.0249293 0.0202437 -0.00795 -0.0249293 0.0202437 -0.00535 -0.0249293 -0.0202437 -0.00535 -0.0249293 -0.0202437 -0.00795 0.033021 -0.0208348 -0.00666421 0.0329471 -0.020699 -0.00795 0.0329531 -0.0207084 -0.00666421 0.0330702 -0.0209698 -0.00666421 0.0330255 -0.0208449 -0.00795 0.0330787 -0.0210017 -0.00795 0.0330995 -0.0211104 -0.00666421 0.0331084 -0.0212538 -0.00666421 0.0331054 -0.0211652 -0.00795 0.0330966 -0.0213969 -0.00666421 0.0331047 -0.0213308 -0.00795 0.0330766 -0.021494 -0.00795 0.0330645 -0.0215368 -0.00666421 0.0330129 -0.0216703 -0.00666421 0.0330221 -0.0216503 -0.00795 0.0329424 -0.0217955 -0.00666421 0.0329424 -0.0217955 -0.00795 0.0328678 -0.0205931 -0.00666421 0.0328457 -0.0205681 -0.00795 0.0327669 -0.0204911 -0.00666421 0.0327241 -0.0204557 -0.00795 0.0326523 -0.0204046 -0.00666421 0.0325265 -0.0203353 -0.00666421 0.0325856 -0.0203649 -0.00795 0.032434 -0.0202982 -0.00795 0.0323921 -0.0202848 -0.00666421 0.0322735 -0.0202575 -0.00795 0.0322517 -0.0202541 -0.00666421 0.0321085 -0.0202437 -0.00795 0.0321085 -0.0202437 -0.00666421 0.0329984 -0.0216911 -0.00657561 0.0329424 -0.0217955 -0.00666421 0.0330129 -0.0216703 -0.00666421 0.0330719 -0.0214817 -0.00654146 0.0330645 -0.0215368 -0.00666421 0.0330631 -0.0213994 -0.00641047 0.0330291 -0.0213206 -0.00628149 0.0330056 -0.0215375 -0.00633436 0.0328948 -0.0216022 -0.00616095 0.0328515 -0.0217354 -0.00621022 0.0329228 -0.0216673 -0.00626755 0.0328466 -0.0215416 -0.0060589 0.0327797 -0.0214873 -0.00596416 0.0326982 -0.0216339 -0.00595711 0.0328899 -0.0211816 -0.00604339 0.0329709 -0.0212473 -0.00615802 0.0329127 -0.0210293 -0.00610992 0.032728 -0.0209902 -0.00592138 0.0327885 -0.0211253 -0.0059407 0.0328066 -0.0209703 -0.00600256 0.032659 -0.02064 -0.00608774 0.0327839 -0.0206877 -0.00617991 0.032624 -0.0205222 -0.00620205 0.0328902 -0.0207467 -0.00628751 0.0327437 -0.0205679 -0.00629041 0.0325117 -0.0203504 -0.00646614 0.0326856 -0.0204672 -0.00641144 0.0326112 -0.0203884 -0.00653959 0.0325774 -0.0205626 -0.00610193 0.0324997 -0.0204521 -0.00619507 0.0324001 -0.0203225 -0.00640697 0.0324115 -0.0203628 -0.00630083 0.0325744 -0.0204248 -0.00632938 0.0323423 -0.0202773 -0.00655791 0.0323151 -0.0202973 -0.00641638 0.0322132 -0.0202573 -0.00653861 0.0322517 -0.0202541 -0.00666421 0.0321085 -0.0202437 -0.00666421 0.0329322 -0.0217887 -0.00650778 0.0328051 -0.0208231 -0.00608305 0.0326424 -0.0206916 -0.00602398 0.0326931 -0.0208354 -0.0059632 0.0327473 -0.0213159 -0.00589826 0.0327462 -0.0211518 -0.00589952 0.0327832 -0.0216902 -0.00607643 0.0323921 -0.0202848 -0.00666421 0.0328456 -0.0206245 -0.00639357 0.0325265 -0.0203353 -0.00666421 0.0328452 -0.0213358 -0.00599434 0.0327311 -0.0214781 -0.00591766 0.0329127 -0.0208829 -0.00619207 0.032975 -0.0208156 -0.00640763 0.0327802 -0.0205198 -0.00650724 0.0326523 -0.0204046 -0.00666421 0.0329973 -0.0210979 -0.00622977 0.0329202 -0.0213966 -0.00610052 0.0329987 -0.0209527 -0.00631377 0.0330605 -0.0210304 -0.00644485 0.0329269 -0.0206905 -0.00650872 0.0328557 -0.0205811 -0.00661418 0.0327669 -0.0204911 -0.00666421 0.0329741 -0.0214645 -0.00621489 0.0330582 -0.0211745 -0.00635887 0.033036 -0.0208923 -0.00653701 0.033021 -0.0208348 -0.00666421 0.0329531 -0.0207084 -0.00666421 0.0328678 -0.0205931 -0.00666421 0.0330937 -0.021257 -0.00649373 0.0330966 -0.0211141 -0.00658178 0.0330702 -0.0209698 -0.00666421 0.0329016 -0.0217685 -0.0063552 0.0330138 -0.0216137 -0.0064557 0.0330966 -0.0213969 -0.00666421 0.0331084 -0.0212538 -0.00666421 0.0330995 -0.0211104 -0.00666421 0.0305854 -0.0202541 -0.00521727 0.0321085 -0.0202437 -0.00666421 0.0304353 -0.0202437 -0.00528028 0.0307179 -0.0202888 -0.00512853 0.0323151 -0.0202973 -0.00641638 0.0322132 -0.0202573 -0.00653861 0.0324997 -0.0204521 -0.00619507 0.0309011 -0.0205279 -0.00475928 0.0325774 -0.0205626 -0.00610193 0.03088 -0.020432 -0.00488975 0.0324115 -0.0203628 -0.00630083 0.0308192 -0.0203496 -0.00501631 0.032728 -0.0209902 -0.00592138 0.0326931 -0.0208354 -0.0059632 0.0307287 -0.0209378 -0.00428987 0.0326424 -0.0206916 -0.00602398 0.0308535 -0.0207333 -0.00451124 0.0305558 -0.0211344 -0.00409479 0.0327462 -0.0211518 -0.00589952 0.030647 -0.0210375 -0.0041891 0.0304564 -0.0212287 -0.00400609 0.0327473 -0.0213159 -0.00589826 0.0303497 -0.0213204 -0.00392276 0.0302365 -0.0214095 -0.00384481 0.0327311 -0.0214781 -0.00591766 0.0301177 -0.0214958 -0.00377222 0.0326982 -0.0216339 -0.00595711 0.029994 -0.0215791 -0.00370492 0.029866 -0.0216589 -0.00364289 0.0308897 -0.0206296 -0.00463229 0.0307986 -0.0208362 -0.00439729 0.033021 0.0208347 -0.00666421 0.0330255 0.0208449 -0.00795 0.0330701 0.0209695 -0.00666421 0.0330994 0.0211099 -0.00666421 0.0330787 0.0210017 -0.00795 0.0331054 0.0211652 -0.00795 0.0331084 0.0212532 -0.00666421 0.0331047 0.0213308 -0.00795 0.0330967 0.0213963 -0.00666421 0.0330647 0.0215363 -0.00666421 0.0330766 0.021494 -0.00795 0.0330221 0.0216503 -0.00795 0.0330129 0.0216703 -0.00666421 0.0329424 0.0217955 -0.00795 0.0329424 0.0217955 -0.00666421 0.032953 0.0207083 -0.00666421 0.0328676 0.0205928 -0.00666421 0.0329471 0.020699 -0.00795 0.0327665 0.0204908 -0.00666421 0.0328457 0.0205681 -0.00795 0.0327241 0.0204557 -0.00795 0.0326518 0.0204043 -0.00666421 0.032526 0.0203351 -0.00666421 0.0325856 0.0203649 -0.00795 0.0323916 0.0202847 -0.00666421 0.032434 0.0202982 -0.00795 0.0322735 0.0202575 -0.00795 0.0322517 0.0202541 -0.00666421 0.0321085 0.0202437 -0.00795 0.0321085 0.0202437 -0.00666421 0.0308193 0.0203496 -0.00501639 0.0308801 0.0204321 -0.00488986 0.0330073 0.0167907 -0.00488203 0.0328083 0.0166895 -0.00513183 0.0305855 0.0202542 -0.00521737 0.0307181 0.0202888 -0.00512859 0.0329172 0.0167448 -0.00501635 0.0326837 0.0166261 -0.00522522 0.0304352 0.0202437 -0.00528024 0.0348797 0.0113162 -0.00522522 0.0347338 0.0112688 -0.00529388 0.032547 0.0165565 -0.00529388 0.0302171 0.0202438 -0.00533262 0.0324019 0.0164827 -0.00533587 0.0299934 0.0202437 -0.00535 0.0309012 0.0205279 -0.00475935 0.0308898 0.0206297 -0.00463242 0.033076 0.0168257 -0.00473268 0.0353693 0.011475 -0.00440607 0.0331215 0.0168488 -0.00457252 0.0331425 0.0168595 -0.00440607 0.0308535 0.0207334 -0.00451132 0.0353337 0.0114634 -0.00407316 0.0331383 0.0168573 -0.00423804 0.0331091 0.0168424 -0.00407316 0.0306469 0.0210377 -0.00418922 0.0307288 0.0209381 -0.00429011 0.0301177 -0.0214958 -0.00377222 0.0302365 -0.0214095 -0.00384481 0.0329795 -0.0167765 -0.00377133 0.029994 -0.0215791 -0.00370492 0.0305557 0.0211345 -0.00409478 0.0351954 -0.0114186 -0.00377133 0.0366314 -0.0057936 -0.00391612 0.0365471 -0.00578026 -0.00377133 0.0303497 0.0213209 -0.00392305 0.0330556 0.0168153 -0.00391612 0.0304564 0.0212289 -0.00400619 0.0370013 -2.73986e-17 -0.00377133 0.0365471 0.00578026 -0.00377133 0.0368929 7.09868e-17 -0.00364289 0.0302365 0.02141 -0.0038452 0.0328828 0.0167274 -0.00364289 0.0350922 0.0113851 -0.00364289 0.0329795 0.0167765 -0.00377133 0.0301177 0.0214962 -0.00377252 0.029994 0.0215792 -0.00370503 0.029866 0.0216589 -0.00364289 0.0305558 -0.0211344 -0.00409479 0.0331091 -0.0168424 -0.00407316 0.0304564 -0.0212287 -0.00400609 0.0331383 -0.0168573 -0.00423804 0.0353648 -0.0114736 -0.00423804 0.0330556 -0.0168153 -0.00391612 0.0303497 -0.0213204 -0.00392276 0.036723 -0.00580809 -0.00423804 0.0371842 -2.75387e-17 -0.00440607 0.0371795 -2.75351e-17 -0.00423804 0.0328828 -0.0167274 -0.00364289 0.029866 -0.0216589 -0.00364289 0.0366906 0.00580297 -0.00407316 0.0353648 0.0114736 -0.00423804 0.0307986 0.0208364 -0.00439741 0.0350127 0.0113593 -0.00513183 0.0362193 0.00572842 -0.00522522 0.0366695 -2.71446e-17 -0.00522522 0.0360677 0.00570445 -0.00529388 0.035907 -0.00567902 -0.00533587 0.0363533 -2.69024e-17 -0.00533587 0.0360677 -0.00570445 -0.00529388 0.034579 -0.0112186 -0.00533587 0.0345994 -0.0105938 -0.00535 0.0347338 -0.0112688 -0.00529388 0.0326588 -0.0155824 -0.00535 0.0324019 -0.0164827 -0.00533587 0.0299934 -0.0202437 -0.00535 0.0364399 0.00576332 -0.00364289 0.0351954 0.0114186 -0.00377133 0.0364399 -0.00576332 -0.00364289 0.0371097 -2.74816e-17 -0.00473268 0.0366541 -0.00579718 -0.00473268 0.0370325 -2.74225e-17 -0.00488203 0.0352766 0.0114449 -0.00391612 0.035347 0.0114678 -0.00457252 0.0352984 0.011452 -0.00473268 0.035225 0.0114282 -0.00488203 0.0351289 0.011397 -0.00501635 0.0365161 -2.70271e-17 -0.00529388 0.035907 0.00567902 -0.00533587 0.034579 0.0112186 -0.00533587 0.0326588 0.0155824 -0.00535 0.0352766 -0.0114449 -0.00391612 0.0366314 0.0057936 -0.00391612 0.036723 0.00580809 -0.00423804 0.0367277 0.00580883 -0.00440607 0.0367045 0.00580516 -0.00457252 0.0366541 0.00579718 -0.00473268 0.0365779 0.00578513 -0.00488203 0.036478 0.00576934 -0.00501635 0.0363574 0.00575026 -0.00513183 0.0346049 0.0105782 -0.00535 0.0371467 -2.75099e-17 -0.00407316 0.0350922 -0.0113851 -0.00364289 0.0370868 -2.7464e-17 -0.00391612 0.0371607 -2.75207e-17 -0.00457252 0.0369314 -2.73451e-17 -0.00501635 0.0368093 -2.72516e-17 -0.00513183 0.0357889 0.00534183 -0.00535 0.0366906 -0.00580297 -0.00407316 0.0331425 -0.0168595 -0.00440607 0.0353693 -0.011475 -0.00440607 0.0367277 -0.00580883 -0.00440607 0.0367045 -0.00580516 -0.00457252 0.035225 -0.0114282 -0.00488203 0.0351289 -0.011397 -0.00501635 0.036478 -0.00576934 -0.00501635 0.0365779 -0.00578513 -0.00488203 0.0363574 -0.00575026 -0.00513183 0.0362193 -0.00572842 -0.00522522 0.0361851 -1.09995e-05 -0.00535 0.0353337 -0.0114634 -0.00407316 0.035347 -0.0114678 -0.00457252 0.0352984 -0.011452 -0.00473268 0.0350127 -0.0113593 -0.00513183 0.0329172 -0.0167448 -0.00501635 0.0328083 -0.0166895 -0.00513183 0.0348797 -0.0113162 -0.00522522 0.0357854 -0.00536216 -0.00535 0.030647 -0.0210375 -0.0041891 0.0307287 -0.0209378 -0.00428987 0.0331215 -0.0168488 -0.00457252 0.033076 -0.0168257 -0.00473268 0.0330073 -0.0167907 -0.00488203 0.0308192 -0.0203496 -0.00501631 0.0305854 -0.0202541 -0.00521727 0.0326837 -0.0166261 -0.00522522 0.032547 -0.0165565 -0.00529388 0.0307986 -0.0208362 -0.00439729 0.0308535 -0.0207333 -0.00451124 0.0308897 -0.0206296 -0.00463229 0.0309011 -0.0205279 -0.00475928 0.03088 -0.020432 -0.00488975 0.0307179 -0.0202888 -0.00512853 0.0304353 -0.0202437 -0.00528028 0.0302171 -0.0202438 -0.00533262 0.0330966 0.0211141 -0.00658178 0.0330937 0.021257 -0.00649373 0.0330582 0.0211745 -0.00635887 0.0330631 0.0213994 -0.00641047 0.0329741 0.0214645 -0.00621489 0.0330291 0.0213206 -0.00628149 0.0330719 0.0214817 -0.00654146 0.0330605 0.0210304 -0.00644485 0.0330701 0.0209695 -0.00666421 0.0327311 0.0214781 -0.00591766 0.0328452 0.0213358 -0.00599434 0.0327797 0.0214873 -0.00596416 0.0326982 0.0216339 -0.00595711 0.0330647 0.0215363 -0.00666421 0.0329984 0.0216911 -0.00657561 0.0330138 0.0216137 -0.0064557 0.0328948 0.0216022 -0.00616095 0.0329228 0.0216673 -0.00626755 0.0328515 0.0217354 -0.00621022 0.0329322 0.0217887 -0.00650778 0.0329424 0.0217955 -0.00666421 0.0330129 0.0216703 -0.00666421 0.0330967 0.0213963 -0.00666421 0.033036 0.0208923 -0.00653701 0.032975 0.0208156 -0.00640763 0.0329269 0.0206905 -0.00650872 0.0328902 0.0207467 -0.00628751 0.0329127 0.0208829 -0.00619207 0.0328456 0.0206245 -0.00639357 0.0327802 0.0205198 -0.00650724 0.0328557 0.0205811 -0.00661418 0.0325117 0.0203504 -0.00646614 0.0326112 0.0203884 -0.00653959 0.0325744 0.0204248 -0.00632938 0.0326518 0.0204043 -0.00666421 0.0323423 0.0202773 -0.00655791 0.0323916 0.0202847 -0.00666421 0.032526 0.0203351 -0.00666421 0.0321085 0.0202437 -0.00666421 0.0322517 0.0202541 -0.00666421 0.0322132 0.0202573 -0.00653861 0.0329016 0.0217685 -0.0063552 0.0327473 0.0213159 -0.00589826 0.0330056 0.0215375 -0.00633436 0.0331084 0.0212532 -0.00666421 0.0327832 0.0216902 -0.00607643 0.0328051 0.0208231 -0.00608305 0.0327839 0.0206877 -0.00617991 0.0330994 0.0211099 -0.00666421 0.0328466 0.0215416 -0.0060589 0.0329709 0.0212473 -0.00615802 0.0329202 0.0213966 -0.00610052 0.0329973 0.0210979 -0.00622977 0.0329987 0.0209527 -0.00631377 0.033021 0.0208347 -0.00666421 0.032953 0.0207083 -0.00666421 0.0329127 0.0210293 -0.00610992 0.0328899 0.0211816 -0.00604339 0.0327885 0.0211253 -0.0059407 0.0327437 0.0205679 -0.00629041 0.0326856 0.0204672 -0.00641144 0.0328676 0.0205928 -0.00666421 0.0327665 0.0204908 -0.00666421 0.0327462 0.0211518 -0.00589952 0.0328066 0.0209703 -0.00600256 0.032728 0.0209902 -0.00592138 0.0326931 0.0208354 -0.0059632 0.0326424 0.0206916 -0.00602398 0.032624 0.0205222 -0.00620205 0.0325774 0.0205626 -0.00610193 0.0324997 0.0204521 -0.00619507 0.0324115 0.0203628 -0.00630083 0.0324001 0.0203225 -0.00640697 0.0323151 0.0202973 -0.00641638 0.0307288 0.0209381 -0.00429011 0.0307986 0.0208364 -0.00439741 0.0326931 0.0208354 -0.0059632 0.032728 0.0209902 -0.00592138 0.0308535 0.0207334 -0.00451132 0.0326424 0.0206916 -0.00602398 0.0325774 0.0205626 -0.00610193 0.0308898 0.0206297 -0.00463242 0.0309012 0.0205279 -0.00475935 0.0324997 0.0204521 -0.00619507 0.0308801 0.0204321 -0.00488986 0.0324115 0.0203628 -0.00630083 0.0323151 0.0202973 -0.00641638 0.0308193 0.0203496 -0.00501639 0.0307181 0.0202888 -0.00512859 0.0322132 0.0202573 -0.00653861 0.0305855 0.0202542 -0.00521737 0.0321085 0.0202437 -0.00666421 0.0304352 0.0202437 -0.00528024 0.0306469 0.0210377 -0.00418922 0.0305557 0.0211345 -0.00409478 0.0327462 0.0211518 -0.00589952 0.0327473 0.0213159 -0.00589826 0.0304564 0.0212289 -0.00400619 0.0302365 0.02141 -0.0038452 0.0303497 0.0213209 -0.00392305 0.0327311 0.0214781 -0.00591766 0.0301177 0.0214962 -0.00377252 0.029994 0.0215792 -0.00370503 0.0326982 0.0216339 -0.00595711 0.029866 0.0216589 -0.00364289</float_array>
          <technique_common>
            <accessor count="2630" source="#ID6" stride="3">
              <param name="X" type="float"/>
              <param name="Y" type="float"/>
              <param name="Z" type="float"/>
            </accessor>
          </technique_common>
        </source>
        <source id="ID7">
          <float_array count="7890" id="ID8">-0.025834 -0.706635 0.707107 0.0583924 -0.704692 0.707107 -0.0583925 -0.704692 0.707107 0.707107 1.0677e-07 0.707107 0.707107 -6.18172e-08 0.707107 0.698425 -0.110462 0.707107 -0.173585 -0.685469 0.707107 -0.145339 -0.692009 0.707107 -0.284041 -0.64755 0.707107 -0.26063 -0.657322 0.707107 -0.368366 -0.603578 0.707107 -0.386751 -0.591966 0.707107 -0.470628 -0.52774 0.707107 -0.465422 -0.532337 0.707107 -0.548985 -0.445662 0.707107 -0.480643 -0.518635 0.707107 -0.616634 -0.346068 0.707107 -0.558006 -0.434314 0.707107 -0.621882 -0.336546 0.707107 -0.668794 -0.229597 0.707107 -0.666405 -0.236441 0.707107 -0.697463 -0.116386 0.707107 -0.696857 -0.119959 0.707107 -0.707107 1.23634e-07 0.707107 -0.707107 1.23634e-07 0.707107 0.0944197 -0.700774 0.707107 0.211936 -0.674598 0.707107 0.173585 -0.685469 0.707107 0.284041 -0.64755 0.707107 0.323308 -0.628865 0.707107 0.425308 -0.564901 0.707107 0.386751 -0.591966 0.707107 0.514977 -0.48456 0.707107 0.480644 -0.518634 0.707107 0.47063 -0.527738 0.707107 0.545127 -0.450374 0.707107 0.589717 -0.390171 0.707107 0.630248 -0.320605 0.707107 0.621882 -0.336546 0.707107 0.572426 -0.415124 0.707107 0.558007 -0.434314 0.707107 0.668794 -0.229597 0.707107 0.672594 -0.218213 0.707107 0.697463 -0.116386 0.707107 0.540409 -0.456024 0.707107 0.672594 0.218213 0.707107 0.668794 0.229597 0.707107 0.697463 0.116386 0.707107 0.698425 0.110462 0.707107 0.621882 0.336546 0.707107 0.630248 0.320605 0.707107 0.572426 0.415124 0.707107 0.514977 0.48456 0.707107 0.545127 0.450374 0.707107 0.589717 0.390171 0.707107 -0.386751 0.591966 0.707107 -0.284042 0.64755 0.707107 -0.368366 0.603578 0.707107 0.173584 0.68547 0.707107 0.284042 0.64755 0.707107 0.211936 0.674599 0.707107 0.386751 0.591966 0.707107 0.47891 0.520235 0.707107 0.470628 0.527739 0.707107 -0.145339 0.692009 0.707107 -0.26063 0.657322 0.707107 -0.173584 0.68547 0.707107 0.0944195 0.700775 0.707107 -0.0258341 0.706635 0.707107 0.0583925 0.704692 0.707107 -0.558007 0.434314 0.707107 -0.548985 0.445662 0.707107 -0.616634 0.346068 0.707107 -0.480644 0.518634 0.707107 -0.465422 0.532337 0.707107 -0.666405 0.236441 0.707107 -0.621882 0.336546 0.707107 -0.540409 0.456024 0.707107 -0.545127 0.450374 0.707107 -0.668794 0.229597 0.707107 -0.697463 0.116386 0.707107 -0.696857 0.119959 0.707107 -0.470629 0.527739 0.707107 -0.0583924 0.704692 0.707107 0.323308 0.628865 0.707107 0.425308 0.564901 0.707107 0.558007 0.434314 0.707107 0.480643 0.518635 0.707107 0.47891 -0.520235 0.707107 -0.47891 0.520235 0.707107 0.540409 0.456024 0.707107 -0.545127 -0.450374 0.707107 -0.47891 -0.520235 0.707107 -0.540409 -0.456024 0.707107 -0.986361 -0.164595 -0 -1 -7.21645e-16 -0 -1 1.37186e-11 0 -0.789141 -0.614213 -0 -0.879474 -0.475947 -0 -0.873014 -0.487695 -0 -0.945817 -0.324699 -0 -0.985616 -0.169001 -0 -0.942877 -0.33314 -0 -0.524307 -0.851529 -0 -0.401695 -0.915773 -0 -0.546948 -0.837166 -0 -0.778036 -0.62822 -0 -0.660675 -0.750672 -0 -0.677282 -0.735724 -0 -0.0825794 -0.996584 -0 -0.0424412 -0.999099 -0 0.0825794 -0.996584 0 -0.245485 -0.9694 -0 -0.372857 -0.927889 -0 -0.210679 -0.977555 -0 0.546948 -0.837166 0 0.401695 -0.915773 0 0.450204 -0.892926 0 0.292823 -0.956167 0 0.245485 -0.9694 0 0.127018 -0.9919 0 0.82851 -0.559975 0 0.879474 -0.475947 0 0.789141 -0.614213 0 0.594633 -0.803997 0 0.721956 -0.691939 0 0.677282 -0.735724 0 0.986361 -0.164595 0 0.996397 -0.0848059 0 1 8.74228e-08 0 0.945817 -0.3247 0 0.911228 -0.411901 0 0.967733 -0.251978 0 0.879474 0.475947 0 0.945817 0.324699 0 0.911228 0.411901 0 0.967733 0.251978 0 0.986361 0.164595 0 0.996397 0.0848059 0 0.594633 0.803997 0 0.546948 0.837167 0 0.677282 0.735724 0 0.82851 0.559975 0 0.721956 0.691939 0 0.78914 0.614213 0 0.245486 0.9694 0 0.127018 0.9919 0 0.0825794 0.996584 0 0.401695 0.915773 0 0.450204 0.892926 0 0.292823 0.956167 0 -0.042441 0.999099 0 -0.210679 0.977555 0 -0.0825794 0.996584 0 -0.372857 0.927889 0 -0.245486 0.9694 0 -0.401695 0.915773 0 -0.524307 0.851529 0 -0.660675 0.750672 0 -0.546948 0.837166 0 -0.778036 0.62822 0 -0.677282 0.735724 0 -0.78914 0.614213 0 -0.873014 0.487695 0 -0.942877 0.33314 0 -0.879474 0.475948 0 -0.985616 0.169001 0 -0.945817 0.3247 0 -0.986361 0.164595 0 0 0 -1 0 0 -1 0 0 -1 0 0 -1 0 0 -1 0 0 -1 0 0 -1 0 0 -1 0 0 -1 0 0 -1 0 0 -1 0 0 -1 0 0 -1 0 0 -1 0 0 -1 0 0 -1 0 0 -1 0 0 -1 0 0 -1 0 0 -1 0 0 -1 0 0 -1 0 0 -1 0 0 -1 0 0 -1 0 0 -1 0 0 -1 0 0 -1 0 0 -1 0 0 -1 0 0 -1 0 0 -1 0 0 -1 0 0 -1 0 0 -1 0 0 -1 0 0 -1 0 0 -1 0 0 -1 0 0 -1 0 0 -1 0 0 -1 0 0 -1 0 0 -1 0 0 -1 0 0 -1 0 0 -1 0 0 -1 0 0 -1 0 0 -1 0 0 -1 0 0 -1 0 0 -1 0 0 -1 0 0 -1 0 0 -1 0 0 -1 0 0 -1 0 0 -1 0 0 -1 0 0 -1 0 0 -1 0 0 -1 0 0 -1 0 0 -1 0 0 -1 0 0 -1 0 0 -1 0 0 -1 0 0 -1 0 0 -1 0 0 -1 0 0 -1 0 0 -1 0 0 -1 0 0 -1 0 0 -1 0 0 -1 0 0 -1 0 0 -1 0 0 -1 0 0 -1 0 0 -1 0 0 -1 0 0 -1 0 0 -1 0 0 -1 0 0 -1 0 0 -1 0 0 -1 0 0 -1 0 0 -1 0 0 -1 0 0 -1 0 0 -1 0 0 -1 0 0 -1 0 0 -1 0 0 -1 0 0 -1 0 0 -1 0 0 -1 0 0 -1 0 0 -1 0 0 -1 0 0 -1 0 0 -1 0 0 -1 0 0 -1 0 0 -1 0 0 -1 0 0 -1 0 0 -1 0 0 -1 0 0 -1 0 0 -1 0 0 -1 0 0 -1 0 0 -1 0 0 -1 0 0 -1 0 0 -1 0 0 -1 0 0 -1 0 0 -1 0 0 -1 0 0 -1 0 0 -1 0 0 -1 0 0 -1 0 0 -1 0 0 -1 0 0 -1 0 0 -1 0 0 -1 0 0 -1 0 0 -1 0 0 -1 0 0 -1 0 0 -1 0 0 -1 0 0 -1 0 0 -1 0 0 -1 0 0 -1 0 0 -1 0 0 -1 0 0 -1 0 0 -1 0 0 -1 0 0 -1 0 0 -1 0 0 -1 0 0 -1 0 0 -1 0 0 -1 0 0 -1 0 0 -1 0 0 -1 0 0 -1 0 0 -1 0 0 -1 0 0 -1 0 0 -1 0 0 -1 0 0 -1 0 0 -1 0 0 -1 0 0 -1 0 0 -1 0 0 -1 0 0 -1 0 0 -1 0 0 -1 0 0 -1 0 0 -1 0 0 -1 0 0 -1 0 0 -1 0 0 -1 0 0 -1 0 0 -1 0 0 -1 0 0 -1 0 0 -1 0 0 -1 0 0 -1 0 0 -1 0 0 -1 0 0 -1 0 0 -1 0 0 -1 0 0 -1 0 0 -1 0 0 -1 0 0 -1 0 0 -1 0 0 -1 0 0 -1 0 0 -1 0 0 -1 0 0 -1 0 0 -1 0 0 -1 0 0 -1 0 0 -1 0 0 -1 -0.691762 0.561567 0.453991 -0.777004 0.436071 0.453991 -0.628107 0.509892 0.587785 -0.5325 0.609058 0.587785 -0.586466 0.670783 0.453991 -0.872051 0.489414 -1.74846e-07 -0.861315 0.483389 0.156434 -0.766824 0.622502 0.156434 -0.421456 0.690568 0.587785 -0.464168 0.760553 0.453991 -0.650102 0.743569 0.156434 -0.776383 0.630262 -1.74846e-07 -0.328413 0.828274 0.453991 -0.298193 0.752057 0.587785 -0.514534 0.84308 0.156434 -0.658206 0.752838 -1.74846e-07 -0.166286 0.791743 0.587785 -0.183138 0.871982 0.453991 -0.520948 0.853589 -1.74846e-07 -0.364049 0.918149 0.156434 -0.0325529 0.890412 0.453991 -0.0295574 0.808477 0.587785 -0.20301 0.9666 0.156434 -0.368587 0.929593 -1.74846e-07 0.108028 0.801772 0.587785 0.118976 0.883027 0.453991 -0.0360851 0.987029 0.156434 -0.20554 0.978649 -1.74846e-07 0.242481 0.771823 0.587785 0.267055 0.850044 0.453991 -0.0365349 0.999332 -1.74846e-07 0.131886 0.978843 0.156434 -0.942439 0.334378 -1.74846e-07 0.299723 0.954026 -1.74846e-07 0.296033 0.942281 0.156434 0.451598 0.878401 0.156434 0.369904 0.719499 0.587785 0.407392 0.792417 0.453991 0.594071 0.789055 0.156434 0.457227 0.88935 -1.74846e-07 0.535919 0.711817 0.453991 0.486604 0.646316 0.587785 0.793168 0.524779 0.309017 0.692643 0.651732 0.309017 0.743087 0.491645 0.453991 0.589197 0.554396 0.587785 0.648909 0.610581 0.453991 0.728288 0.685272 -1.74846e-07 0.601476 0.798891 -1.74846e-07 0.719321 0.676835 0.156434 0.833986 0.551786 -1.74846e-07 0.823718 0.544992 0.156434 0.369904 -0.719499 0.587785 0.407392 -0.792417 0.453991 0.535919 -0.711817 0.453991 0.674709 0.446404 0.587785 0.589717 0.390171 0.707107 -0.705504 0.395944 0.587785 -0.839719 0.297933 0.453991 -0.930836 0.330261 0.156434 -0.878091 0.151158 0.453991 -0.762449 0.270517 0.587785 -0.985505 0.169648 -1.74846e-07 -0.973372 0.167559 0.156434 -0.650102 -0.743569 0.156434 -0.658206 -0.752838 -1.74846e-07 -0.520948 -0.853589 -1.74846e-07 -0.987688 -8.63465e-08 0.156434 -0.985505 -0.169648 -1.74846e-07 -0.973372 -0.167559 0.156434 -0.891007 -7.78943e-08 0.453991 -0.79729 0.137248 0.587785 -0.930836 -0.330261 0.156434 -0.942439 -0.334378 -1.74846e-07 -0.809017 1.22158e-07 0.587785 -0.878091 -0.151157 0.453991 -0.872051 -0.489414 -1.74846e-07 -0.861315 -0.483389 0.156434 -0.79729 -0.137248 0.587785 -0.839719 -0.297933 0.453991 -0.776383 -0.630262 -1.74846e-07 -0.766824 -0.622502 0.156434 -0.777004 -0.436071 0.453991 -0.762449 -0.270518 0.587785 -0.691762 -0.561567 0.453991 -0.705504 -0.395944 0.587785 -0.364049 -0.918149 0.156434 -0.368587 -0.929593 -1.74846e-07 -0.205541 -0.978649 -1.74846e-07 -0.586466 -0.670783 0.453991 -0.628107 -0.509893 0.587785 -0.514534 -0.84308 0.156434 -0.464168 -0.760553 0.453991 -0.5325 -0.609059 0.587785 -0.20301 -0.9666 0.156434 -0.421455 -0.690568 0.587785 -0.328413 -0.828274 0.453991 -0.0365347 -0.999332 -1.74846e-07 -0.0360849 -0.987029 0.156434 -0.183138 -0.871982 0.453991 -0.298193 -0.752057 0.587785 0.299723 -0.954026 -1.74846e-07 0.457227 -0.88935 -1.74846e-07 0.296033 -0.942281 0.156434 -0.0325531 -0.890412 0.453991 -0.166285 -0.791743 0.587785 0.131885 -0.978844 0.156434 -0.0295576 -0.808477 0.587785 0.118976 -0.883027 0.453991 0.728288 -0.685272 -1.74846e-07 0.594071 -0.789055 0.156434 0.601476 -0.798891 -1.74846e-07 0.267055 -0.850044 0.453991 0.108028 -0.801772 0.587785 0.823718 -0.544992 0.156434 0.793168 -0.524779 0.309017 0.692643 -0.651732 0.309017 0.451598 -0.878401 0.156434 0.833986 -0.551786 -1.74846e-07 0.719321 -0.676835 0.156434 0.572037 -0.759791 0.309017 0.242481 -0.771824 0.587785 0.589197 -0.554396 0.587785 0.425308 -0.564901 0.707107 0.486604 -0.646316 0.587785 0.323308 -0.628865 0.707107 0.589717 -0.390171 0.707107 0.514977 -0.48456 0.707107 0.674709 -0.446404 0.587785 0.648909 -0.610581 0.453991 0.133529 0.991045 -1.74846e-07 0.514977 0.48456 0.707107 0.572038 0.75979 0.309017 0.425308 0.564901 0.707107 0.434849 0.845822 0.309017 0.323308 0.628865 0.707107 0.285053 0.907333 0.309017 0.126994 0.94254 0.309017 0.211936 0.674598 0.707107 0.0944195 0.700774 0.707107 -0.0347468 0.950422 0.309017 -0.0258341 0.706635 0.707107 -0.19548 0.93075 0.309017 -0.145339 0.692009 0.707107 -0.350547 0.884096 0.309017 -0.495451 0.811811 0.309017 -0.26063 0.657322 0.707107 -0.625991 0.715991 0.309017 -0.368365 0.603578 0.707107 -0.738384 0.599415 0.309017 -0.465422 0.532337 0.707107 -0.82937 0.46546 0.309017 -0.548985 0.445662 0.707107 -1 -8.74228e-08 -1.74846e-07 -0.896313 0.318012 0.309017 -0.616633 0.346068 0.707107 -0.666405 0.236441 0.707107 -0.937271 0.161345 0.309017 -0.696857 0.119959 0.707107 -0.951057 -8.3144e-08 0.309017 -0.937271 -0.161345 0.309017 -0.707107 1.0677e-07 0.707107 -0.696857 -0.119959 0.707107 -0.896313 -0.318013 0.309017 -0.82937 -0.46546 0.309017 -0.666405 -0.236441 0.707107 -0.616633 -0.346068 0.707107 -0.738384 -0.599415 0.309017 -0.625991 -0.715991 0.309017 -0.548985 -0.445662 0.707107 -0.465422 -0.532337 0.707107 -0.495451 -0.811811 0.309017 -0.368366 -0.603578 0.707107 -0.350547 -0.884096 0.309017 -0.26063 -0.657322 0.707107 0.133529 -0.991045 -1.74846e-07 -0.19548 -0.93075 0.309017 -0.145339 -0.692009 0.707107 -0.0347466 -0.950422 0.309017 -0.025834 -0.706635 0.707107 0.126994 -0.94254 0.309017 0.0944198 -0.700774 0.707107 0.285054 -0.907333 0.309017 0.211936 -0.674598 0.707107 0.434849 -0.845822 0.309017 0.743087 -0.491645 0.453991 0.0825794 -0.996584 0 -0.0825794 -0.996584 0 -0.0825794 -0.996584 0 1 -8.74228e-08 0 1 -8.74228e-08 0 0.986361 0.164595 0 -0.245485 -0.9694 0 -0.245486 -0.9694 0 -0.401695 -0.915773 0 -0.401695 -0.915773 0 -0.546948 -0.837166 0 -0.546948 -0.837166 0 -0.677282 -0.735724 0 -0.677282 -0.735724 0 -0.78914 -0.614213 0 -0.789141 -0.614213 0 -0.879474 -0.475948 0 -0.879474 -0.475947 0 -0.945817 -0.324699 0 -0.945817 -0.3247 0 -0.986361 -0.164595 0 -0.986361 -0.164595 0 -1 1.74846e-07 0 -1 -3.01992e-07 0 0.0825794 -0.996584 0 0.245486 -0.9694 0 0.245486 -0.9694 0 0.401695 -0.915773 0 0.401695 -0.915773 0 0.546948 -0.837167 0 0.546948 -0.837167 0 0.677282 -0.735724 0 0.677282 -0.735724 0 0.78914 -0.614213 0 0.78914 -0.614213 0 0.879474 -0.475947 0 0.879474 -0.475947 0 0.945817 -0.324699 0 0.945817 -0.324699 0 0.986361 -0.164595 0 0.986361 -0.164595 0 0.945817 0.3247 0 0.986361 0.164595 0 0.945817 0.324699 0 0.677282 0.735724 0 0.789141 0.614213 0 0.677282 0.735724 0 0.879474 0.475947 0 0.879474 0.475947 0 0.78914 0.614213 0 0.401695 0.915773 0 0.245485 0.9694 0 0.245485 0.9694 0 0.546948 0.837166 0 0.401695 0.915773 0 0.546948 0.837166 0 -0.245485 0.9694 0 -0.245485 0.9694 0 -0.0825794 0.996584 0 -0.0825794 0.996584 0 0.0825794 0.996584 0 0.0825792 0.996584 0 -0.677282 0.735724 0 -0.546948 0.837166 0 -0.677282 0.735724 0 -0.401695 0.915773 0 -0.401695 0.915773 0 -0.546948 0.837166 0 -0.879474 0.475947 0 -0.789141 0.614213 0 -0.789141 0.614213 0 -0.945817 0.324699 0 -0.879474 0.475947 0 -0.945817 0.324699 0 -0.986361 0.164595 0 -0.986361 0.164595 0 0 0 1 0 0 1 0 0 1 0 0 1 0 0 1 0 0 1 0 0 1 0 0 1 0 0 1 0 0 1 0 0 1 0 0 1 0 0 1 0 0 1 0 0 1 0 0 1 0 0 1 0 0 1 0 0 1 0 0 1 0 0 1 0 0 1 0 0 1 0 0 1 0 0 1 0 0 1 0 0 1 0 0 1 0 0 1 0 0 1 0 0 1 0 0 1 0 0 1 0 0 1 0 0 1 0 0 1 0 0 1 0 0 1 0 0 1 0 0 1 0 0 1 0 0 1 0 0 1 0 0 1 0 0 1 0 0 1 0 0 1 0 0 1 0 0 1 0 0 1 0 0 1 0 0 1 0 0 1 0 0 1 0 0 1 0 0 1 0 0 1 0 0 1 0 0 1 0 0 1 0 0 1 0 0 1 0 0 1 0 0 1 0 0 1 0 0 1 0 0 1 0 0 1 0 0 1 0 0 1 0 0 1 0 0 1 0 0 1 0 0 1 0 0 1 0 0 1 -0 -0 -1 -0 -0 -1 -0 -0 -1 -0 -0 -1 -0 -0 -1 -0 -0 -1 -0 -0 -1 -0 -0 -1 -0 -0 -1 -0 -0 -1 -0 -0 -1 -0 -0 -1 -0 -0 -1 -0 -0 -1 -0 -0 -1 -0 -0 -1 -0 -0 -1 -0 -0 -1 -0 -0 -1 -0 -0 -1 -0 -0 -1 -0 -0 -1 -0 -0 -1 -0 -0 -1 -0 -0 -1 -0 -0 -1 -0 -0 -1 -0 -0 -1 -0 -0 -1 -0 -0 -1 -0 -0 -1 -0 -0 -1 -0 -0 -1 -0 -0 -1 -0 -0 -1 -0 -0 -1 -0 -0 -1 -0 -0 -1 -0 -0 -1 -0 -0 -1 -0 -0 -1 -0 -0 -1 -0 -0 -1 -0 -0 -1 -0 -0 -1 -0 -0 -1 -0 -0 -1 -0 -0 -1 -0 -0 -1 -0 -0 -1 -0 -0 -1 -0 -0 -1 -0 -0 -1 -0 -0 -1 -0 -0 -1 -0 -0 -1 -0 -0 -1 -0 -0 -1 -0 -0 -1 -0 -0 -1 -0 -0 -1 -0 -0 -1 -0 -0 -1 -0 -0 -1 -0 -0 -1 -0 -0 -1 -0 -0 -1 -0 -0 -1 -0 -0 -1 -0 -0 -1 -0 -0 -1 -0 -0 -1 -0 -0 -1 -0 -0 -1 -0 -0 -1 -0 -0 -1 -0.0825794 0.996584 0 -0.0825794 0.996584 0 0.0825794 0.996584 0 0.986361 -0.164595 0 1 -8.74228e-08 0 1 -8.74228e-08 0 -0.245485 0.9694 0 -0.245485 0.9694 0 -0.401695 0.915773 0 -0.401695 0.915773 0 -0.546948 0.837166 0 -0.546948 0.837166 0 -0.677282 0.735724 0 -0.677282 0.735724 0 -0.789141 0.614213 0 -0.789141 0.614213 0 -0.879474 0.475947 0 -0.879474 0.475947 0 -0.945817 0.324699 0 -0.945817 0.324699 0 -0.986361 0.164595 0 -0.986361 0.164595 0 -1 -1.37161e-11 0 -1 -8.32667e-16 0 0.0825792 0.996584 0 0.245485 0.9694 0 0.245485 0.9694 0 0.401695 0.915773 0 0.401695 0.915773 0 0.546948 0.837166 0 0.546948 0.837166 0 0.677282 0.735724 0 0.677282 0.735724 0 0.789141 0.614213 0 0.78914 0.614213 0 0.879474 0.475947 0 0.879474 0.475947 0 0.945817 0.3247 0 0.945817 0.324699 0 0.986361 0.164595 0 0.986361 0.164595 0 0.78914 -0.614213 0 0.879474 -0.475947 0 0.879474 -0.475947 0 0.945817 -0.324699 0 0.945817 -0.324699 0 0.986361 -0.164595 0 0.546948 -0.837167 0 0.546948 -0.837167 0 0.401695 -0.915773 0 0.78914 -0.614213 0 0.677282 -0.735724 0 0.677282 -0.735724 0 0.0825794 -0.996584 0 -0.0825794 -0.996584 0 0.0825794 -0.996584 0 0.245486 -0.9694 0 0.245486 -0.9694 0 0.401695 -0.915773 0 -0.546948 -0.837166 0 -0.401695 -0.915773 0 -0.401695 -0.915773 0 -0.245485 -0.9694 0 -0.0825794 -0.996584 0 -0.245486 -0.9694 0 -0.789141 -0.614213 0 -0.677282 -0.735724 0 -0.78914 -0.614213 0 -0.546948 -0.837166 0 -0.677282 -0.735724 0 -0.879474 -0.475948 0 -0.879474 -0.475947 0 -0.945817 -0.3247 0 -0.945817 -0.324699 0 -0.986361 -0.164595 0 -0.986361 -0.164595 0 -0.0825794 0.996584 0 -0.0825794 0.996584 0 0.0825794 0.996584 0 0.986361 -0.164595 0 1 -8.74228e-08 0 1 -8.74228e-08 0 -0.245485 0.9694 0 -0.245485 0.9694 0 -0.401695 0.915773 0 -0.401695 0.915773 0 -0.546948 0.837166 0 -0.546948 0.837166 0 -0.677282 0.735724 0 -0.677282 0.735724 0 -0.789141 0.614213 0 -0.789141 0.614213 0 -0.879474 0.475947 0 -0.879474 0.475947 0 -0.945817 0.324699 0 -0.945817 0.324699 0 -0.986361 0.164595 0 -0.986361 0.164595 0 -1 -1.37149e-11 0 -1 -3.04542e-27 0 0.0825792 0.996584 0 0.245485 0.9694 0 0.245485 0.9694 0 0.401695 0.915773 0 0.401695 0.915773 0 0.546948 0.837166 0 0.546948 0.837166 0 0.677282 0.735724 0 0.677282 0.735724 0 0.789141 0.614213 0 0.78914 0.614213 0 0.879474 0.475947 0 0.879474 0.475947 0 0.945817 0.3247 0 0.945817 0.324699 0 0.986361 0.164595 0 0.986361 0.164595 0 0.78914 -0.614213 0 0.879474 -0.475947 0 0.879474 -0.475947 0 0.945817 -0.324699 0 0.945817 -0.324699 0 0.986361 -0.164595 0 0.546948 -0.837167 0 0.546948 -0.837167 0 0.401695 -0.915773 0 0.78914 -0.614213 0 0.677282 -0.735724 0 0.677282 -0.735724 0 0.0825794 -0.996584 0 -0.0825794 -0.996584 0 0.0825794 -0.996584 0 0.245486 -0.9694 0 0.245486 -0.9694 0 0.401695 -0.915773 0 -0.546948 -0.837166 0 -0.401695 -0.915773 0 -0.401695 -0.915773 0 -0.245485 -0.9694 0 -0.0825794 -0.996584 0 -0.245486 -0.9694 0 -0.789141 -0.614213 0 -0.677282 -0.735724 0 -0.78914 -0.614213 0 -0.546948 -0.837166 0 -0.677282 -0.735724 0 -0.879474 -0.475948 0 -0.879474 -0.475947 0 -0.945817 -0.3247 0 -0.945817 -0.324699 0 -0.986361 -0.164595 0 -0.986361 -0.164595 0 0 0 1 0 0 1 0 0 1 0 0 1 0 0 1 0 0 1 0 0 1 0 0 1 0 0 1 0 0 1 0 0 1 0 0 1 0 0 1 0 0 1 0 0 1 0 0 1 0 0 1 0 0 1 0 0 1 0 0 1 0 0 1 0 0 1 0 0 1 0 0 1 0 0 1 0 0 1 0 0 1 0 0 1 0 0 1 0 0 1 0 0 1 0 0 1 0 0 1 0 0 1 0 0 1 0 0 1 0 0 1 0 0 1 0 0 1 0 0 1 0 0 1 0 0 1 0 0 1 0 0 1 0 0 1 0 0 1 0 0 1 0 0 1 0 0 1 0 0 1 0 0 1 0 0 1 0 0 1 0 0 1 0 0 1 0 0 1 0 0 1 0 0 1 0 0 1 0 0 1 0 0 1 0 0 1 0 0 1 0 0 1 0 0 1 0 0 1 0 0 1 0 0 1 0 0 1 0 0 1 0 0 1 0 0 1 0 0 1 0 0 1 0 0 1 0.0583924 -0.704692 0.707107 -0.0300105 -0.70647 0.707107 -0.0583924 -0.704692 0.707107 0.704559 0.0599668 0.707107 0.704559 -0.0599669 0.707107 0.707107 -1.0677e-07 0.707107 -0.148973 -0.691236 0.707107 -0.173584 -0.68547 0.707107 -0.284042 -0.64755 0.707107 -0.263649 -0.656117 0.707107 -0.370741 -0.602122 0.707107 -0.386751 -0.591966 0.707107 -0.467168 -0.530805 0.707107 -0.47891 -0.520235 0.707107 -0.558007 -0.434314 0.707107 -0.550154 -0.444219 0.707107 -0.617314 -0.344852 0.707107 -0.621882 -0.336546 0.707107 -0.666715 -0.235565 0.707107 -0.668794 -0.229597 0.707107 -0.697463 -0.116386 0.707107 -0.696936 -0.119502 0.707107 -0.707107 -1.55839e-27 0.707107 -0.707107 -4.98722e-11 0.707107 0.0898151 -0.70138 0.707107 0.173585 -0.68547 0.707107 0.284042 -0.64755 0.707107 0.207057 -0.676112 0.707107 0.386751 -0.591966 0.707107 0.318342 -0.631394 0.707107 0.420469 -0.568512 0.707107 0.47891 -0.520235 0.707107 0.558007 -0.434314 0.707107 0.5105 -0.489275 0.707107 0.621882 -0.336546 0.707107 0.585845 -0.395962 0.707107 0.644336 -0.291258 0.707107 0.668794 -0.229597 0.707107 0.697463 -0.116386 0.707107 0.684291 -0.178175 0.707107 0.585845 0.395962 0.707107 0.644336 0.291258 0.707107 0.621882 0.336546 0.707107 0.684291 0.178175 0.707107 0.697463 0.116386 0.707107 0.668794 0.229597 0.707107 0.386751 0.591966 0.707107 0.318342 0.631394 0.707107 0.420469 0.568512 0.707107 0.558007 0.434314 0.707107 0.47891 0.520235 0.707107 0.5105 0.489275 0.707107 0.0898151 0.70138 0.707107 0.0583924 0.704692 0.707107 -0.0300107 0.70647 0.707107 0.207057 0.676112 0.707107 0.284041 0.64755 0.707107 0.173585 0.685469 0.707107 -0.370741 0.602122 0.707107 -0.263649 0.656117 0.707107 -0.284041 0.64755 0.707107 -0.173584 0.68547 0.707107 -0.148973 0.691236 0.707107 -0.0583925 0.704692 0.707107 -0.558007 0.434314 0.707107 -0.550154 0.444219 0.707107 -0.47891 0.520235 0.707107 -0.386751 0.591966 0.707107 -0.467168 0.530805 0.707107 -0.617314 0.344852 0.707107 -0.621882 0.336545 0.707107 -0.668794 0.229597 0.707107 -0.666715 0.235566 0.707107 -0.697463 0.116386 0.707107 -0.696936 0.119502 0.707107 -1 1.50996e-07 0 -0.985505 0.169648 0 -1 -8.74228e-08 0 -0.985505 0.169648 0 -0.942439 0.334378 0 -0.872051 0.489414 0 -0.942439 0.334378 0 -0.776383 0.630262 0 -0.872051 0.489414 0 -0.776383 0.630262 0 -0.658206 0.752838 0 -0.520948 0.853589 0 -0.658206 0.752838 0 -0.368587 0.929593 0 -0.520948 0.853589 0 -0.368587 0.929593 0 -0.20554 0.978649 0 -0.0365349 0.999332 0 -0.20554 0.978649 0 0.133529 0.991045 0 -0.0365349 0.999332 0 0.133529 0.991045 0 0.299723 0.954026 0 0.457227 0.88935 0 0.299723 0.954026 0 0.601476 0.798891 0 0.457227 0.88935 0 0.601476 0.798891 0 0.728288 0.685272 0 0.833986 0.551786 0 0.728288 0.685272 0 0.833986 0.551786 0 -0.985505 -0.169648 0 -0.942439 -0.334378 0 -0.985505 -0.169648 0 -0.942439 -0.334378 0 -0.872051 -0.489414 0 -0.776383 -0.630262 0 -0.872052 -0.489414 0 -0.658206 -0.752838 0 -0.776383 -0.630262 0 -0.658206 -0.752838 0 -0.520948 -0.853589 0 -0.368587 -0.929593 0 -0.520948 -0.853589 0 -0.205541 -0.978649 0 -0.368587 -0.929593 0 -0.20554 -0.978649 0 -0.0365347 -0.999332 0 0.133529 -0.991045 0 -0.0365352 -0.999332 0 0.299723 -0.954026 0 0.13353 -0.991045 0 0.299723 -0.954026 0 0.457227 -0.88935 0 0.601476 -0.798891 0 0.457227 -0.88935 0 0.728288 -0.685272 0 0.601476 -0.798891 0 0.728288 -0.685272 0 0.833986 -0.551786 0 0.833986 -0.551786 0 -0.169273 -0.421253 0.891006 -0.219159 -0.545399 0.809017 -0.30818 -0.500516 0.809017 0.155871 0.0132666 0.987688 0.155871 -0.0132666 0.987688 -1.18819e-08 -1.0113e-09 1 0.0458076 -0.149577 0.987688 -3.49188e-09 1.14022e-08 1 -5.36863e-09 1.0648e-08 1 -0.238031 -0.386586 0.891006 -0.388335 -0.441234 0.809017 -0.103352 -0.117431 0.987688 -0.121712 -0.0982753 0.987688 7.87847e-09 8.95168e-09 1 -0.457318 -0.369258 0.809017 -0.29994 -0.340798 0.891006 9.27798e-09 7.49145e-09 1 -0.13657 -0.0762923 0.987688 -0.513145 -0.28666 0.809017 -0.353221 -0.285206 0.891006 -0.147499 -0.0521146 0.987688 1.04106e-08 5.8157e-09 1 -0.39634 -0.221409 0.891006 -0.554209 -0.195815 0.809017 -0.156435 8.94974e-11 0.987688 1.19249e-08 3.17743e-23 1 1.17534e-08 2.01531e-09 1 -0.428058 -0.151242 0.891006 -0.57933 -0.0993362 0.809017 -0.154184 -0.0264376 0.987688 1.12437e-08 3.97265e-09 1 -0.304572 -0.0522241 0.951056 -0.309017 3.53582e-10 0.951056 -0.453991 -9.67266e-10 0.891006 -0.44746 -0.0767248 0.891006 9.27798e-09 -7.49145e-09 1 -0.103352 0.117431 0.987688 7.87847e-09 -8.95168e-09 1 -0.707107 -2.00006e-09 0.707107 -0.587785 1.34511e-09 0.809017 -0.0956464 -0.443801 0.891006 -0.123834 -0.574592 0.809017 4.44627e-09 1.1065e-08 1 -0.0583276 -0.145154 0.987688 -0.0820198 -0.133209 0.987688 -0.0192679 -0.453582 0.891006 -0.0249463 -0.587255 0.809017 2.51232e-09 1.16572e-08 1 -0.0329575 -0.152923 0.987688 5.06106e-10 1.19141e-08 1 -0.00663927 -0.156294 0.987688 -1.51467e-09 1.18283e-08 1 0.01987 -0.155167 0.987688 0.0746592 -0.583024 0.809017 0.0576649 -0.450314 0.891006 0.132939 -0.434091 0.891006 0.172117 -0.562021 0.809017 -1.15401e-08 -3.00481e-09 1 0.204388 -0.40538 0.891006 0.264623 -0.524848 0.809017 0.0704274 -0.139684 0.987688 -7.09093e-09 9.58757e-09 1 0.0930211 -0.125773 0.987688 0.349516 -0.472578 0.809017 0.269958 -0.365007 0.891006 0.112939 -0.108243 0.987688 -8.60924e-09 8.25129e-09 1 0.327761 -0.314134 0.891006 0.424355 -0.406711 0.809017 -9.87988e-09 6.67763e-09 1 0.129608 -0.0875994 0.987688 0.142548 -0.0644356 0.987688 -1.08663e-08 4.91187e-09 1 0.376136 -0.254223 0.891006 -1.15401e-08 3.00481e-09 1 0.151387 -0.0394181 0.987688 0.413689 -0.186999 0.891006 0.486986 -0.329145 0.809017 -1.18819e-08 1.0113e-09 1 0.439342 -0.114396 0.891006 0.535607 -0.242109 0.809017 0.585668 0.0498478 0.809017 0.452355 0.0385011 0.891006 0.439342 0.114396 0.891006 0.486986 0.329145 0.809017 0.376136 0.254223 0.891006 0.327761 0.314134 0.891006 0.112939 0.108243 0.987688 -8.60924e-09 -8.25129e-09 1 -7.09093e-09 -9.58757e-09 1 0.204388 0.40538 0.891006 0.132939 0.434091 0.891006 0.264623 0.524848 0.809017 2.51233e-09 -1.16572e-08 1 -0.00663924 0.156294 0.987688 5.0611e-10 -1.19141e-08 1 -0.0956464 0.443801 0.891006 -0.0249462 0.587255 0.809017 -0.019268 0.453582 0.891006 -0.0329575 0.152923 0.987688 4.44627e-09 -1.1065e-08 1 -0.121712 0.0982753 0.987688 -0.0820197 0.133209 0.987688 -0.0583276 0.145154 0.987688 6.2523e-09 -1.01544e-08 1 -0.697463 0.116386 0.707107 1.04106e-08 -5.8157e-09 1 -0.13657 0.0762923 0.987688 -0.457318 0.369258 0.809017 -0.353221 0.285206 0.891006 -0.39634 0.221409 0.891006 -0.554209 0.195815 0.809017 -0.57933 0.0993362 0.809017 -0.668794 0.229597 0.707107 -0.154184 0.0264376 0.987688 1.17534e-08 -2.01531e-09 1 -0.621882 0.336546 0.707107 -0.513145 0.28666 0.809017 -0.304572 0.0522242 0.951056 1.12437e-08 -3.97265e-09 1 -0.147499 0.0521145 0.987688 -0.238031 0.386586 0.891006 -0.29994 0.340798 0.891006 -0.30818 0.500516 0.809017 -0.388335 0.441234 0.809017 -0.21916 0.545399 0.809017 -0.169273 0.421253 0.891006 -0.123834 0.574592 0.809017 0.0746591 0.583024 0.809017 0.0576651 0.450314 0.891006 0.01987 0.155167 0.987688 0.0458076 0.149577 0.987688 -1.51467e-09 -1.18283e-08 1 0.172117 0.562021 0.809017 0.269958 0.365007 0.891006 0.349517 0.472578 0.809017 0.0704274 0.139684 0.987688 -3.49188e-09 -1.14022e-08 1 -5.36862e-09 -1.0648e-08 1 0.424355 0.406711 0.809017 0.535607 0.242109 0.809017 0.413689 0.186999 0.891006 0.129608 0.0875994 0.987688 -9.87988e-09 -6.67763e-09 1 0.568819 0.148109 0.809017 0.585668 -0.0498477 0.809017 0.452355 -0.0385011 0.891006 0.142548 0.0644356 0.987688 -1.08663e-08 -4.91187e-09 1 0.568819 -0.148109 0.809017 -0.291365 -0.102946 0.951056 -0.697463 -0.116386 0.707107 -0.269776 -0.150706 0.951056 -0.668794 -0.229597 0.707107 -0.240426 -0.194131 0.951056 -0.621882 -0.336546 0.707107 -0.558007 -0.434314 0.707107 6.2523e-09 1.01544e-08 1 -0.20416 -0.231971 0.951056 -0.47891 -0.520235 0.707107 -0.16202 -0.263137 0.951056 -0.386751 -0.591966 0.707107 -0.115219 -0.286734 0.951056 -0.284042 -0.64755 0.707107 -0.0651035 -0.302081 0.951056 -0.173584 -0.68547 0.707107 -0.0131151 -0.308739 0.951056 -0.0583924 -0.704692 0.707107 0.0392507 -0.306514 0.951056 0.0583925 -0.704692 0.707107 0.0904872 -0.295472 0.951056 0.173584 -0.68547 0.707107 0.139121 -0.275929 0.951056 0.284042 -0.64755 0.707107 0.183752 -0.248449 0.951056 0.386751 -0.591966 0.707107 0.223097 -0.213821 0.951056 0.47891 -0.520235 0.707107 0.256024 -0.173042 0.951056 0.558007 -0.434314 0.707107 0.281585 -0.127285 0.951056 0.621882 -0.336546 0.707107 0.299046 -0.0778655 0.951056 0.668794 -0.229597 0.707107 0.307904 -0.0262065 0.951056 0.697463 -0.116386 0.707107 0.151387 0.0394181 0.987688 0.307904 0.0262065 0.951056 0.707107 6.18172e-08 0.707107 0.697463 0.116386 0.707107 0.299046 0.0778655 0.951056 0.668794 0.229597 0.707107 0.281585 0.127284 0.951056 0.621882 0.336546 0.707107 0.256024 0.173042 0.951056 0.558007 0.434314 0.707107 0.223097 0.213821 0.951056 0.0930212 0.125773 0.987688 0.47891 0.520235 0.707107 0.183752 0.248449 0.951056 0.386751 0.591966 0.707107 0.139121 0.275929 0.951056 0.284041 0.64755 0.707107 0.0904873 0.295472 0.951056 0.173585 0.68547 0.707107 0.0392506 0.306514 0.951056 0.0583925 0.704692 0.707107 -0.013115 0.308739 0.951056 -0.0583925 0.704692 0.707107 -0.0651035 0.302081 0.951056 -0.173584 0.68547 0.707107 -0.115219 0.286734 0.951056 -0.284041 0.64755 0.707107 -0.16202 0.263137 0.951056 -0.428058 0.151242 0.891006 -0.386751 0.591966 0.707107 -0.20416 0.231971 0.951056 -0.47891 0.520235 0.707107 -0.240426 0.194131 0.951056 -0.558007 0.434314 0.707107 -0.269776 0.150706 0.951056 -0.44746 0.0767248 0.891006 -0.291365 0.102946 0.951056 0.644336 -0.291258 0.707107 0.737199 -0.333235 0.587785 0.670278 -0.453029 0.587785 0.584075 -0.55979 0.587785 0.585845 -0.395962 0.707107 0.78796 -0.532568 0.309017 0.713068 -0.68342 0.156434 0.686621 -0.658073 0.309017 0.481068 -0.650447 0.587785 0.5105 -0.489275 0.707107 0.587312 -0.794098 0.156434 0.56553 -0.764647 0.309017 0.420469 -0.568512 0.707107 0.364222 -0.722392 0.587785 0.444661 -0.881932 0.156434 0.428169 -0.849223 0.309017 0.684291 -0.178175 0.707107 0.278491 -0.909369 0.309017 0.289218 -0.944395 0.156434 0.236899 -0.773555 0.587785 0.10276 -0.802464 0.587785 0.207057 -0.676112 0.707107 0.120801 -0.943353 0.309017 0.125454 -0.979689 0.156434 0.0898151 -0.70138 0.707107 -0.0343357 -0.808288 0.587785 -0.0419187 -0.986798 0.156434 -0.040364 -0.9502 0.309017 -0.170443 -0.790859 0.587785 -0.0300105 -0.70647 0.707107 -0.208085 -0.96552 0.156434 -0.200368 -0.92971 0.309017 -0.301647 -0.750678 0.587785 -0.148973 -0.691236 0.707107 -0.354608 -0.882475 0.309017 -0.368266 -0.916465 0.156434 -0.263649 -0.656117 0.707107 -0.424173 -0.688901 0.587785 -0.517852 -0.841045 0.156434 -0.498646 -0.809852 0.309017 -0.534497 -0.607307 0.587785 -0.370741 -0.602122 0.707107 -0.652541 -0.74143 0.156434 -0.628339 -0.713932 0.309017 0.318342 -0.631394 0.707107 -0.739956 -0.597473 0.309017 -0.768457 -0.620486 0.156434 -0.550154 -0.444219 0.707107 -0.629444 -0.508241 0.587785 -0.706283 -0.394553 0.587785 -0.862266 -0.481691 0.156434 -0.830286 -0.463825 0.309017 -0.467168 -0.530806 0.707107 -0.931269 -0.329038 0.156434 -0.89673 -0.316835 0.309017 -0.891007 -1.62591e-10 0.453991 -0.87819 -0.150581 0.453991 -0.951057 9.93187e-10 0.309017 -0.973481 -0.16692 0.156434 -0.937376 -0.160729 0.309017 -0.696936 -0.119502 0.707107 -0.666715 -0.235565 0.707107 -0.79738 -0.136725 0.587785 -0.707107 -1.25607e-15 0.707107 -0.809017 -7.38152e-11 0.587785 -0.987688 -3.60467e-10 0.156434 -0.666715 0.235566 0.707107 -0.706283 0.394553 0.587785 -0.617314 0.344852 0.707107 -1 -1.68609e-11 8.74228e-08 0.806102 -0.0686094 0.587785 0.704559 -0.0599669 0.707107 0.704559 0.0599668 0.707107 0.86663 -0.391742 0.309017 0.818309 -0.55308 0.156434 0.782912 -0.203854 0.587785 0.920369 -0.239645 0.309017 0.90001 -0.40683 0.156434 0.94763 -0.0806552 0.309017 0.955819 -0.248876 0.156434 0.98413 -0.0837618 0.156434 0.94763 0.0806552 0.309017 0.806102 0.0686094 0.587785 0.920369 0.239645 0.309017 0.98413 0.0837618 0.156434 0.737199 0.333235 0.587785 0.644336 0.291258 0.707107 0.585845 0.395962 0.707107 0.86663 0.391741 0.309017 0.955819 0.248876 0.156434 0.782912 0.203854 0.587785 0.90001 0.40683 0.156434 0.787959 0.532568 0.309017 0.420469 0.568512 0.707107 0.584075 0.55979 0.587785 0.5105 0.489275 0.707107 0.686621 0.658073 0.309017 0.818309 0.553081 0.156434 0.318342 0.631394 0.707107 0.481068 0.650447 0.587785 0.56553 0.764647 0.309017 0.713068 0.68342 0.156434 0.207057 0.676112 0.707107 0.364222 0.722392 0.587785 0.428169 0.849223 0.309017 0.587312 0.794099 0.156434 0.278491 0.909369 0.309017 0.444661 0.881933 0.156434 0.0898151 0.70138 0.707107 -0.0300107 0.70647 0.707107 0.102759 0.802464 0.587785 0.120801 0.943353 0.309017 0.289218 0.944395 0.156434 -0.148973 0.691236 0.707107 -0.0343359 0.808288 0.587785 0.125454 0.979689 0.156434 -0.0403638 0.9502 0.309017 -0.200368 0.92971 0.309017 -0.0419185 0.986798 0.156434 -0.170443 0.790859 0.587785 -0.354608 0.882475 0.309017 -0.208085 0.96552 0.156434 -0.424173 0.688902 0.587785 -0.370741 0.602122 0.707107 -0.467168 0.530805 0.707107 -0.368266 0.916465 0.156434 -0.498646 0.809852 0.309017 -0.550154 0.444219 0.707107 -0.534497 0.607307 0.587785 -0.628339 0.713932 0.309017 -0.517852 0.841045 0.156434 -0.739956 0.597472 0.309017 -0.652541 0.741431 0.156434 -0.629444 0.508241 0.587785 -0.79738 0.136725 0.587785 -0.696936 0.119502 0.707107 -0.87819 0.150581 0.453991 -0.84011 0.29683 0.453991 -0.873014 0.487695 8.74228e-08 -0.778036 0.62822 8.74228e-08 -0.862266 0.481691 0.156434 -0.768457 0.620485 0.156434 -0.830286 0.463825 0.309017 -0.985616 0.169001 8.74228e-08 -0.942877 0.33314 8.74228e-08 -0.931269 0.329039 0.156434 -0.973481 0.16692 0.156434 -0.937376 0.160729 0.309017 -0.617314 -0.344852 0.707107 -0.762804 -0.269516 0.587785 -0.84011 -0.29683 0.453991 -0.985616 -0.169001 8.74228e-08 -0.942877 -0.33314 8.74228e-08 -0.777861 -0.434539 0.453991 -0.693235 -0.559748 0.453991 -0.873014 -0.487695 8.74228e-08 -0.778036 -0.62822 8.74228e-08 -0.588665 -0.668854 0.453991 -0.467161 -0.758718 0.453991 -0.660675 -0.750672 8.74228e-08 -0.332218 -0.826755 0.453991 -0.524307 -0.851529 8.74228e-08 -0.187717 -0.871008 0.453991 -0.372857 -0.927889 8.74228e-08 -0.0378154 -0.890204 0.453991 -0.210679 -0.977555 8.74228e-08 0.113174 -0.88379 0.453991 -0.0424412 -0.999099 8.74228e-08 0.127018 -0.9919 8.74228e-08 0.260907 -0.851951 0.453991 0.401134 -0.795603 0.453991 0.292823 -0.956167 8.74228e-08 0.450204 -0.892926 8.74228e-08 0.529822 -0.716367 0.453991 0.643268 -0.616522 0.453991 0.594633 -0.803997 8.74228e-08 0.721956 -0.691939 8.74228e-08 0.738208 -0.498941 0.453991 0.81191 -0.367007 0.453991 0.82851 -0.559975 8.74228e-08 0.911229 -0.411901 8.74228e-08 0.862256 -0.224514 0.453991 0.967733 -0.251978 8.74228e-08 0.887797 -0.0755626 0.453991 0.684291 0.178175 0.707107 0.996397 -0.0848059 8.74228e-08 0.887797 0.0755626 0.453991 0.996397 0.0848059 8.74228e-08 0.862256 0.224514 0.453991 0.967733 0.251978 8.74228e-08 0.670278 0.453029 0.587785 0.81191 0.367007 0.453991 0.911229 0.411901 8.74228e-08 0.738207 0.498941 0.453991 0.82851 0.559975 8.74228e-08 0.643268 0.616522 0.453991 0.721956 0.691939 8.74228e-08 0.529822 0.716367 0.453991 0.594633 0.803997 8.74228e-08 0.236899 0.773555 0.587785 0.401134 0.795603 0.453991 0.260907 0.851951 0.453991 0.450204 0.892926 8.74228e-08 0.292823 0.956167 8.74228e-08 0.113174 0.88379 0.453991 0.127018 0.9919 8.74228e-08 -0.263649 0.656117 0.707107 -0.0378152 0.890204 0.453991 -0.042441 0.999099 8.74228e-08 -0.301647 0.750678 0.587785 -0.187717 0.871008 0.453991 -0.210679 0.977555 8.74228e-08 -0.332218 0.826755 0.453991 -0.372857 0.927889 8.74228e-08 -0.467161 0.758718 0.453991 -0.524307 0.851529 8.74228e-08 -0.588666 0.668854 0.453991 -0.660674 0.750673 8.74228e-08 -0.693235 0.559748 0.453991 -0.762804 0.269516 0.587785 -0.777861 0.434539 0.453991 -0.89673 0.316835 0.309017 0.942877 0.33314 0 0.985616 0.169001 0 0.942877 0.33314 0 1 -1.74846e-07 0 0.985616 0.169001 0 1 3.01992e-07 0 0.778036 0.62822 0 0.660675 0.750672 0 0.660675 0.750672 0 0.778036 0.62822 0 0.873014 0.487695 0 0.873014 0.487695 0 0.210679 0.977555 0 0.372856 0.927889 0 0.210679 0.977555 0 0.372857 0.927889 0 0.524307 0.851529 0 0.524307 0.851529 0 -0.292823 0.956167 0 -0.292823 0.956167 0 -0.127018 0.9919 0 0.0424415 0.999099 0 -0.127018 0.9919 0 0.042441 0.999099 0 -0.594633 0.803997 0 -0.721956 0.691939 0 -0.721956 0.691939 0 -0.450204 0.892926 0 -0.450204 0.892926 0 -0.594633 0.803997 0 -0.967733 0.251978 0 -0.911228 0.411901 0 -0.967733 0.251978 0 -0.911228 0.411901 0 -0.82851 0.559975 0 -0.82851 0.559975 0 -0.967733 -0.251978 -0 -0.967733 -0.251978 -0 -0.996397 -0.0848059 -0 -0.996397 0.0848059 0 -0.996397 -0.0848059 -0 -0.996397 0.0848059 0 -0.82851 -0.559975 -0 -0.721956 -0.691939 -0 -0.721956 -0.691939 -0 -0.911228 -0.411901 -0 -0.911229 -0.411901 -0 -0.82851 -0.559975 -0 -0.292823 -0.956167 -0 -0.450204 -0.892926 -0 -0.292823 -0.956167 -0 -0.450204 -0.892926 -0 -0.594633 -0.803997 -0 -0.594633 -0.803997 -0 0.210679 -0.977555 0 0.0424412 -0.999099 0 0.0424412 -0.999099 0 -0.127018 -0.9919 -0 -0.127018 -0.9919 -0 0.210679 -0.977555 0 0.372857 -0.927889 0 0.372856 -0.927889 0 0.524307 -0.851529 0 0.660675 -0.750672 0 0.524307 -0.851529 0 0.660675 -0.750672 0 0.778036 -0.62822 0 0.778036 -0.62822 0 0.873014 -0.487695 0 0.942877 -0.33314 0 0.873014 -0.487695 0 0.942877 -0.33314 0 0.985616 -0.169001 0 0.985616 -0.169001 0 0.942877 0.33314 0 0.985616 0.169001 0 0.942877 0.33314 0 1 -1.74846e-07 0 0.985616 0.169001 0 1 3.01992e-07 0 0.778036 0.62822 0 0.660675 0.750672 0 0.660675 0.750672 0 0.778036 0.62822 0 0.873014 0.487695 0 0.873014 0.487695 0 0.210679 0.977555 0 0.372856 0.927889 0 0.210679 0.977555 0 0.372857 0.927889 0 0.524307 0.851529 0 0.524307 0.851529 0 -0.292823 0.956167 0 -0.292823 0.956167 0 -0.127018 0.9919 0 0.0424415 0.999099 0 -0.127018 0.9919 0 0.042441 0.999099 0 -0.594633 0.803997 0 -0.721956 0.691939 0 -0.721956 0.691939 0 -0.450204 0.892926 0 -0.450204 0.892926 0 -0.594633 0.803997 0 -0.967733 0.251978 0 -0.911228 0.411901 0 -0.967733 0.251978 0 -0.911228 0.411901 0 -0.82851 0.559975 0 -0.82851 0.559975 0 -0.967733 -0.251978 -0 -0.967733 -0.251978 -0 -0.996397 -0.0848059 -0 -0.996397 0.0848059 0 -0.996397 -0.0848059 -0 -0.996397 0.0848059 0 -0.82851 -0.559975 -0 -0.721956 -0.691939 -0 -0.721956 -0.691939 -0 -0.911228 -0.411901 -0 -0.911229 -0.411901 -0 -0.82851 -0.559975 -0 -0.292823 -0.956167 -0 -0.450204 -0.892926 -0 -0.292823 -0.956167 -0 -0.450204 -0.892926 -0 -0.594633 -0.803997 -0 -0.594633 -0.803997 -0 0.210679 -0.977555 0 0.0424412 -0.999099 0 0.0424412 -0.999099 0 -0.127018 -0.9919 -0 -0.127018 -0.9919 -0 0.210679 -0.977555 0 0.372857 -0.927889 0 0.372856 -0.927889 0 0.524307 -0.851529 0 0.660675 -0.750672 0 0.524307 -0.851529 0 0.660675 -0.750672 0 0.778036 -0.62822 0 0.778036 -0.62822 0 0.873014 -0.487695 0 0.942877 -0.33314 0 0.873014 -0.487695 0 0.942877 -0.33314 0 0.985616 -0.169001 0 0.985616 -0.169001 0 0.942877 0.33314 0 0.985616 0.169001 0 0.942877 0.33314 0 1 -1.74846e-07 0 0.985616 0.169001 0 1 3.01992e-07 0 0.778036 0.62822 0 0.660675 0.750672 0 0.660675 0.750672 0 0.778036 0.62822 0 0.873014 0.487695 0 0.873014 0.487695 0 0.210679 0.977555 0 0.372856 0.927889 0 0.210679 0.977555 0 0.372857 0.927889 0 0.524307 0.851529 0 0.524307 0.851529 0 -0.292823 0.956167 0 -0.292823 0.956167 0 -0.127018 0.9919 0 0.0424415 0.999099 0 -0.127018 0.9919 0 0.042441 0.999099 0 -0.594633 0.803997 0 -0.721956 0.691939 0 -0.721956 0.691939 0 -0.450204 0.892926 0 -0.450204 0.892926 0 -0.594633 0.803997 0 -0.967733 0.251978 0 -0.911228 0.411901 0 -0.967733 0.251978 0 -0.911228 0.411901 0 -0.82851 0.559975 0 -0.82851 0.559975 0 -0.967733 -0.251978 -0 -0.967733 -0.251978 -0 -0.996397 -0.0848059 -0 -0.996397 0.0848059 0 -0.996397 -0.0848059 -0 -0.996397 0.0848059 0 -0.82851 -0.559975 -0 -0.721956 -0.691939 -0 -0.721956 -0.691939 -0 -0.911228 -0.411901 -0 -0.911229 -0.411901 -0 -0.82851 -0.559975 -0 -0.292823 -0.956167 -0 -0.450204 -0.892926 -0 -0.292823 -0.956167 -0 -0.450204 -0.892926 -0 -0.594633 -0.803997 -0 -0.594633 -0.803997 -0 0.210679 -0.977555 0 0.0424412 -0.999099 0 0.0424412 -0.999099 0 -0.127018 -0.9919 -0 -0.127018 -0.9919 -0 0.210679 -0.977555 0 0.372857 -0.927889 0 0.372856 -0.927889 0 0.524307 -0.851529 0 0.660675 -0.750672 0 0.524307 -0.851529 0 0.660675 -0.750672 0 0.778036 -0.62822 0 0.778036 -0.62822 0 0.873014 -0.487695 0 0.942877 -0.33314 0 0.873014 -0.487695 0 0.942877 -0.33314 0 0.985616 -0.169001 0 0.985616 -0.169001 0 0.942877 0.33314 0 0.985616 0.169001 0 0.942877 0.33314 0 1 -1.74846e-07 0 0.985616 0.169001 0 1 3.01992e-07 0 0.778036 0.62822 0 0.660675 0.750672 0 0.660675 0.750672 0 0.778036 0.62822 0 0.873014 0.487695 0 0.873014 0.487695 0 0.210679 0.977555 0 0.372856 0.927889 0 0.210679 0.977555 0 0.372857 0.927889 0 0.524307 0.851529 0 0.524307 0.851529 0 -0.292823 0.956167 0 -0.292823 0.956167 0 -0.127018 0.9919 0 0.0424415 0.999099 0 -0.127018 0.9919 0 0.042441 0.999099 0 -0.594633 0.803997 0 -0.721956 0.691939 0 -0.721956 0.691939 0 -0.450204 0.892926 0 -0.450204 0.892926 0 -0.594633 0.803997 0 -0.967733 0.251978 0 -0.911228 0.411901 0 -0.967733 0.251978 0 -0.911228 0.411901 0 -0.82851 0.559975 0 -0.82851 0.559975 0 -0.967733 -0.251978 -0 -0.967733 -0.251978 -0 -0.996397 -0.0848059 -0 -0.996397 0.0848059 0 -0.996397 -0.0848059 -0 -0.996397 0.0848059 0 -0.82851 -0.559975 -0 -0.721956 -0.691939 -0 -0.721956 -0.691939 -0 -0.911228 -0.411901 -0 -0.911229 -0.411901 -0 -0.82851 -0.559975 -0 -0.292823 -0.956167 -0 -0.450204 -0.892926 -0 -0.292823 -0.956167 -0 -0.450204 -0.892926 -0 -0.594633 -0.803997 -0 -0.594633 -0.803997 -0 0.210679 -0.977555 0 0.0424412 -0.999099 0 0.0424412 -0.999099 0 -0.127018 -0.9919 -0 -0.127018 -0.9919 -0 0.210679 -0.977555 0 0.372857 -0.927889 0 0.372856 -0.927889 0 0.524307 -0.851529 0 0.660675 -0.750672 0 0.524307 -0.851529 0 0.660675 -0.750672 0 0.778036 -0.62822 0 0.778036 -0.62822 0 0.873014 -0.487695 0 0.942877 -0.33314 0 0.873014 -0.487695 0 0.942877 -0.33314 0 0.985616 -0.169001 0 0.985616 -0.169001 0 0 0 1 0 0 1 0 0 1 0 0 1 0 0 1 0 0 1 0 0 1 0 0 1 0 0 1 0 0 1 0 0 1 0 0 1 0 0 1 0 0 1 0 0 1 0 0 1 0 0 1 0 0 1 0 0 1 0 0 1 0 0 1 0 0 1 0 0 1 0 0 1 0 0 1 0 0 1 0 0 1 0 0 1 0 0 1 0 0 1 0 0 1 0 0 1 0 0 1 0 0 1 0 0 1 0 0 1 0 0 1 0 0 1 0 0 1 0 0 1 0 0 1 0 0 1 -0.5 -0.866025 -0 -0.5 -0.866025 -0 -0.5 -0.866025 -0 -0.5 -0.866025 -0 -1 -0 -0 -1 -0 -0 -1 -0 -0 -1 -0 -0 -0.5 0.866025 0 -0.5 0.866025 0 -0.5 0.866025 0 -0.5 0.866025 0 0.5 0.866025 0 0.5 0.866025 0 0.5 0.866025 0 0.5 0.866025 0 0 0 -1 0 0 -1 0 0 -1 0 0 -1 0 0 -1 0 0 1 0 0 1 0 0 1 0 0 1 0 0 1 0 0 1 0 0 1 0 0 1 0 0 1 0 0 1 0 0 1 0 0 1 0 0 1 0 0 1 0 0 1 0 0 1 0 0 1 0 0 1 0 0 1 0 0 1 0 0 1 0 0 1 0 0 1 0 0 1 0 0 1 0 0 1 0 0 1 0 0 1 0 0 1 0 0 1 0 0 1 0 0 1 0 0 1 0 0 1 0 0 1 0 0 1 0 0 1 0 0 1 0 0 1 0 0 1 0 0 1 0 0 1 -0.5 0.866025 0 -0.5 0.866025 0 -0.5 0.866025 0 -0.5 0.866025 0 0.5 0.866025 0 0.5 0.866025 0 0.5 0.866025 0 0.5 0.866025 0 1 9.61481e-15 0 1 9.61481e-15 0 1 9.61481e-15 0 1 9.61481e-15 0 0.5 -0.866025 0 0.5 -0.866025 0 0.5 -0.866025 0 0.5 -0.866025 0 0 0 -1 0 0 -1 0 0 -1 0 0 -1 0 0 -1 0 0 1 0 0 1 0 0 1 0 0 1 0 0 1 0 0 1 0 0 1 0 0 1 0 0 1 0 0 1 0 0 1 0 0 1 0 0 1 0 0 1 0 0 1 0 0 1 0 0 1 0 0 1 0 0 1 0 0 1 0 0 1 0 0 1 0 0 1 0 0 1 0 0 1 0 0 1 0 0 1 0 0 1 0 0 1 0 0 1 0 0 1 0 0 1 0 0 1 0 0 1 0 0 1 0 0 1 0 0 1 0 0 1 0 0 1 0 0 1 0 0 1 0 0 1 -0.5 -0.866025 -0 -0.5 -0.866025 -0 -0.5 -0.866025 -0 -0.5 -0.866025 -0 0.5 0.866025 0 0.5 0.866025 0 0.5 0.866025 0 0.5 0.866025 0 1 2.4037e-15 0 1 2.4037e-15 0 1 2.4037e-15 0 1 2.4037e-15 0 0.5 -0.866025 0 0.5 -0.866025 0 0.5 -0.866025 0 0.5 -0.866025 0 0 0 -1 0 0 -1 0 0 -1 0 0 -1 0 0 -1 0 0 1 0 0 1 0 0 1 0 0 1 0 0 1 0 0 1 0 0 1 0 0 1 0 0 1 0 0 1 0 0 1 0 0 1 0 0 1 0 0 1 0 0 1 0 0 1 0 0 1 0 0 1 0 0 1 0 0 1 0 0 1 0 0 1 0 0 1 0 0 1 0 0 1 0 0 1 0 0 1 0 0 1 0 0 1 0 0 1 0 0 1 0 0 1 0 0 1 0 0 1 0 0 1 0 0 1 0 0 1 0 0 1 0 0 1 0 0 1 0 0 1 0 0 1 0.5 -0.866025 0 0.5 -0.866025 0 0.5 -0.866025 0 0.5 -0.866025 0 -0.5 -0.866025 -0 -0.5 -0.866025 -0 -0.5 -0.866025 -0 -0.5 -0.866025 -0 -1 4.80741e-15 0 -1 4.80741e-15 0 -1 4.80741e-15 0 -1 4.80741e-15 0 -0.5 0.866025 0 -0.5 0.866025 0 -0.5 0.866025 0 -0.5 0.866025 0 0 0 -1 0 0 -1 0 0 -1 0 0 -1 0 0 -1 0 0 -1 0 0 -1 0 0 -1 0 0 -1 0 0 -1 0 0 -1 0 0 -1 0 0 -1 0 0 -1 0 0 -1 0 0 -1 0 0 -1 0 0 -1 0 0 -1 0 0 -1 0 0 -1 0 0 -1 0 0 -1 0 0 -1 0 0 -1 0 0 -1 0 0 -1 0 0 -1 0 0 -1 0 0 -1 0 0 -1 0 0 -1 0 0 -1 0 0 -1 0 0 -1 0 0 -1 0 0 -1 0 0 -1 0 0 -1 0 0 -1 0 0 -1 0 0 -1 0 0 -1 0 0 -1 0 0 -1 0 0 -1 0 0 -1 0 0 -1 0 0 -1 0 0 -1 0 0 -1 0 0 -1 0 0 -1 0 0 -1 -1.4161e-16 -1 0 -1.4161e-16 -1 0 -1.4161e-16 -1 0 -1.4161e-16 -1 0 -1.4161e-16 -1 0 -1.4161e-16 -1 0 -1.4161e-16 -1 0 0 1 0 0 1 0 0 1 0 0 1 0 0 1 0 0 1 0 0 1 0 1 0 0 1 0 0 1 0 0 1 0 0 0.912557 0.40895 0 0.838625 0.544709 0 0.844594 0.535407 0 0.961712 0.274064 0 0.917021 0.398839 0 0.970269 0.24203 0 0.991045 0.13353 0 0.999952 -0.00975701 0 0.996907 0.0785843 0 0.988251 -0.152843 0 0.996207 -0.0870167 0 0.968186 -0.250231 0 0.956181 -0.292778 0 0.904403 -0.426679 0 0.913614 -0.406584 0 0.833986 -0.551786 0 0.833986 -0.551786 0 0.759224 0.650829 0 0.73723 0.675642 0 0.658206 0.752838 0 0.615618 0.788045 0 0.543622 0.83933 0 0.417834 0.908523 0 0.477122 0.878837 0 0.325542 0.945528 0 0.283434 0.958992 0 0.165034 0.986288 0 0.143193 0.989695 0 2.01531e-07 1 0 -2.75306e-07 1 0 0.889966 -0.447336 0.0886009 0.833986 -0.551786 -2.63086e-08 0.90439 -0.426707 -0.00011977 0.963482 -0.237978 0.122753 0.956203 -0.292705 0.000305186 0.954659 -0.155696 0.253743 0.920662 -0.0768562 0.38272 0.897159 -0.293776 0.329851 0.786293 -0.358423 0.503266 0.743087 -0.491645 0.453991 0.81439 -0.423583 0.396669 0.73815 -0.297872 0.605316 0.671265 -0.243568 0.700056 0.589717 -0.390171 0.707107 0.781484 0.0621128 0.620826 0.862412 -0.00359254 0.506195 0.804208 0.2145 0.554291 0.619544 0.253587 0.742872 0.68007 0.118482 0.723511 0.698174 0.273436 0.661653 0.550576 0.603778 0.57647 0.675436 0.556093 0.4843 0.515534 0.721549 0.462159 0.781703 0.497027 0.376702 0.635233 0.675835 0.373799 0.403286 0.89338 0.198074 0.577139 0.776543 0.25277 0.502789 0.855378 0.124622 0.468942 0.681119 0.56229 0.391273 0.791703 0.46916 0.291659 0.921282 0.257243 0.303066 0.880963 0.363395 0.465972 0.818998 0.334832 0.233843 0.966446 0.106304 0.206696 0.946494 0.247841 0.10476 0.986533 0.125612 0.143418 0.989662 0.000147767 -6.40672e-08 1 -2.53677e-08 0.823718 -0.544992 0.156434 0.696615 0.420689 0.581161 0.53398 0.55219 0.640274 0.584635 0.408389 0.701014 0.638811 -0.0721527 0.765973 0.637767 0.0919556 0.764721 0.674709 -0.446404 0.587785 0.283517 0.958967 0.000405897 0.737108 0.619211 0.270648 0.417762 0.908556 0.000563761 0.73675 -0.0920234 0.669874 0.622649 -0.234318 0.746594 0.804282 0.360845 0.472145 0.866503 0.428178 0.256586 0.671752 0.723954 0.156972 0.54351 0.839403 0.000550024 0.888822 0.145801 0.434439 0.811712 -0.152885 0.563693 0.890199 0.291089 0.350448 0.95204 0.213308 0.219361 0.818403 0.553207 0.155497 0.747252 0.662655 0.050029 0.658119 0.752914 0.000425577 0.865668 -0.220748 0.449321 0.949726 0.0692006 0.30534 0.927541 0.351408 0.127203 0.912552 0.408961 4.7894e-05 0.844581 0.535427 8.77438e-05 0.759177 0.650884 0.000260116 0.985271 -0.0132301 0.170488 0.988133 0.129608 0.0824318 0.961703 0.274094 0.000119646 0.793168 -0.524779 0.309017 0.905332 -0.369993 0.208517 0.988261 -0.152772 0.000277824 0.999953 -0.00969767 0.000227669 0.991039 0.133575 0.000175305 0.0914464 0.989554 0.111451 0 1 0 9.19057e-09 1 -7.53629e-09 0.187696 0.955239 0.228667 0.206411 0.946645 0.247501 0.104888 0.986499 0.125769 0.391081 0.791933 0.468933 0.442699 0.716026 0.539744 0.469083 0.680884 0.562457 0.37038 0.811865 0.451325 0.303335 0.880737 0.363716 0.284114 0.894141 0.346107 0.619606 0.253223 0.742944 0.58455 0.408682 0.700914 0.602614 0.305185 0.737372 0.533979 0.55219 0.640275 0.544747 0.510595 0.66524 0.62815 0.10966 0.770326 0.637736 0.0924294 0.764689 0.618839 0.205905 0.758051 0.631451 0.0152073 0.775267 0.638791 -0.0726202 0.765945 0.629177 -0.0775732 0.773381 0.6218 -0.166654 0.765239 0.622678 -0.234117 0.746633 0.609767 -0.252278 0.751359 0.589717 -0.390171 0.707107 0.593301 -0.33496 0.731981 0.572426 -0.415124 0.707107 0.500465 0.613738 0.610623 0.578161 0.407761 0.706725 0.912557 -0.40895 0 0.917021 -0.398838 0 0.961711 -0.274064 0 0.991045 -0.133529 0 0.970269 -0.24203 0 0.996907 -0.0785843 0 0.999952 0.00975695 0 0.996207 0.0870168 0 0.988251 0.152842 0 0.956181 0.292778 0 0.968186 0.250231 0 0.913613 0.406584 0 0.904403 0.426679 0 0.833986 0.551786 0 0.833986 0.551786 0 0.844594 -0.535407 0 0.759224 -0.650829 0 0.838625 -0.544709 0 0.658206 -0.752838 0 0.73723 -0.675642 0 0.615617 -0.788045 0 0.543622 -0.83933 0 0.417834 -0.908523 0 0.477122 -0.878837 0 0.283434 -0.958992 0 0.325542 -0.945528 0 0.165034 -0.986288 0 0.143193 -0.989695 0 -1.0046e-07 -1 0 -1.0046e-07 -1 0 0.622078 0.41075 -0.666561 0.702041 0.464511 -0.539785 0.75469 0.383908 -0.532032 0.55572 0.282692 -0.781832 0.415075 0.274873 -0.86727 0.523473 0.345751 -0.778737 0.664595 0.338077 -0.666347 0.431141 0.21932 -0.875223 0.305612 0.203276 -0.930204 0.46011 0.149275 -0.875223 0.314159 0.101924 -0.943883 0.29438 0.14975 -0.943883 0.154218 0.103317 -0.98262 0.149299 0.0759479 -0.985871 -3.62311e-08 -2.44539e-08 -1 0.759983 0.504861 -0.409318 0.797771 0.532785 -0.282314 0.823459 0.41889 -0.382683 0.949696 0.308114 -0.0560705 0.868958 0.442036 -0.222521 0.889903 0.45269 -0.0560705 0.819152 0.550463 -0.161186 0.914017 0.296538 0.276836 0.885701 0.450553 0.111964 0.856471 0.435683 0.276836 0.813704 0.558564 0.160913 0.824902 0.562067 0.0601343 0.664338 -0.474157 0.57778 0.704325 -0.498711 0.505187 0.726914 -0.369778 0.578671 0.620272 -0.446252 0.645075 0.7952 0.550014 0.255229 0.775755 -0.251681 0.578671 0.889907 -0.140747 0.433884 0.805548 -0.127405 0.578671 0.73983 0.519725 0.427245 0.803038 0.408502 0.433884 0.770338 0.536939 0.343914 0.815561 -7.12986e-08 0.578671 0.805548 0.127405 0.578671 0.707107 -6.18172e-08 0.707107 0.704322 0.498708 0.505194 0.630248 0.320605 0.707107 0.672594 0.218213 0.707107 0.726914 0.369778 0.578671 0.664334 0.474153 0.577788 0.620268 0.446249 0.64508 0.572426 0.415124 0.707107 0.795206 -0.550018 0.2552 0.856471 -0.435683 0.276836 0.770339 -0.53694 0.343909 0.885701 -0.450553 0.111964 0.945211 -0.306659 0.111964 0.803038 -0.408502 0.433884 0.73983 -0.519725 0.427244 0.981512 -0.155235 0.111964 0.998427 -8.72853e-08 -0.0560705 0.993712 -8.68731e-08 0.111964 0.630248 -0.320605 0.707107 0.572426 -0.415124 0.707107 0.94912 0.150112 0.276836 0.945211 0.306659 0.111964 0.827334 0.559716 -0.0472917 0.593059 0.192409 -0.781832 0.47778 0.0755654 -0.875223 0.483719 -4.22881e-08 -0.875223 0.326224 0.0515954 -0.943883 0.16545 -0.0261674 -0.985871 0.167506 -1.46439e-08 -0.985871 0.326224 -0.0515954 -0.943883 0.159331 -0.0516923 -0.985871 -4.17995e-08 1.27862e-08 -1 0.314159 -0.101924 -0.943883 -3.94491e-08 1.8827e-08 -1 0.149299 -0.0759479 -0.985871 -3.62311e-08 2.44539e-08 -1 0.698425 0.110462 0.707107 0.775755 0.251682 0.578671 0.698425 -0.110462 0.707107 0.92388 -8.07681e-08 -0.382683 0.912537 -0.144326 -0.382683 0.846724 -7.4023e-08 -0.532032 0.856995 0.278038 0.433884 0.927344 0.300862 -0.222521 0.878787 0.285109 -0.382683 0.805397 0.261299 -0.532032 0.709249 0.230105 -0.666347 0.330279 -2.88739e-08 -0.943883 0.16545 0.0261674 -0.985871 0.159331 0.0516923 -0.985871 -3.94491e-08 -1.8827e-08 -1 0.856995 -0.278038 0.433884 0.889907 0.140747 0.433884 0.981512 0.155235 0.111964 0.986169 0.155972 -0.0560705 0.962958 0.152301 -0.222521 0.912537 0.144326 -0.382683 0.836329 0.132273 -0.532032 0.736488 0.116482 -0.666347 0.615835 0.0974001 -0.781832 -4.17995e-08 -1.27862e-08 -1 0.960917 -8.40061e-08 0.276836 0.672594 -0.218213 0.707107 0.900969 -7.87652e-08 0.433884 0.974928 -8.52309e-08 -0.222521 0.745642 -6.51861e-08 -0.666347 0.62349 -5.45072e-08 -0.781832 -4.32308e-08 -6.46417e-09 -1 0.94912 -0.150112 0.276836 0.889903 -0.45269 -0.0560705 0.949696 -0.308114 -0.0560705 0.986169 -0.155972 -0.0560705 0.962958 -0.152301 -0.222521 0.805397 -0.261298 -0.532032 0.709249 -0.230105 -0.666347 0.736488 -0.116482 -0.666347 0.836329 -0.132273 -0.532032 0.615835 -0.0974 -0.781832 0.47778 -0.0755654 -0.875223 -4.37114e-08 3.82137e-15 -1 0.914017 -0.296538 0.276836 0.927344 -0.300862 -0.222521 0.878787 -0.285109 -0.382683 0.593059 -0.192409 -0.781832 0.664595 -0.338077 -0.666347 0.55572 -0.282692 -0.781832 0.46011 -0.149275 -0.875223 -4.32308e-08 6.46417e-09 -1 0.813706 -0.558567 0.160892 0.824903 -0.562068 0.0601246 0.868958 -0.442036 -0.222521 0.823459 -0.41889 -0.382683 0.75469 -0.383908 -0.532032 0.622218 -0.410845 -0.666372 0.415099 -0.274886 -0.867254 0.431141 -0.21932 -0.875223 0.29438 -0.14975 -0.943883 0.827333 -0.559717 -0.0473014 0.81914 -0.550457 -0.161267 0.797766 -0.532787 -0.282325 0.759987 -0.504868 -0.409302 0.70205 -0.464518 -0.539768 0.523668 -0.345876 -0.778551 0.305612 -0.203276 -0.930204 0.154218 -0.103317 -0.98262 0.988133 -0.129608 0.0824317 0.985271 0.0132301 0.170488 0.949726 -0.0692005 0.30534 0.954659 0.155696 0.253743 0.865668 0.220748 0.449321 0.920662 0.0768562 0.38272 0.963482 0.237978 0.122753 0.95204 -0.213308 0.219361 0.961726 -0.274014 -0.000203991 0.622649 0.234318 0.746595 0.73675 0.0920233 0.669874 0.671265 0.243568 0.700056 0.589717 0.390171 0.707107 0.956166 0.292824 -0.000182361 0.889966 0.447336 0.088601 0.905332 0.369993 0.208516 0.786293 0.358423 0.503266 0.81439 0.423583 0.396669 0.743087 0.491645 0.45399 0.823718 0.544992 0.156434 0.833986 0.551786 -6.84265e-08 0.90439 0.426707 -0.000119835 0.988242 0.152898 -0.000211776 0.927541 -0.351408 0.127203 0.866503 -0.428178 0.256586 0.818403 -0.553207 0.155497 0.781703 -0.497027 0.376702 0.804282 -0.360845 0.472145 0.737108 -0.61921 0.270648 0.671752 -0.723954 0.156972 0.747252 -0.662655 0.0500289 0.403286 -0.89338 0.198074 0.502789 -0.855378 0.124622 0.465972 -0.818998 0.334832 0.543689 -0.839286 -0.000628072 0.233843 -0.966446 0.106304 0.282925 -0.959142 -0.000354331 0.417732 -0.90857 -0.000647597 -3.01181e-08 -1 -2.99767e-08 0.143417 -0.989662 0.000147984 0.104759 -0.986533 0.125612 0.793168 0.524779 0.309017 0.638811 0.0721526 0.765973 0.897159 0.293776 0.329851 0.999952 0.00981664 -0.000225748 0.674709 0.446404 0.587785 0.696615 -0.420689 0.581161 0.675436 -0.556093 0.4843 0.991053 -0.13347 -0.000228338 0.73815 0.297872 0.605316 0.862412 0.00359257 0.506195 0.811712 0.152885 0.563693 0.888822 -0.145801 0.434439 0.890199 -0.291089 0.350448 0.912568 -0.408926 -0.00010553 0.844603 -0.535394 -5.94804e-05 0.804208 -0.2145 0.554291 0.781484 -0.0621128 0.620825 0.68007 -0.118482 0.72351 0.635233 -0.675835 0.373799 0.577139 -0.776542 0.25277 0.75926 -0.650788 -0.000219791 0.658277 -0.752775 -0.000431034 0.637766 -0.0919557 0.764721 0.698174 -0.273436 0.661653 0.619544 -0.253587 0.742872 0.584635 -0.408389 0.701014 0.53398 -0.55219 0.640274 0.515534 -0.721549 0.462159 0.468942 -0.681119 0.56229 0.391273 -0.791703 0.46916 0.303066 -0.880963 0.363395 0.291659 -0.921282 0.257243 0.206696 -0.946494 0.247841 0.602612 -0.305194 0.73737 0.578158 -0.40777 0.706722 0.58455 -0.408682 0.700914 0.619606 -0.253223 0.742944 0.544721 -0.510664 0.665208 0.533979 -0.55219 0.640275 0.469083 -0.680884 0.562457 0.500461 -0.613746 0.610619 0.442708 -0.716012 0.539755 0.391081 -0.791933 0.468933 0.370391 -0.811852 0.451338 0.303335 -0.880737 0.363716 0.206411 -0.946645 0.247501 0.28426 -0.894026 0.346285 0.187876 -0.955151 0.228886 0.104889 -0.986499 0.125769 0.0914653 -0.989549 0.111473 -1.84656e-14 -1 -2.21414e-14 -7.17634e-14 -1 -7.06087e-14 0.618836 -0.205925 0.758048 0.628148 -0.10969 0.770324 0.637736 -0.0924294 0.764689 0.638791 0.0726203 0.765945 0.631451 -0.0152131 0.775267 0.621801 0.166647 0.76524 0.629177 0.0775711 0.773382 0.622678 0.234117 0.746633 0.609769 0.252269 0.751361 0.593302 0.334953 0.731983 0.589717 0.390171 0.707107 0.572426 0.415124 0.707107</float_array>
          <technique_common>
            <accessor count="2630" source="#ID8" stride="3">
              <param name="X" type="float"/>
              <param name="Y" type="float"/>
              <param name="Z" type="float"/>
            </accessor>
          </technique_common>
        </source>
        <vertices id="ID9">
          <input semantic="POSITION" source="#ID5"/>
          <input semantic="NORMAL" source="#ID7"/>
        </vertices>
        <triangles count="3168" material="ID10">
          <input offset="0" semantic="VERTEX" source="#ID9"/>
          <p>0 1 2 3 4 5 6 7 2 0 2 7 6 8 9 9 7 6 10 8 11 8 10 9 12 13 11 10 11 13 14 13 15 16 17 18 17 16 14 19 20 18 16 18 20 19 21 22 22 20 19 21 23 22 23 21 24 25 1 0 25 26 27 27 1 25 28 26 29 26 28 27 30 31 29 28 29 31 30 32 33 31 30 34 35 32 36 37 38 39 39 38 40 41 37 42 43 5 4 42 43 41 35 40 44 41 38 37 43 42 5 45 46 47 4 3 48 49 50 51 52 53 54 55 56 57 58 59 60 61 62 63 64 65 66 67 68 69 70 71 72 71 73 74 75 76 72 70 72 76 70 77 78 79 76 75 80 79 81 75 81 79 23 24 80 80 81 23 57 74 55 73 82 74 65 56 66 65 57 56 68 64 83 83 64 66 67 69 58 68 83 69 84 60 59 60 67 58 84 61 85 61 84 59 51 53 86 52 85 87 49 46 50 86 49 51 45 47 48 50 46 45 4 48 47 32 35 33 31 34 88 30 33 34 40 88 44 34 44 88 36 39 35 35 39 40 78 71 70 89 55 82 55 74 82 70 89 77 77 89 82 73 71 78 87 53 52 51 54 53 62 86 90 53 90 86 61 63 85 90 63 62 85 63 87 14 15 91 17 14 91 92 17 93 17 91 93 11 92 12 93 12 92 13 12 15 94 95 96 97 98 99 100 101 102 103 104 105 106 107 108 109 110 111 112 113 114 115 116 117 118 119 120 121 122 123 124 125 126 127 128 129 130 131 132 133 134 135 136 137 138 139 140 141 142 143 144 145 146 147 148 149 150 151 152 153 153 147 151 154 155 152 153 152 155 156 154 157 154 156 155 157 158 159 159 156 157 160 161 158 159 158 161 162 160 163 160 162 161 163 164 165 165 162 163 166 167 164 165 164 167 168 166 96 166 168 167 95 168 96 150 146 145 147 146 151 140 149 148 148 150 145 143 139 141 139 149 140 142 144 133 143 141 144 135 134 136 142 133 135 137 129 138 134 137 136 127 132 128 129 128 138 122 131 130 130 132 127 125 121 123 121 131 122 124 126 115 125 123 126 117 116 118 124 115 117 119 111 120 116 119 118 109 114 110 111 110 120 104 113 112 112 114 109 107 103 105 103 113 104 106 108 97 107 105 108 99 98 102 106 97 99 100 94 101 98 100 102 96 101 94 169 170 171 172 173 174 175 176 177 178 179 180 181 179 182 183 184 185 185 179 183 179 185 182 181 186 179 184 183 187 186 188 179 188 189 190 191 187 183 192 193 194 195 179 196 179 197 198 199 200 201 172 202 173 203 183 204 205 206 207 208 207 209 210 207 211 212 213 214 213 209 214 215 212 216 213 208 209 214 216 212 217 218 219 220 221 222 220 223 224 219 225 217 207 210 226 211 207 208 220 227 228 229 230 231 205 207 232 207 226 232 207 206 233 170 234 235 233 206 236 179 237 206 238 239 240 183 241 191 242 243 241 244 245 183 220 246 230 217 247 248 220 230 227 220 228 221 220 222 223 249 250 251 220 224 250 252 253 251 252 254 253 250 249 220 253 249 251 255 188 256 257 258 259 260 261 262 188 255 189 263 179 190 188 190 179 264 179 265 179 263 265 266 267 268 269 179 270 179 264 270 173 202 271 179 269 196 272 266 179 179 195 180 272 179 198 179 178 197 173 271 273 274 266 268 268 176 175 267 176 268 261 175 275 177 275 175 276 261 277 261 275 277 261 276 262 259 261 278 260 278 261 279 259 280 259 278 280 281 259 282 259 279 282 257 259 283 259 281 283 258 284 259 188 259 285 284 285 259 286 188 287 188 285 287 256 188 286 274 271 266 271 274 273 288 206 289 179 266 290 271 290 266 291 179 292 179 290 292 293 179 294 179 291 294 179 293 237 295 206 296 206 237 296 297 206 298 206 295 298 299 206 300 206 297 300 206 299 289 301 233 302 288 236 206 303 233 304 233 236 304 233 305 302 233 303 305 233 306 307 301 306 233 233 308 309 307 308 233 310 239 309 233 309 239 311 239 312 239 310 312 240 239 313 239 311 313 238 314 239 174 239 315 314 315 239 316 174 317 174 315 317 172 174 316 318 319 320 321 322 323 324 246 325 217 225 247 326 319 248 217 248 319 327 319 328 319 326 328 329 319 330 319 327 330 319 329 320 246 319 331 318 331 319 332 246 333 246 331 333 246 332 325 246 334 335 324 334 246 246 336 337 335 336 246 230 246 338 337 338 246 339 230 340 230 338 340 341 230 342 230 339 231 343 230 344 230 229 344 230 345 342 230 343 345 346 183 341 230 341 183 204 183 347 183 346 347 203 348 183 348 323 322 321 323 218 219 218 349 218 323 349 350 351 194 241 352 242 353 183 354 194 241 355 243 355 241 194 355 350 194 356 357 351 356 194 358 194 193 357 192 194 359 360 194 359 194 358 199 360 200 360 199 194 361 199 201 362 171 199 362 199 361 234 170 169 171 170 199 363 235 234 235 354 322 354 235 363 183 348 354 322 354 348 364 183 365 183 353 365 366 183 367 183 364 367 368 183 369 183 366 369 370 183 371 183 368 371 245 372 183 183 370 244 241 183 373 372 373 183 374 241 375 241 373 375 352 241 374 376 377 378 379 380 376 381 382 383 380 384 385 386 387 383 388 385 389 386 390 391 392 393 388 394 390 395 396 393 397 398 399 395 400 401 396 398 402 403 401 404 405 406 402 407 381 408 382 409 410 411 412 413 405 414 415 411 416 413 417 418 419 420 421 422 416 423 424 425 426 423 427 428 429 430 427 423 425 422 431 420 418 425 419 432 431 421 419 422 420 433 377 434 408 435 382 436 437 434 438 439 435 440 441 442 443 444 445 446 447 436 448 445 449 450 446 451 452 453 448 454 451 455 453 456 457 455 458 459 440 457 441 458 460 461 462 463 464 465 466 460 467 463 462 465 468 469 464 470 462 471 468 472 473 474 470 475 476 472 477 478 479 475 480 481 479 482 477 483 480 484 485 486 487 488 489 484 490 491 492 493 487 486 494 490 495 496 495 492 429 497 488 498 499 500 500 501 428 502 503 504 498 500 505 506 406 407 427 425 418 424 414 425 507 421 417 419 414 508 508 416 422 432 421 507 431 422 421 425 414 419 424 415 414 509 417 412 419 508 422 508 411 510 510 413 416 507 417 509 421 416 417 414 411 508 415 409 411 511 412 404 508 510 416 510 410 512 512 405 413 509 412 511 417 413 412 411 410 510 409 506 410 401 405 513 510 512 413 513 512 407 404 400 514 511 404 514 412 405 404 512 410 407 506 407 410 515 400 397 512 513 405 516 513 402 516 396 401 514 400 515 404 401 400 407 402 513 406 403 402 517 515 397 513 516 401 518 516 398 400 396 397 396 518 393 517 397 392 402 398 516 403 399 398 517 392 519 516 518 396 520 518 395 397 393 392 393 520 388 519 392 389 398 395 518 399 394 395 388 521 385 518 520 393 521 520 390 389 384 522 519 389 522 392 388 389 395 390 520 394 391 390 385 384 389 520 521 388 523 521 386 523 380 385 524 384 379 384 524 522 390 386 521 391 387 386 379 384 380 521 523 385 525 523 383 525 376 380 526 379 378 379 526 524 386 383 523 387 381 383 378 379 376 523 525 380 438 435 408 527 377 376 528 378 433 378 528 526 525 382 527 382 525 383 433 378 377 525 527 376 529 439 438 377 530 434 531 433 437 433 531 528 527 435 530 382 435 527 532 437 447 527 530 377 443 529 444 436 434 533 531 437 532 433 434 437 530 439 533 435 439 530 447 450 534 530 533 434 533 443 535 446 436 535 532 447 534 437 436 447 533 439 443 529 443 439 446 536 451 533 535 436 536 535 445 450 454 537 534 450 537 447 446 450 443 445 535 444 449 445 538 454 459 535 536 446 536 448 539 455 451 539 537 454 538 450 451 454 445 448 536 449 452 448 459 454 455 536 539 451 540 539 453 540 458 455 541 459 461 459 541 538 448 453 539 452 456 453 461 466 542 539 540 455 540 457 543 460 458 543 541 461 542 459 458 461 453 457 540 456 441 457 466 461 460 540 543 458 440 544 543 544 465 460 545 466 469 466 545 542 440 543 457 467 442 463 469 471 546 543 544 460 544 467 547 547 468 465 545 469 546 466 465 469 544 440 467 442 467 440 548 471 476 544 547 465 549 547 462 472 468 549 546 471 548 469 468 471 462 547 467 470 464 473 476 481 550 547 549 468 473 551 474 552 475 472 548 476 550 471 472 476 549 462 470 549 470 552 553 481 483 549 552 472 554 552 474 480 475 554 550 481 553 476 475 481 474 552 470 482 551 477 483 489 555 552 554 475 556 554 482 556 484 480 553 483 555 481 480 483 554 474 482 551 482 474 557 489 497 554 556 480 558 556 479 488 484 558 555 489 557 483 484 489 479 556 482 493 478 487 497 428 559 556 558 484 558 493 560 560 429 488 557 497 559 489 488 497 558 479 493 478 493 479 505 500 430 558 560 488 496 560 486 430 429 496 559 428 501 497 429 428 486 560 493 494 495 485 492 505 430 560 496 429 492 430 496 504 503 498 501 500 499 428 430 500 486 485 495 496 486 495 505 491 561 490 492 495 498 561 504 491 505 492 498 505 561 499 498 503 562 563 564 565 566 567 568 564 569 563 569 564 570 571 568 568 569 570 571 572 573 572 571 570 574 573 575 572 575 573 576 577 574 574 575 576 577 578 579 578 577 576 580 579 581 578 581 579 582 583 580 580 581 582 584 583 582 584 585 583 563 562 586 587 588 586 586 562 587 588 589 590 589 588 587 591 590 592 589 592 590 593 594 591 591 592 593 594 595 596 595 594 593 597 596 598 595 598 596 599 600 597 597 598 599 600 601 602 601 600 599 601 566 602 603 604 605 602 566 565 606 607 608 609 610 611 612 613 614 615 616 617 618 619 620 621 622 623 624 625 626 627 628 629 630 631 632 624 632 631 630 633 634 634 631 630 635 633 636 633 635 634 585 637 636 635 636 637 584 637 585 625 629 626 624 626 632 627 619 628 625 627 629 618 620 621 628 619 618 623 622 614 621 620 622 616 613 612 613 623 614 606 615 617 617 616 612 607 611 608 606 608 615 609 603 610 607 609 611 605 604 567 610 603 605 565 567 604 638 639 640 641 642 643 644 645 641 646 643 647 648 649 644 650 647 651 652 653 648 654 655 656 657 658 652 659 660 661 657 639 662 663 664 665 666 667 668 669 670 671 672 673 674 675 676 677 678 679 680 681 682 683 684 685 686 687 688 684 680 689 690 690 686 691 692 693 687 694 678 695 692 681 696 697 698 682 699 695 672 700 701 673 702 697 677 675 703 704 670 705 700 671 706 707 655 651 656 665 708 663 706 668 709 710 640 667 665 711 708 711 712 713 664 704 703 663 704 664 703 675 677 676 702 677 702 698 697 698 683 682 683 696 681 696 693 692 693 688 687 688 685 684 685 691 686 691 680 690 689 680 679 679 678 694 694 695 699 699 672 674 674 673 701 701 700 705 705 670 669 669 671 707 707 706 709 709 668 667 666 710 667 710 638 640 638 662 639 662 658 657 658 653 652 653 649 648 649 645 644 645 642 641 642 647 643 646 647 650 650 651 655 656 659 654 661 660 712 654 659 661 711 713 708 712 660 713 714 715 716 717 718 719 720 717 721 722 723 718 724 720 725 726 727 723 728 724 729 730 731 732 733 728 734 735 736 737 733 738 716 739 740 741 742 743 744 745 746 747 748 749 750 751 752 753 754 755 756 757 758 759 760 761 762 763 760 764 755 765 766 765 767 761 768 763 769 770 771 754 768 772 757 773 759 774 775 748 771 776 750 777 778 752 773 751 779 780 747 776 781 746 782 783 732 731 727 740 739 784 783 785 743 786 744 715 740 784 787 787 788 789 741 780 779 739 741 779 780 752 751 753 752 778 778 773 774 774 759 758 758 757 772 772 768 769 769 763 764 764 760 762 762 761 767 767 765 755 766 756 755 756 770 754 770 775 771 775 749 748 749 777 750 777 781 776 781 745 747 745 782 746 782 785 783 785 744 743 742 744 786 786 715 714 714 716 738 738 733 734 734 728 729 729 724 725 725 720 721 721 717 719 719 718 723 722 726 723 726 732 727 731 730 735 736 789 737 730 736 735 787 784 788 789 788 737 790 791 792 793 794 795 791 796 797 796 791 790 798 797 799 796 799 797 800 801 798 798 799 800 801 802 803 802 801 800 804 803 805 802 805 803 806 807 804 804 805 806 807 808 809 808 807 806 810 809 811 808 811 809 812 813 810 810 811 812 790 792 814 815 816 814 814 792 815 816 817 818 817 816 815 819 818 820 817 820 818 821 822 819 819 820 821 822 823 824 823 822 821 825 824 826 823 826 824 827 828 825 825 826 827 828 829 830 829 828 827 829 795 830 830 795 794 831 832 833 834 835 836 837 838 839 840 841 842 843 844 845 846 847 848 849 850 851 852 853 854 855 856 857 858 859 856 860 861 855 855 857 860 861 862 863 862 861 860 864 863 865 862 865 863 813 812 864 864 865 813 849 859 858 856 859 857 850 852 851 858 850 849 854 853 844 851 852 854 843 845 847 844 853 845 839 846 848 846 843 847 842 838 837 837 839 848 840 831 841 842 841 838 832 835 833 840 832 831 834 836 793 833 835 834 794 793 836 866 867 868 869 870 871 867 872 873 872 867 866 874 873 875 872 875 873 876 877 874 874 875 876 877 878 879 878 877 876 880 879 881 878 881 879 882 883 880 880 881 882 883 884 885 884 883 882 886 885 887 884 887 885 888 889 886 886 887 888 866 868 890 891 892 890 890 868 891 892 893 894 893 892 891 895 894 896 893 896 894 897 898 895 895 896 897 898 899 900 899 898 897 901 900 902 899 902 900 903 904 901 901 902 903 904 905 906 905 904 903 905 871 906 906 871 870 907 908 909 910 911 912 913 914 915 916 917 918 919 920 921 922 923 924 925 926 927 928 929 930 931 932 933 934 935 932 936 937 931 931 933 936 937 938 939 938 937 936 940 939 941 938 941 939 889 888 940 940 941 889 925 935 934 932 935 933 926 928 927 934 926 925 930 929 920 927 928 930 919 921 923 920 929 921 915 922 924 922 919 923 918 914 913 913 915 924 916 907 917 918 917 914 908 911 909 916 908 907 910 912 869 909 911 910 870 869 912 942 943 944 945 946 947 948 949 947 950 951 952 953 954 949 955 956 957 958 959 954 960 961 962 963 964 959 965 966 967 964 968 943 969 970 971 972 973 942 974 975 976 977 978 979 945 952 951 980 981 982 983 984 985 986 987 988 988 989 990 991 992 980 986 992 993 990 994 995 996 997 981 984 995 998 983 999 1000 978 1001 996 979 1002 1003 1004 1005 1000 1006 970 1007 1008 1002 975 1009 976 1010 969 1007 970 1011 973 1012 1013 1010 1011 1014 1015 966 971 1016 969 1016 971 1014 1005 1004 1006 1005 1006 1007 1000 999 1004 983 985 999 984 998 985 995 994 998 990 989 994 988 987 989 986 993 987 992 991 993 980 982 991 981 997 982 996 1001 997 978 977 1001 979 1003 977 1002 1008 1003 975 974 1008 976 1009 974 1010 1013 1009 1011 1012 1013 973 972 1012 942 944 972 943 968 944 964 963 968 959 958 963 954 953 958 949 948 953 947 946 948 945 951 946 955 950 952 956 961 957 955 957 950 962 965 960 956 962 961 967 966 1015 960 965 967 1014 966 1016 1017 1018 1019 1020 1021 1022 1023 1024 1019 1019 1018 1023 1025 1024 1026 1023 1026 1024 1025 1027 1028 1027 1025 1026 1029 1030 1028 1028 1027 1029 1031 1030 1032 1029 1032 1030 1031 1033 1034 1033 1031 1032 1035 1036 1034 1034 1033 1035 1037 1036 1038 1035 1038 1036 1037 1039 1040 1039 1037 1038 1041 1017 1042 1017 1041 1018 1042 1043 1044 1044 1041 1042 1045 1046 1043 1044 1043 1046 1047 1045 1048 1045 1047 1046 1048 1049 1050 1050 1047 1048 1051 1052 1049 1050 1049 1052 1053 1051 1054 1051 1053 1052 1054 1055 1056 1056 1053 1054 1022 1021 1055 1056 1055 1021 1057 1058 1059 1060 1061 1062 1063 1064 1065 1066 1067 1068 1069 1070 1071 1072 1073 1074 1075 1076 1077 1078 1079 1080 1081 1082 1083 1084 1083 1085 1086 1081 1087 1081 1086 1082 1087 1088 1089 1089 1086 1087 1090 1091 1088 1089 1088 1091 1039 1090 1040 1090 1039 1091 1082 1085 1083 1084 1075 1077 1084 1085 1075 1076 1079 1078 1077 1076 1078 1071 1070 1080 1079 1071 1080 1072 1074 1069 1069 1074 1070 1063 1073 1064 1064 1073 1072 1067 1065 1068 1067 1063 1065 1066 1057 1059 1066 1068 1057 1058 1060 1062 1059 1058 1062 1020 1022 1061 1060 1020 1061 1092 1093 1094 1095 1093 1096 1093 1095 1094 1097 1098 1096 1095 1096 1098 1097 1099 1100 1100 1098 1097 1101 1099 1102 1099 1101 1100 1103 1104 1102 1101 1102 1104 1103 1105 1106 1106 1104 1103 1107 1105 1108 1105 1107 1106 1109 1110 1108 1107 1108 1110 1109 1111 1112 1112 1110 1109 1113 1111 1114 1111 1113 1112 1115 1116 1114 1113 1114 1116 1115 1117 1118 1118 1116 1115 1119 1117 1120 1117 1119 1118 1121 1122 1120 1119 1120 1122 1123 1122 1121 1124 1092 1094 1124 1125 1126 1126 1092 1124 1127 1125 1128 1125 1127 1126 1129 1130 1128 1127 1128 1130 1129 1131 1132 1132 1130 1129 1133 1131 1134 1131 1133 1132 1135 1136 1134 1133 1134 1136 1135 1137 1138 1138 1136 1135 1139 1137 1140 1137 1139 1138 1141 1142 1140 1139 1140 1142 1141 1143 1144 1144 1142 1141 1145 1143 1146 1143 1145 1144 1147 1148 1146 1145 1146 1148 1147 1149 1150 1150 1148 1147 1151 1149 1152 1149 1151 1150 1151 1152 1153 1154 1155 1156 1157 1158 1159 1160 1161 1162 1163 1156 1164 1165 1166 1167 1168 1169 1164 1170 1166 1171 1168 1172 1173 1174 1175 1171 1176 1172 1177 1178 1179 1180 1181 1177 1182 1183 1178 1180 1184 1174 1183 1185 1186 1183 1174 1184 1175 1187 1185 1188 1189 1190 1191 1192 1193 1182 1188 1193 1187 1194 1195 1155 1196 1197 1198 1195 1199 1200 1197 1201 1202 1203 1204 1202 1204 1205 1206 1207 1200 1208 1160 1206 1161 1209 1210 1207 1157 1159 1211 1210 1212 1213 1214 1215 1216 1217 1213 1218 1219 1216 1220 1221 1222 1217 1219 1223 1224 1218 1221 1217 1225 1224 1226 1222 1221 1227 1228 1229 1225 1230 1231 1227 1229 1232 1158 1230 1233 1234 1235 1236 1237 1238 1239 1240 1241 1242 1243 1244 1245 1246 1247 1248 1249 1250 1251 1252 1253 1247 1254 1189 1255 1190 1256 1257 1258 1259 1193 1192 1255 1260 1261 1262 1263 1264 1265 1266 1267 1179 1268 1269 1265 1270 1271 1179 1178 1268 1178 1186 1272 1273 1274 1261 1266 1259 1267 1275 1276 1277 1263 1278 1276 1275 1279 1280 1191 1190 1256 1254 1257 1253 1250 1280 1281 1252 1282 1283 1191 1256 1258 1284 1285 1286 1283 1287 1245 1288 1244 1289 1285 1290 1291 1292 1291 1290 1240 1288 1293 1294 1295 1239 1242 1241 1296 1297 1242 1296 1298 1237 1295 1236 1299 1300 1301 1302 1297 1300 1303 1233 1178 1183 1186 1180 1184 1183 1182 1193 1188 1186 1185 1187 1174 1304 1185 1304 1181 1188 1305 1182 1177 1182 1305 1192 1174 1185 1183 1170 1171 1175 1188 1181 1182 1185 1304 1188 1171 1306 1304 1177 1307 1305 1181 1306 1176 1307 1177 1172 1174 1171 1304 1167 1166 1170 1181 1176 1177 1304 1306 1181 1166 1308 1306 1172 1309 1307 1176 1308 1173 1310 1309 1172 1171 1166 1306 1311 1165 1167 1176 1173 1172 1306 1308 1176 1165 1312 1308 1172 1168 1310 1173 1312 1169 1313 1310 1168 1166 1165 1308 1196 1198 1311 1173 1169 1168 1308 1312 1173 1314 1312 1198 1168 1164 1313 1169 1314 1163 1315 1313 1164 1312 1165 1198 1311 1198 1165 1169 1163 1164 1312 1314 1169 1197 1316 1314 1164 1156 1315 1163 1316 1154 1317 1315 1156 1198 1197 1314 1196 1201 1197 1163 1154 1156 1314 1316 1163 1202 1318 1316 1156 1155 1317 1154 1318 1194 1319 1317 1155 1197 1202 1316 1201 1203 1202 1154 1194 1155 1316 1318 1154 1320 1318 1204 1155 1195 1319 1194 1320 1199 1321 1319 1195 1202 1204 1318 1203 1205 1204 1194 1199 1195 1318 1320 1194 1322 1320 1206 1195 1200 1321 1199 1322 1208 1323 1321 1200 1204 1206 1320 1205 1161 1206 1199 1208 1200 1320 1322 1199 1214 1162 1215 1200 1207 1323 1208 1324 1209 1325 1323 1207 1322 1160 1324 1160 1322 1206 1208 1209 1207 1322 1324 1208 1324 1214 1326 1207 1210 1325 1209 1326 1212 1327 1325 1210 1324 1160 1214 1162 1214 1160 1209 1212 1210 1324 1326 1209 1326 1216 1328 1210 1213 1327 1212 1328 1218 1329 1327 1213 1214 1216 1326 1215 1220 1216 1212 1218 1213 1326 1328 1212 1330 1328 1219 1213 1217 1329 1218 1330 1221 1331 1329 1217 1216 1219 1328 1220 1223 1219 1222 1227 1231 1328 1330 1218 1330 1224 1332 1217 1222 1331 1221 1332 1227 1333 1331 1222 1219 1224 1330 1223 1226 1224 1231 1230 1234 1330 1332 1221 1334 1332 1225 1222 1231 1333 1227 1334 1230 1335 1333 1231 1224 1225 1332 1226 1228 1225 1234 1233 1303 1332 1334 1227 1334 1229 1336 1231 1234 1335 1230 1336 1233 1337 1335 1234 1225 1229 1334 1228 1232 1229 1303 1300 1299 1334 1336 1230 1338 1336 1158 1234 1303 1337 1233 1338 1300 1339 1337 1303 1229 1158 1336 1232 1159 1158 1299 1236 1235 1336 1338 1233 1340 1211 1302 1303 1299 1339 1300 1341 1236 1342 1339 1299 1338 1157 1341 1157 1338 1158 1343 1235 1298 1338 1341 1300 1344 1341 1340 1299 1235 1342 1236 1344 1237 1343 1342 1235 1341 1157 1340 1211 1340 1157 1345 1298 1294 1341 1344 1236 1344 1301 1346 1346 1295 1237 1343 1298 1345 1235 1237 1298 1344 1340 1301 1302 1301 1340 1347 1294 1238 1344 1346 1237 1346 1296 1348 1348 1239 1295 1345 1294 1347 1298 1295 1294 1346 1301 1296 1297 1296 1301 1349 1238 1293 1346 1348 1295 1350 1348 1241 1350 1240 1239 1347 1238 1349 1294 1239 1238 1241 1348 1296 1292 1351 1243 1352 1293 1289 1348 1350 1239 1353 1350 1351 1353 1288 1240 1349 1293 1352 1238 1240 1293 1350 1241 1351 1243 1351 1241 1354 1289 1246 1350 1353 1240 1353 1290 1355 1355 1244 1288 1352 1289 1354 1293 1288 1289 1353 1351 1290 1292 1290 1351 1356 1246 1287 1353 1355 1288 1357 1355 1285 1357 1245 1244 1354 1246 1356 1289 1244 1246 1290 1285 1355 1291 1286 1285 1358 1287 1282 1355 1357 1244 1359 1357 1284 1359 1283 1245 1356 1287 1358 1246 1245 1287 1285 1284 1357 1286 1249 1284 1360 1282 1251 1357 1359 1245 1361 1359 1248 1361 1252 1283 1358 1282 1360 1287 1283 1282 1359 1284 1248 1249 1248 1284 1362 1251 1281 1359 1361 1283 1361 1253 1363 1363 1250 1252 1360 1251 1362 1282 1252 1251 1361 1248 1253 1247 1253 1248 1364 1281 1279 1361 1363 1252 1365 1363 1257 1365 1280 1250 1362 1281 1364 1251 1250 1281 1253 1257 1363 1254 1258 1257 1366 1279 1277 1363 1365 1250 1367 1365 1256 1367 1275 1280 1364 1279 1366 1281 1280 1279 1257 1256 1365 1271 1264 1368 1369 1277 1278 1365 1367 1280 1255 1189 1260 1370 1276 1275 1366 1277 1369 1279 1275 1277 1367 1256 1190 1367 1190 1370 1371 1278 1262 1367 1370 1275 1260 1273 1261 1372 1263 1276 1369 1278 1371 1277 1276 1278 1370 1190 1255 1370 1255 1372 1373 1262 1271 1370 1372 1276 1372 1261 1374 1374 1264 1263 1371 1262 1373 1278 1263 1262 1261 1372 1255 1274 1273 1269 1375 1265 1368 1372 1374 1263 1376 1374 1274 1368 1264 1376 1373 1271 1270 1262 1264 1271 1374 1261 1274 1268 1272 1376 1272 1375 1368 1374 1376 1264 1272 1368 1376 1266 1265 1375 1270 1265 1267 1271 1368 1265 1274 1269 1268 1376 1274 1268 1375 1186 1187 1178 1272 1268 1266 1187 1193 1186 1375 1272 1193 1259 1266 1187 1266 1375 1377 1378 1379 1380 1381 1379 1382 1383 1384 1380 1385 1386 1387 1388 1384 1389 1385 1390 1391 1392 1388 1393 1378 1377 1394 1392 1395 1396 1397 1398 1399 1394 1400 1401 1397 1402 1399 1403 1404 1405 1406 1402 1404 1407 1408 1405 1409 1410 1411 1408 1412 1413 1409 1414 1415 1416 1411 1417 1418 1414 1416 1419 1420 1398 1421 1396 1422 1420 1423 1424 1425 1426 1422 1427 1428 1425 1424 1429 1428 1430 1431 1432 1433 1434 1435 1436 1431 1437 1438 1439 1440 1437 1441 1433 1432 1439 1441 1437 1439 1442 1434 1436 1443 1444 1445 1446 1442 1435 1433 1436 1434 1447 1448 1449 1450 1451 1382 1452 1448 1447 1450 1453 1454 1455 1456 1453 1457 1455 1458 1459 1447 1449 1460 1461 1458 1462 1463 1464 1460 1465 1466 1467 1463 1462 1468 1465 1469 1470 1471 1472 1473 1474 1469 1470 1475 1476 1473 1477 1478 1479 1480 1475 1477 1481 1482 1480 1476 1475 1483 1484 1481 1485 1486 1487 1483 1488 1489 1490 1491 1486 1492 1488 1493 1491 1487 1486 1494 1495 1493 1490 1496 1491 1494 1497 1498 1499 1500 1501 1502 1497 1503 1501 1504 1505 1506 1507 1503 1501 1505 1499 1506 1508 1509 1510 1505 1504 1440 1511 1512 1510 1445 1444 1432 1513 1441 1511 1513 1514 1441 1511 1440 1515 1516 1517 1518 1508 1519 1520 1442 1446 1521 1515 1522 1523 1522 1524 1438 1525 1526 1441 1439 1432 1438 1526 1439 1436 1435 1442 1526 1527 1433 1436 1527 1431 1528 1435 1430 1435 1528 1446 1526 1433 1439 1424 1426 1525 1529 1528 1430 1433 1527 1436 1530 1527 1426 1435 1431 1430 1431 1530 1428 1529 1430 1427 1527 1526 1426 1525 1426 1526 1428 1531 1422 1527 1530 1431 1425 1531 1530 1427 1423 1532 1529 1427 1532 1430 1428 1427 1426 1425 1530 1417 1429 1418 1533 1532 1423 1530 1531 1428 1534 1531 1417 1427 1422 1423 1422 1534 1420 1533 1423 1419 1531 1425 1417 1429 1417 1425 1420 1535 1416 1531 1534 1422 1535 1534 1414 1419 1415 1536 1533 1419 1536 1423 1420 1419 1417 1414 1534 1418 1413 1414 1411 1416 1537 1534 1535 1420 1537 1535 1409 1415 1412 1538 1536 1415 1538 1419 1416 1415 1414 1409 1535 1413 1410 1409 1411 1412 1415 1535 1537 1416 1539 1537 1405 1539 1408 1411 1540 1412 1407 1412 1540 1538 1409 1405 1537 1410 1406 1405 1407 1412 1408 1537 1539 1411 1541 1539 1402 1541 1404 1408 1542 1407 1403 1407 1542 1540 1405 1402 1539 1406 1401 1402 1403 1407 1404 1539 1541 1408 1543 1541 1397 1543 1399 1404 1544 1403 1400 1403 1544 1542 1402 1397 1541 1401 1398 1397 1544 1400 1545 1541 1543 1404 1390 1421 1389 1403 1399 1400 1399 1546 1394 1545 1400 1395 1543 1396 1546 1396 1543 1397 1394 1547 1392 1543 1546 1399 1547 1546 1390 1395 1391 1548 1545 1395 1548 1400 1394 1395 1546 1396 1390 1421 1390 1396 1549 1548 1391 1546 1547 1394 1547 1385 1550 1395 1392 1391 1392 1550 1388 1549 1391 1387 1390 1385 1547 1389 1386 1385 1387 1391 1388 1547 1550 1392 1551 1550 1380 1551 1384 1388 1552 1387 1383 1387 1552 1549 1385 1380 1550 1386 1381 1380 1552 1383 1553 1550 1551 1388 1551 1379 1554 1387 1384 1383 1384 1554 1382 1553 1383 1451 1380 1379 1551 1381 1377 1379 1451 1383 1382 1551 1554 1384 1378 1555 1554 1555 1450 1382 1556 1451 1454 1451 1556 1553 1378 1554 1379 1452 1393 1448 1556 1454 1557 1554 1555 1382 1555 1452 1558 1451 1450 1454 1453 1450 1558 1557 1454 1456 1555 1378 1452 1393 1452 1378 1559 1557 1456 1555 1558 1450 1560 1558 1447 1454 1453 1456 1453 1560 1455 1559 1456 1457 1447 1558 1452 1561 1459 1449 1559 1457 1562 1558 1560 1453 1467 1561 1463 1456 1455 1457 1458 1455 1563 1562 1457 1461 1560 1459 1563 1447 1459 1560 1564 1562 1461 1560 1563 1455 1563 1467 1565 1457 1458 1461 1458 1565 1460 1564 1461 1466 1563 1459 1467 1561 1467 1459 1564 1466 1566 1563 1565 1458 1567 1464 1472 1461 1460 1466 1460 1568 1465 1566 1466 1468 1565 1462 1568 1462 1565 1467 1566 1468 1569 1565 1568 1460 1570 1568 1567 1466 1465 1468 1469 1465 1570 1569 1468 1474 1568 1462 1567 1464 1567 1462 1571 1569 1474 1568 1570 1465 1572 1570 1471 1468 1469 1474 1469 1572 1473 1571 1474 1478 1570 1567 1471 1472 1471 1567 1571 1478 1573 1570 1572 1469 1572 1476 1574 1474 1473 1478 1473 1574 1477 1573 1478 1482 1572 1471 1476 1470 1476 1471 1573 1482 1575 1572 1574 1473 1576 1479 1485 1478 1477 1482 1477 1577 1481 1575 1482 1484 1574 1480 1577 1480 1574 1476 1484 1482 1481 1574 1577 1477 1576 1578 1577 1578 1483 1481 1579 1484 1489 1484 1579 1575 1577 1480 1576 1479 1576 1480 1579 1489 1580 1577 1578 1481 1578 1487 1581 1484 1483 1489 1483 1581 1488 1580 1489 1492 1578 1576 1487 1485 1487 1576 1580 1492 1582 1578 1581 1483 1496 1490 1583 1489 1488 1492 1488 1584 1493 1582 1492 1495 1581 1491 1584 1491 1581 1487 1582 1495 1585 1581 1584 1488 1586 1583 1500 1492 1493 1495 1494 1493 1587 1585 1495 1498 1584 1496 1587 1491 1496 1584 1588 1585 1498 1584 1587 1493 1589 1587 1586 1495 1494 1498 1494 1589 1497 1588 1498 1502 1587 1496 1586 1583 1586 1496 1588 1502 1590 1587 1589 1494 1589 1499 1591 1498 1497 1502 1497 1591 1503 1590 1502 1507 1589 1586 1499 1500 1499 1586 1590 1507 1592 1589 1591 1497 1510 1504 1445 1502 1503 1507 1503 1593 1506 1592 1507 1509 1591 1505 1593 1505 1591 1499 1592 1509 1594 1591 1593 1503 1595 1593 1510 1507 1506 1509 1508 1506 1595 1594 1509 1518 1593 1505 1510 1512 1596 1443 1516 1594 1518 1593 1595 1506 1595 1444 1597 1509 1508 1518 1508 1597 1519 1516 1518 1517 1595 1510 1444 1598 1517 1519 1517 1598 1522 1595 1597 1508 1514 1597 1596 1518 1519 1517 1519 1514 1598 1515 1517 1522 1597 1444 1596 1443 1596 1444 1513 1524 1598 1597 1514 1519 1513 1598 1514 1442 1520 1523 1522 1598 1524 1521 1522 1523 1596 1512 1511 1514 1596 1511 1524 1432 1434 1441 1513 1511 1523 1434 1442 1432 1524 1513 1523 1524 1434 1521 1523 1520 1599 1600 1601 1602 1603 1604 1605 1606 1607 1608 1609 1610 1611 1612 1613 1614 1615 1616 1617 1618 1619 1620 1621 1622 1623 1624 1625 1626 1627 1628 1629 1630 1631 1632 1633 1634 1635 1636 1637 1638 1639 1640 1641 1642 1643 1644 1645 1646 1647 1648 1649 1650 1651 1652 1653 1654 1655 1656 1654 1657 1653 1658 1659 1658 1653 1655 1660 1661 1659 1659 1658 1660 1662 1661 1663 1660 1663 1661 1662 1664 1665 1664 1662 1663 1666 1667 1665 1665 1664 1666 1668 1667 1669 1666 1669 1667 1668 1670 1671 1670 1668 1669 1672 1604 1671 1671 1670 1672 1656 1657 1649 1672 1602 1604 1654 1656 1655 1650 1648 1647 1647 1649 1657 1642 1652 1651 1652 1648 1650 1641 1643 1646 1642 1651 1643 1645 1644 1635 1641 1646 1645 1636 1639 1637 1644 1636 1635 1640 1631 1638 1639 1638 1637 1632 1630 1629 1629 1631 1640 1624 1634 1633 1634 1630 1632 1623 1625 1628 1624 1633 1625 1627 1626 1617 1623 1628 1627 1618 1621 1619 1626 1618 1617 1622 1613 1620 1621 1620 1619 1614 1612 1611 1611 1613 1622 1606 1616 1615 1616 1612 1614 1605 1607 1608 1606 1615 1607 1610 1609 1601 1605 1608 1610 1599 1603 1600 1609 1599 1601 1602 1600 1603 1673 1674 1675 1676 1677 1678 1679 1680 1681 1682 1683 1684 1685 1686 1687 1688 1689 1690 1691 1692 1693 1694 1695 1696 1697 1698 1699 1700 1701 1702 1703 1704 1705 1706 1707 1708 1709 1710 1711 1712 1713 1714 1715 1716 1717 1718 1719 1720 1721 1722 1723 1724 1725 1726 1727 1728 1729 1730 1728 1731 1727 1732 1733 1732 1727 1729 1734 1735 1733 1733 1732 1734 1736 1735 1737 1734 1737 1735 1736 1738 1739 1738 1736 1737 1740 1741 1739 1739 1738 1740 1742 1741 1743 1740 1743 1741 1742 1744 1745 1744 1742 1743 1746 1678 1745 1745 1744 1746 1730 1731 1723 1746 1676 1678 1728 1730 1729 1724 1722 1721 1721 1723 1731 1716 1726 1725 1726 1722 1724 1715 1717 1720 1716 1725 1717 1719 1718 1709 1715 1720 1719 1710 1713 1711 1718 1710 1709 1714 1705 1712 1713 1712 1711 1706 1704 1703 1703 1705 1714 1698 1708 1707 1708 1704 1706 1697 1699 1702 1698 1707 1699 1701 1700 1691 1697 1702 1701 1692 1695 1693 1700 1692 1691 1696 1687 1694 1695 1694 1693 1688 1686 1685 1685 1687 1696 1680 1690 1689 1690 1686 1688 1679 1681 1682 1680 1689 1681 1684 1683 1675 1679 1682 1684 1673 1677 1674 1683 1673 1675 1676 1674 1677 1747 1748 1749 1750 1751 1752 1753 1754 1755 1756 1757 1758 1759 1760 1761 1762 1763 1764 1765 1766 1767 1768 1769 1770 1771 1772 1773 1774 1775 1776 1777 1778 1779 1780 1781 1782 1783 1784 1785 1786 1787 1788 1789 1790 1791 1792 1793 1794 1795 1796 1797 1798 1799 1800 1801 1802 1803 1804 1802 1805 1801 1806 1807 1806 1801 1803 1808 1809 1807 1807 1806 1808 1810 1809 1811 1808 1811 1809 1810 1812 1813 1812 1810 1811 1814 1815 1813 1813 1812 1814 1816 1815 1817 1814 1817 1815 1816 1818 1819 1818 1816 1817 1820 1752 1819 1819 1818 1820 1804 1805 1797 1820 1750 1752 1802 1804 1803 1798 1796 1795 1795 1797 1805 1790 1800 1799 1800 1796 1798 1789 1791 1794 1790 1799 1791 1793 1792 1783 1789 1794 1793 1784 1787 1785 1792 1784 1783 1788 1779 1786 1787 1786 1785 1780 1778 1777 1777 1779 1788 1772 1782 1781 1782 1778 1780 1771 1773 1776 1772 1781 1773 1775 1774 1765 1771 1776 1775 1766 1769 1767 1774 1766 1765 1770 1761 1768 1769 1768 1767 1762 1760 1759 1759 1761 1770 1754 1764 1763 1764 1760 1762 1753 1755 1756 1754 1763 1755 1758 1757 1749 1753 1756 1758 1747 1751 1748 1757 1747 1749 1750 1748 1751 1821 1822 1823 1824 1825 1826 1827 1828 1829 1830 1831 1832 1833 1834 1835 1836 1837 1838 1839 1840 1841 1842 1843 1844 1845 1846 1847 1848 1849 1850 1851 1852 1853 1854 1855 1856 1857 1858 1859 1860 1861 1862 1863 1864 1865 1866 1867 1868 1869 1870 1871 1872 1873 1874 1875 1876 1877 1878 1876 1879 1875 1880 1881 1880 1875 1877 1882 1883 1881 1881 1880 1882 1884 1883 1885 1882 1885 1883 1884 1886 1887 1886 1884 1885 1888 1889 1887 1887 1886 1888 1890 1889 1891 1888 1891 1889 1890 1892 1893 1892 1890 1891 1894 1826 1893 1893 1892 1894 1878 1879 1871 1894 1824 1826 1876 1878 1877 1872 1870 1869 1869 1871 1879 1864 1874 1873 1874 1870 1872 1863 1865 1868 1864 1873 1865 1867 1866 1857 1863 1868 1867 1858 1861 1859 1866 1858 1857 1862 1853 1860 1861 1860 1859 1854 1852 1851 1851 1853 1862 1846 1856 1855 1856 1852 1854 1845 1847 1850 1846 1855 1847 1849 1848 1839 1845 1850 1849 1840 1843 1841 1848 1840 1839 1844 1835 1842 1843 1842 1841 1836 1834 1833 1833 1835 1844 1828 1838 1837 1838 1834 1836 1827 1829 1830 1828 1837 1829 1832 1831 1823 1827 1830 1832 1821 1825 1822 1831 1821 1823 1824 1822 1825 1895 1896 1897 1898 1899 1900 1901 1902 1903 1904 1897 1905 1906 1907 1896 1896 1907 1908 1896 1895 1909 1896 1909 1906 1910 1911 1897 1897 1911 1895 1912 1913 1897 1897 1913 1910 1897 1904 1914 1897 1914 1912 1900 1915 1897 1905 1897 1915 1916 1917 1900 1900 1917 1915 1900 1899 1918 1900 1918 1916 1919 1920 1900 1898 1900 1920 1921 1922 1919 1919 1922 1920 1923 1919 1924 1925 1926 1919 1919 1926 1921 1919 1923 1927 1919 1927 1925 1903 1928 1919 1924 1919 1928 1929 1930 1903 1903 1930 1928 1902 1931 1903 1903 1931 1929 1901 1903 1932 1896 1933 1903 1932 1903 1933 1934 1935 1896 1896 1935 1933 1908 1936 1896 1896 1936 1934 1937 1938 1939 1937 1940 1938 1941 1942 1943 1941 1944 1942 1945 1946 1947 1945 1948 1946 1949 1950 1951 1951 1952 1949 1953 1954 1955 1954 1953 1956 1956 1957 1954 1958 1959 1960 1961 1962 1963 1964 1965 1966 1958 1967 1968 1958 1969 1959 1970 1971 1972 1973 1974 1958 1958 1974 1969 1958 1968 1973 1958 1975 1976 1967 1958 1976 1977 1975 1964 1958 1964 1975 1978 1979 1964 1964 1979 1977 1964 1966 1980 1964 1980 1978 1961 1981 1964 1965 1964 1981 1982 1983 1961 1961 1983 1981 1984 1985 1961 1961 1985 1982 1961 1963 1984 1961 1986 1987 1962 1961 1987 1988 1986 1972 1961 1972 1986 1989 1990 1972 1972 1990 1988 1991 1992 1972 1972 1992 1989 1972 1971 1991 1993 1970 1960 1972 1960 1970 1994 1995 1960 1960 1995 1993 1996 1997 1960 1960 1997 1994 1998 1999 1960 1960 1999 1996 1959 1998 1960 2000 2001 2002 2000 2003 2001 2004 2005 2006 2004 2007 2005 2008 2009 2010 2008 2011 2009 2012 2013 2014 2014 2015 2012 2016 2017 2018 2016 2018 2019 2019 2018 2020 2021 2022 2023 2024 2025 2026 2027 2022 2028 2029 2030 2031 2032 2033 2022 2022 2033 2028 2034 2035 2022 2022 2035 2032 2022 2021 2034 2022 2036 2037 2023 2022 2037 2038 2036 2029 2022 2029 2036 2029 2031 2039 2029 2039 2038 2029 2040 2041 2030 2029 2041 2025 2042 2029 2040 2029 2042 2043 2044 2025 2025 2044 2042 2045 2046 2025 2025 2046 2043 2047 2048 2025 2025 2048 2045 2025 2024 2047 2049 2026 2050 2025 2050 2026 2051 2050 2052 2053 2054 2050 2050 2054 2049 2050 2051 2055 2050 2055 2053 2050 2056 2057 2052 2050 2057 2058 2056 2027 2050 2027 2056 2059 2060 2027 2027 2060 2058 2061 2062 2027 2027 2062 2059 2028 2061 2027 2063 2064 2065 2065 2066 2063 2067 2068 2069 2067 2070 2068 2071 2072 2073 2071 2074 2072 2075 2076 2077 2075 2078 2076 2079 2080 2081 2079 2082 2083 2079 2081 2082 2084 2085 2086 2087 2088 2089 2090 2091 2092 2093 2094 2095 2092 2096 2097 2090 2092 2097 2084 2098 2092 2096 2092 2098 2099 2100 2084 2084 2100 2098 2101 2102 2084 2084 2102 2099 2084 2086 2103 2084 2103 2101 2104 2085 2089 2084 2089 2085 2105 2106 2089 2089 2106 2104 2089 2088 2107 2089 2107 2105 2108 2109 2110 2108 2111 2089 2087 2089 2111 2112 2113 2108 2108 2113 2111 2108 2110 2114 2108 2114 2112 2108 2115 2116 2109 2108 2116 2117 2115 2094 2108 2094 2115 2118 2119 2094 2094 2119 2117 2095 2094 2120 2094 2093 2118 2094 2121 2122 2120 2094 2122 2123 2121 2092 2094 2092 2121 2124 2125 2092 2092 2125 2123 2091 2124 2092 2126 2127 2128 2126 2129 2127 2130 2131 2132 2130 2133 2131 2134 2135 2136 2134 2137 2135 2138 2139 2140 2140 2141 2138 2142 2143 2144 2145 2142 2144 2145 2144 2146 2147 2148 2149 2150 2151 2152 2151 2150 2153 2154 2149 2155 2156 2157 2152 2158 2159 2160 2161 2162 2160 2163 2164 2160 2163 2165 2166 2167 2147 2168 2169 2156 2160 2170 2163 2171 2163 2166 2171 2172 2163 2173 2163 2170 2173 2174 2163 2175 2163 2172 2175 2176 2163 2177 2163 2174 2177 2163 2178 2164 2163 2176 2178 2160 2164 2158 2159 2161 2160 2169 2160 2162 2157 2156 2169 2150 2152 2157 2155 2151 2153 2148 2155 2149 2154 2155 2153 2165 2179 2180 2167 2148 2147 2181 2168 2182 2168 2181 2167 2183 2184 2182 2181 2182 2184 2185 2184 2186 2184 2183 2186 2179 2184 2187 2184 2185 2187 2165 2184 2179 2188 2165 2189 2165 2180 2189 2190 2165 2191 2165 2188 2191 2192 2165 2193 2165 2190 2193 2194 2165 2195 2165 2192 2195 2166 2165 2194 2196 2197 2198 2198 2199 2196 2200 2201 2196 2199 2200 2196 2196 2201 2202 2203 2204 2205 2205 2206 2207 2208 2205 2209 2203 2205 2208 2206 2205 2204 2210 2211 2212 2212 2213 2210 2214 2215 2216 2214 2217 2218 2218 2215 2214 2219 2217 2220 2217 2219 2218 2221 2222 2220 2219 2220 2222 2221 2223 2224 2224 2222 2221 2225 2223 2226 2223 2225 2224 2227 2228 2226 2225 2226 2228 2227 2229 2230 2230 2228 2227 2231 2216 2215 2232 2233 2231 2231 2215 2232 2233 2234 2235 2234 2233 2232 2236 2235 2237 2234 2237 2235 2238 2239 2236 2236 2237 2238 2239 2240 2241 2240 2239 2238 2240 2242 2241 2241 2242 2243 2244 2245 2246 2247 2244 2248 2249 2250 2251 2252 2253 2254 2255 2256 2257 2258 2259 2260 2261 2262 2263 2264 2265 2266 2267 2268 2265 2269 2270 2271 2272 2266 2273 2274 2275 2276 2274 2277 2278 2279 2280 2281 2279 2278 2277 2282 2245 2244 2283 2264 2284 2273 2276 2275 2272 2264 2266 2283 2284 2285 2258 2263 2262 2285 2261 2263 2286 2262 2287 2255 2257 2288 2273 2266 2276 2280 2279 2277 2278 2275 2274 2269 2277 2274 2289 2280 2277 2285 2263 2283 2276 2266 2268 2272 2284 2264 2264 2283 2265 2268 2290 2270 2265 2268 2266 2276 2270 2269 2269 2289 2277 2274 2276 2269 2291 2289 2269 2292 2262 2286 2293 2292 2286 2283 2263 2260 2261 2287 2262 2292 2258 2262 2265 2283 2294 2258 2260 2263 2267 2295 2290 2260 2294 2283 2296 2270 2290 2294 2267 2265 2271 2291 2269 2276 2268 2270 2296 2271 2270 2297 2291 2271 2293 2256 2292 2257 2256 2293 2298 2294 2260 2299 2292 2255 2294 2300 2267 2299 2259 2258 2300 2301 2295 2259 2298 2260 2302 2290 2295 2298 2300 2294 2303 2296 2302 2304 2296 2303 2268 2267 2290 2296 2290 2302 2296 2297 2271 2304 2297 2296 2256 2255 2292 2253 2252 2288 2298 2259 2250 2292 2299 2258 2299 2252 2305 2250 2249 2306 2259 2305 2250 2306 2301 2300 2300 2298 2306 2301 2307 2295 2308 2302 2307 2267 2300 2295 2302 2295 2307 2303 2309 2310 2309 2303 2302 2304 2303 2310 2299 2255 2252 2288 2252 2255 2311 2306 2249 2299 2305 2259 2305 2251 2250 2312 2301 2311 2313 2301 2312 2298 2250 2306 2301 2306 2311 2313 2308 2307 2313 2307 2301 2308 2309 2302 2252 2254 2305 2253 2314 2254 2305 2254 2251 2249 2251 2315 2311 2247 2316 2311 2249 2247 2312 2317 2318 2317 2312 2311 2313 2312 2318 2315 2254 2314 2314 2282 2315 2249 2315 2247 2254 2315 2251 2244 2247 2315 2316 2247 2248 2316 2317 2311 2248 2244 2246 2315 2282 2244 2319 2320 2321 2322 2323 2324 2325 2326 2327 2328 2329 2330 2331 2332 2333 2332 2334 2335 2336 2337 2338 2331 2338 2337 2339 2340 2337 2337 2336 2339 2341 2342 2340 2341 2340 2339 2343 2342 2344 2342 2343 2340 2345 2343 2346 2344 2346 2343 2345 2346 2347 2348 2327 2326 2333 2332 2349 2338 2331 2333 2335 2349 2332 2327 2348 2334 2348 2335 2334 2328 2326 2325 2323 2330 2329 2325 2329 2328 2322 2330 2323 2322 2324 2319 2320 2319 2324 2350 2351 2352 2353 2352 2354 2351 2354 2352 2355 2356 2353 2353 2354 2355 2356 2357 2358 2357 2356 2355 2359 2358 2360 2357 2360 2358 2361 2362 2359 2359 2360 2361 2363 2362 2361 2363 2364 2362 2350 2365 2351 2366 2367 2365 2351 2365 2367 2366 2368 2369 2369 2367 2366 2370 2368 2371 2368 2370 2369 2372 2373 2371 2370 2371 2373 2372 2374 2375 2375 2373 2372 2376 2374 2377 2374 2376 2375 2376 2377 2378 2378 2377 2379 2380 2381 2382 2383 2384 2385 2385 2386 2383 2384 2387 2388 2387 2384 2383 2389 2390 2391 2387 2391 2388 2392 2393 2394 2395 2396 2397 2398 2399 2400 2396 2401 2399 2402 2403 2404 2405 2403 2406 2407 2408 2409 2410 2407 2409 2411 2404 2405 2412 2413 2414 2415 2416 2417 2418 2419 2420 2415 2421 2416 2404 2417 2416 2422 2423 2424 2421 2425 2424 2426 2422 2424 2424 2425 2426 2427 2422 2426 2411 2417 2404 2428 2429 2430 2431 2432 2429 2409 2408 2433 2433 2408 2434 2435 2436 2437 2410 2438 2439 2440 2441 2402 2406 2400 2442 2405 2404 2403 2400 2401 2442 2400 2406 2403 2399 2397 2396 2400 2399 2401 2381 2395 2382 2382 2395 2397 2386 2385 2380 2382 2386 2380 2443 2387 2383 2387 2389 2391 2444 2445 2446 2390 2389 2444 2447 2448 2449 2447 2450 2451 2452 2450 2447 2453 2454 2455 2456 2457 2423 2421 2424 2416 2457 2424 2423 2457 2456 2419 2458 2418 2420 2459 2460 2461 2404 2462 2402 2441 2400 2403 2441 2403 2402 2399 2463 2397 2441 2398 2400 2397 2464 2382 2398 2463 2399 2382 2465 2386 2463 2464 2397 2386 2466 2383 2464 2465 2382 2467 2468 2446 2466 2386 2465 2390 2393 2391 2383 2466 2443 2388 2391 2392 2387 2443 2389 2469 2470 2393 2394 2393 2470 2392 2391 2393 2416 2457 2462 2457 2416 2424 2471 2412 2409 2416 2462 2404 2462 2419 2472 2441 2473 2398 2402 2472 2440 2398 2474 2463 2473 2441 2440 2463 2475 2464 2473 2474 2398 2464 2476 2465 2474 2475 2463 2465 2477 2466 2475 2476 2464 2466 2478 2443 2476 2477 2465 2443 2479 2389 2478 2466 2477 2390 2446 2469 2443 2478 2479 2480 2469 2468 2444 2389 2479 2444 2446 2390 2470 2469 2480 2393 2390 2469 2457 2419 2462 2456 2420 2419 2440 2481 2473 2462 2472 2402 2458 2482 2414 2473 2437 2474 2481 2440 2483 2475 2474 2436 2437 2473 2481 2475 2484 2476 2437 2436 2474 2476 2459 2477 2436 2484 2475 2477 2461 2478 2484 2459 2476 2478 2485 2479 2459 2461 2477 2479 2486 2444 2461 2485 2478 2448 2467 2449 2486 2479 2485 2487 2468 2448 2444 2486 2445 2467 2446 2445 2480 2468 2487 2469 2446 2468 2472 2418 2483 2418 2472 2419 2481 2488 2437 2472 2483 2440 2414 2413 2483 2431 2489 2490 2413 2488 2481 2484 2436 2491 2488 2435 2437 2459 2484 2492 2435 2491 2436 2493 2494 2495 2491 2492 2484 2461 2496 2485 2492 2460 2459 2485 2495 2486 2460 2496 2461 2486 2497 2445 2496 2495 2485 2445 2498 2467 2497 2486 2495 2498 2449 2467 2498 2445 2497 2448 2447 2499 2487 2448 2499 2468 2467 2448 2483 2418 2414 2458 2414 2418 2471 2500 2488 2483 2413 2481 2413 2471 2488 2500 2432 2435 2488 2500 2435 2432 2490 2491 2435 2432 2491 2490 2501 2492 2492 2491 2490 2501 2502 2460 2460 2492 2501 2502 2493 2496 2460 2502 2496 2503 2494 2504 2496 2493 2495 2505 2503 2504 2495 2494 2497 2506 2498 2503 2497 2494 2503 2452 2449 2506 2449 2498 2506 2447 2507 2499 2447 2449 2452 2451 2507 2447 2414 2482 2412 2438 2412 2482 2429 2500 2433 2413 2412 2471 2500 2471 2433 2508 2431 2429 2432 2500 2429 2431 2509 2489 2432 2431 2490 2510 2501 2489 2501 2490 2489 2511 2502 2510 2502 2501 2510 2512 2493 2511 2493 2502 2511 2504 2494 2512 2494 2493 2512 2504 2513 2505 2514 2515 2505 2498 2497 2503 2515 2506 2505 2515 2452 2506 2516 2452 2515 2450 2516 2454 2450 2452 2516 2453 2451 2450 2412 2438 2409 2410 2409 2438 2430 2433 2434 2471 2409 2433 2430 2429 2433 2508 2429 2428 2508 2509 2431 2509 2517 2489 2517 2518 2489 2489 2518 2510 2518 2519 2510 2519 2520 2511 2519 2511 2510 2520 2521 2512 2520 2512 2511 2521 2513 2504 2521 2504 2512 2513 2522 2505 2514 2505 2522 2506 2503 2505 2514 2523 2515 2515 2523 2516 2523 2524 2516 2516 2524 2454 2455 2454 2524 2453 2450 2454 2525 2526 2527 2528 2529 2530 2526 2531 2528 2527 2532 2525 2532 2533 2525 2534 2535 2536 2534 2536 2537 2538 2539 2540 2541 2542 2543 2544 2540 2539 2545 2544 2539 2545 2539 2546 2531 2547 2538 2533 2532 2548 2549 2550 2548 2551 2549 2552 2553 2554 2555 2550 2553 2555 2556 2557 2558 2554 2557 2559 2560 2561 2556 2562 2557 2556 2563 2564 2565 2540 2544 2566 2538 2546 2539 2543 2542 2566 2566 2542 2540 2567 2535 2534 2540 2531 2538 2542 2568 2540 2528 2531 2568 2569 2547 2526 2531 2526 2547 2570 2541 2543 2526 2528 2530 2540 2568 2531 2568 2541 2529 2551 2571 2572 2573 2569 2525 2526 2525 2569 2526 2530 2527 2533 2573 2525 2542 2541 2568 2574 2570 2537 2527 2530 2575 2568 2529 2528 2529 2574 2576 2532 2527 2577 2576 2575 2530 2578 2548 2532 2575 2577 2527 2578 2532 2577 2579 2548 2550 2533 2548 2579 2548 2578 2549 2580 2579 2550 2529 2541 2574 2570 2574 2541 2529 2576 2530 2535 2576 2536 2581 2582 2583 2582 2575 2535 2549 2578 2552 2577 2582 2581 2549 2551 2550 2581 2552 2578 2584 2585 2554 2586 2580 2555 2550 2555 2580 2550 2551 2553 2587 2586 2555 2576 2574 2536 2537 2536 2574 2583 2567 2588 2575 2576 2535 2535 2583 2582 2577 2575 2582 2581 2583 2589 2578 2577 2581 2589 2552 2581 2552 2589 2571 2551 2552 2571 2584 2553 2572 2551 2572 2553 2555 2554 2587 2554 2553 2584 2585 2557 2554 2559 2587 2554 2583 2535 2567 2588 2590 2583 2583 2590 2589 2590 2591 2589 2589 2591 2571 2591 2592 2571 2584 2572 2593 2585 2593 2558 2584 2593 2585 2557 2585 2558 2562 2559 2557 2571 2592 2572 2592 2594 2572 2594 2593 2572 2594 2595 2593 2593 2595 2558 2595 2596 2558 2597 2556 2596 2556 2597 2560 2561 2562 2556 2558 2596 2556 2596 2598 2597 2598 2560 2597 2565 2560 2598 2564 2561 2560 2560 2565 2564 2599 2600 2601 2601 2602 2599 2601 2603 2604 2603 2601 2600 2605 2604 2606 2603 2606 2604 2607 2608 2605 2605 2606 2607 2608 2609 2610 2609 2608 2607 2611 2610 2612 2609 2612 2610 2613 2614 2611 2611 2612 2613 2614 2615 2616 2615 2614 2613 2615 2617 2616 2618 2599 2602 2619 2618 2620 2602 2620 2618 2620 2621 2622 2622 2619 2620 2623 2624 2621 2621 2624 2622 2625 2626 2623 2623 2621 2625 2627 2625 2628 2625 2627 2626 2627 2628 2629</p>
        </triangles>
      </mesh>
    </geometry>
    <geometry id="ID12">
      <mesh>
        <source id="ID13">
          <float_array count="72" id="ID14">-0.0239144 0.00751555 -0.0204843 -0.0239144 0.00921555 -0.0204843 -0.0239144 0.00921555 0.0204811 -0.0239144 0.00751555 0.0204811 0.0245144 0.00751555 0.0204811 0.0245144 0.00751555 -0.0204843 -0.0239144 0.00751555 -0.0204843 -0.0239144 0.00751555 0.0204811 -0.0239144 0.00751555 -0.0204843 0.0245144 0.00921555 -0.0204843 -0.0239144 0.00921555 -0.0204843 0.0245144 0.00751555 -0.0204843 0.0245144 0.00751555 0.0204811 0.0245144 0.00921555 0.0204811 0.0245144 0.00921555 -0.0204843 0.0245144 0.00751555 -0.0204843 -0.0239144 0.00921555 0.0204811 0.0245144 0.00921555 0.0204811 0.0245144 0.00751555 0.0204811 -0.0239144 0.00751555 0.0204811 0.0245144 0.00921555 -0.0204843 0.0245144 0.00921555 0.0204811 -0.0239144 0.00921555 0.0204811 -0.0239144 0.00921555 -0.0204843</float_array>
          <technique_common>
            <accessor count="24" source="#ID14" stride="3">
              <param name="X" type="float"/>
              <param name="Y" type="float"/>
              <param name="Z" type="float"/>
            </accessor>
          </technique_common>
        </source>
        <source id="ID15">
          <float_array count="72" id="ID16">-1 -0 -1.80326e-11 -1 -0 -1.80326e-11 -1 -0 -1.80326e-11 -1 -0 -1.80326e-11 -0 -1 -0 -0 -1 -0 -0 -1 -0 -0 -1 -0 1.80326e-11 0 -1 1.80326e-11 0 -1 1.80326e-11 0 -1 1.80326e-11 0 -1 1 0 1.80325e-11 1 0 1.80325e-11 1 0 1.80325e-11 1 0 1.80325e-11 -1.80326e-11 0 1 -1.80326e-11 0 1 -1.80326e-11 0 1 -1.80326e-11 0 1 0 1 0 0 1 0 0 1 0 0 1 0</float_array>
          <technique_common>
            <accessor count="24" source="#ID16" stride="3">
              <param name="X" type="float"/>
              <param name="Y" type="float"/>
              <param name="Z" type="float"/>
            </accessor>
          </technique_common>
        </source>
        <vertices id="ID17">
          <input semantic="POSITION" source="#ID13"/>
          <input semantic="NORMAL" source="#ID15"/>
        </vertices>
        <triangles count="12" material="ID18">
          <input offset="0" semantic="VERTEX" source="#ID17"/>
          <p>0 2 1 0 3 2 4 6 5 4 7 6 8 10 9 8 9 11 12 14 13 12 15 14 16 18 17 18 16 19 20 22 21 22 20 23</p>
        </triangles>
      </mesh>
    </geometry>
    <geometry id="ID20">
      <mesh>
        <source id="ID21">
          <float_array count="12570" id="ID22">-0.0169569 -0.0239318 -0.0062 0.00643815 -0.0239318 -0.0042 -0.0169569 -0.0239318 -0.0042 0.0128333 -0.0239318 -0.0062 0.0128333 -0.0239318 -0.0013 0.00643815 -0.0239318 -0.0013 -0.0169569 0.0170682 -0.0062 0.0128333 0.0170682 -0.0013 0.0128333 0.0170682 -0.0062 -0.0169569 0.0170682 -0.0013 -0.0274829 -0.0286255 0.0019 -0.0313905 -0.0305503 0.0019 -0.0310989 -0.0308144 0.0019 -0.0276003 -0.0272083 0.0019 -0.032562 -0.0277218 0.0019 -0.0276866 -0.0274049 0.0019 -0.0316534 -0.0302601 0.0019 -0.0276003 -0.0284458 0.0019 -0.0318876 -0.0299446 0.0019 -0.0322571 -0.0292535 0.0019 -0.0320894 -0.0296079 0.0019 -0.0276866 -0.0282491 0.0019 -0.0323897 -0.0288833 0.0019 -0.0277393 -0.028041 0.0019 -0.0324849 -0.028503 0.0019 -0.027757 -0.027827 0.0019 -0.0325427 -0.0281147 0.0019 -0.032562 -0.0249318 0.0019 -0.0277393 -0.0276131 0.0019 -0.031562 -0.0239318 0.0019 -0.0273375 -0.0268706 0.0019 -0.0274829 -0.0270286 0.0019 -0.0323711 -0.0243441 0.0019 -0.0322691 -0.0242247 0.0019 -0.0271681 -0.0267387 0.0019 -0.0317185 -0.0239442 0.0019 -0.0318711 -0.0239808 0.0019 -0.032016 -0.0240408 0.0019 -0.0321498 -0.0241228 0.0019 -0.032453 -0.0244779 0.0019 -0.0325131 -0.0246228 0.0019 -0.0325497 -0.0247754 0.0019 -0.0229569 -0.0239318 0.0019 -0.0263497 -0.0265315 0.0019 -0.0261379 -0.0265668 0.0019 -0.0252275 -0.0274049 0.0019 -0.0251748 -0.0276131 0.0019 -0.0219568 -0.0249318 0.0019 -0.0219692 -0.0247754 0.0019 -0.0220058 -0.0246228 0.0019 -0.0228004 -0.0239442 0.0019 -0.0226478 -0.0239808 0.0019 -0.0225029 -0.0240408 0.0019 -0.0223691 -0.0241228 0.0019 -0.0222497 -0.0242247 0.0019 -0.0220658 -0.0244779 0.0019 -0.0221478 -0.0243441 0.0019 -0.025157 -0.027827 0.0019 -0.0219568 -0.0307222 0.0019 -0.0229569 -0.0317222 0.0019 -0.0228004 -0.0317099 0.0019 -0.0226478 -0.0316733 0.0019 -0.0269792 -0.0290175 0.0019 -0.028562 -0.0317218 0.0019 -0.0267762 -0.0290873 0.0019 -0.0225029 -0.0316132 0.0019 -0.0223691 -0.0315312 0.0019 -0.0222497 -0.0314293 0.0019 -0.0221478 -0.03131 0.0019 -0.0220058 -0.0310312 0.0019 -0.0220658 -0.0311762 0.0019 -0.0219692 -0.0308786 0.0019 -0.0265644 -0.0265315 0.0019 -0.0254312 -0.0270286 0.0019 -0.0253137 -0.0272083 0.0019 -0.025746 -0.0267387 0.0019 -0.0255766 -0.0268706 0.0019 -0.0259348 -0.0266365 0.0019 -0.0269792 -0.0266365 0.0019 -0.0267762 -0.0265668 0.0019 -0.0273375 -0.0287835 0.0019 -0.0307836 -0.0310481 0.0019 -0.0304473 -0.0312497 0.0019 -0.0300919 -0.0314177 0.0019 -0.0271681 -0.0289153 0.0019 -0.0297227 -0.0315497 0.0019 -0.0263497 -0.0291226 0.0019 -0.0293418 -0.0316451 0.0019 -0.0289549 -0.0317025 0.0019 -0.0265644 -0.0291226 0.0019 -0.0259348 -0.0290175 0.0019 -0.0261379 -0.0290873 0.0019 -0.025746 -0.0289153 0.0019 -0.0254312 -0.0286255 0.0019 -0.0255766 -0.0287835 0.0019 -0.0252275 -0.0282491 0.0019 -0.0253137 -0.0284458 0.0019 -0.0251748 -0.028041 0.0019 -0.0235619 -0.0239318 -0.0013 -0.031562 -0.0239318 -0.0013 -0.031562 -0.0239318 0.0019 -0.0235619 -0.0239318 -0.0027 -0.0232501 -0.0239317 -0.00348762 -0.0234037 -0.0239317 -0.00362418 -0.0235619 -0.0239318 -0.00375593 -0.0229569 -0.0239318 0.0019 -0.0231012 -0.0239317 -0.00334622 -0.0229569 -0.0239318 -0.0032 0.0205654 0.0170682 -0.0013 0.0201956 0.0170682 -0.00125091 0.0203785 0.0170682 -0.0012868 0.0269383 0.0170682 -0.0013 0.0269383 0.0170682 0.0019 0.0200173 0.0170682 -0.00119309 0.0196831 0.0170682 -0.00102621 0.0198466 0.0170682 -0.00111722 0.0193787 0.0170682 -0.000808796 0.019527 0.0170682 -0.000922371 0.0190993 0.0170682 -0.000561923 0.0192366 0.0170682 -0.000688178 0.0189654 0.0170682 -0.000431833 0.0188333 0.0170682 -0.0003 0.0188333 0.0170682 0.0019 -0.0229569 -0.0317222 0.0019 -0.028562 -0.0317218 0.0019 -0.028562 -0.0317222 -0.0042 -0.028562 -0.0317222 -0.0062 -0.0229569 -0.0317222 -0.0062 -0.0276866 0.0205412 -0.00535 -0.0277383 0.0207436 0.0019 -0.0276828 0.0205303 0.0019 -0.027757 0.0209633 0.0019 -0.0277393 0.0207494 -0.00535 -0.027757 0.0209633 -0.00535 -0.0274685 0.0201467 0.0019 -0.0273159 0.0199875 0.0019 -0.0273375 0.0200069 -0.00535 -0.0274829 0.0201649 -0.00535 -0.0276003 0.0203446 -0.00535 -0.027592 0.0203293 0.0019 -0.0267762 0.0197031 -0.00535 -0.0269417 0.0197571 0.0019 -0.0267309 0.0196925 0.0019 -0.0269792 0.0197728 -0.00535 -0.0271681 0.019875 -0.00535 -0.0271386 0.0198564 0.0019 -0.0260764 0.0197203 0.0019 -0.0261379 0.0197031 -0.00535 -0.0262919 0.0196739 0.0019 -0.0265122 0.0196645 0.0019 -0.0263497 0.0196678 -0.00535 -0.0265644 0.0196678 -0.00535 -0.025684 0.0199181 0.0019 -0.0255185 0.0200638 0.0019 -0.0255766 0.0200069 -0.00535 -0.0259348 0.0197728 -0.00535 -0.0258718 0.0198025 0.0019 -0.025746 0.019875 -0.00535 -0.0252275 0.0205412 -0.00535 -0.0252724 0.0204279 0.0019 -0.025199 0.0206358 0.0019 -0.0253137 0.0203446 -0.00535 -0.0254312 0.0201649 -0.00535 -0.02538 0.0202354 0.0019 -0.025199 0.0212909 0.0019 -0.0251748 0.0211773 -0.00535 -0.0251617 0.0210736 0.0019 -0.0251617 0.0208531 0.0019 -0.025157 0.0209633 -0.00535 -0.0251748 0.0207494 -0.00535 -0.02538 0.0216913 0.0019 -0.0255185 0.0218629 0.0019 -0.0254312 0.0217618 -0.00535 -0.0252275 0.0213854 -0.00535 -0.0252724 0.0214988 0.0019 -0.0253137 0.0215821 -0.00535 -0.0259348 0.0221538 -0.00535 -0.0258718 0.0221241 0.0019 -0.0260764 0.0222064 0.0019 -0.025746 0.0220517 -0.00535 -0.0255766 0.0219198 -0.00535 -0.025684 0.0220085 0.0019 -0.0265644 0.0222589 -0.00535 -0.0263497 0.0222589 -0.00535 -0.0265122 0.0222622 0.0019 -0.0262919 0.0222528 0.0019 -0.0261379 0.0222236 -0.00535 -0.0267309 0.0222342 0.0019 -0.0269417 0.0221696 0.0019 -0.0267762 0.0222236 -0.00535 -0.0271386 0.0220703 0.0019 -0.0269792 0.0221538 -0.00535 -0.0271681 0.0220517 -0.00535 -0.0273159 0.0219392 0.0019 -0.0274685 0.02178 0.0019 -0.0273375 0.0219198 -0.00535 -0.027592 0.0215973 0.0019 -0.0274829 0.0217618 -0.00535 -0.0276003 0.0215821 -0.00535 -0.0276828 0.0213964 0.0019 -0.0277383 0.021183 0.0019 -0.0276866 0.0213854 -0.00535 -0.0277393 0.0211773 -0.00535 0.0224407 0.0196678 -0.00535 0.022226 0.0196678 -0.00535 0.022226 0.0196678 0.0019 0.0236333 0.0209633 0.0019 0.0236156 0.0211773 -0.00535 0.0236333 0.0209633 -0.00535 0.0220142 0.0197031 -0.00535 0.0220142 0.0197031 0.0019 0.0218111 0.0197728 0.0019 0.0218111 0.0197728 -0.00535 0.0216223 0.019875 -0.00535 0.0216223 0.019875 0.0019 0.0214529 0.0200069 -0.00535 0.0214529 0.0200069 0.0019 0.0213075 0.0201649 0.0019 0.0213075 0.0201649 -0.00535 0.02119 0.0203446 -0.00535 0.02119 0.0203446 0.0019 0.0211038 0.0205412 -0.00535 0.0211038 0.0205412 0.0019 0.0210511 0.0207494 0.0019 0.0210511 0.0207494 -0.00535 0.0210333 0.0209633 0.0019 0.0210333 0.0209633 -0.00535 0.0224407 0.0196678 0.0019 0.0226525 0.0197031 -0.00535 0.0226525 0.0197031 0.0019 0.0228555 0.0197728 0.0019 0.0228555 0.0197728 -0.00535 0.0230444 0.019875 0.0019 0.0230444 0.019875 -0.00535 0.0232138 0.0200069 -0.00535 0.0232138 0.0200069 0.0019 0.0233592 0.0201649 0.0019 0.0233592 0.0201649 -0.00535 0.0234767 0.0203446 0.0019 0.0234767 0.0203446 -0.00535 0.0235629 0.0205412 -0.00535 0.0235629 0.0205412 0.0019 0.0236156 0.0207494 0.0019 0.0236156 0.0207494 -0.00535 0.0235629 0.0213854 0.0019 0.0235629 0.0213854 -0.00535 0.0236156 0.0211773 0.0019 0.0232138 0.0219198 0.0019 0.0232138 0.0219198 -0.00535 0.0233592 0.0217618 0.0019 0.0234767 0.0215821 0.0019 0.0233592 0.0217618 -0.00535 0.0234767 0.0215821 -0.00535 0.0228555 0.0221538 0.0019 0.0226525 0.0222236 0.0019 0.0226525 0.0222236 -0.00535 0.0230444 0.0220517 -0.00535 0.0230444 0.0220517 0.0019 0.0228555 0.0221538 -0.00535 0.0220142 0.0222236 -0.00535 0.022226 0.0222589 0.0019 0.0220142 0.0222236 0.0019 0.022226 0.0222589 -0.00535 0.0224407 0.0222589 -0.00535 0.0224407 0.0222589 0.0019 0.0214529 0.0219198 0.0019 0.0214529 0.0219198 -0.00535 0.0216223 0.0220517 0.0019 0.0218111 0.0221538 0.0019 0.0216223 0.0220517 -0.00535 0.0218111 0.0221538 -0.00535 0.02119 0.0215821 -0.00535 0.0213075 0.0217618 -0.00535 0.0213075 0.0217618 0.0019 0.02119 0.0215821 0.0019 0.0211038 0.0213854 -0.00535 0.0211038 0.0213854 0.0019 0.0210511 0.0211773 -0.00535 0.0210511 0.0211773 0.0019 0.0222782 -0.0291259 -0.00535 0.0220595 -0.0290979 -0.00535 0.022226 -0.0291226 0.0019 0.0236287 -0.0277168 -0.00535 0.0236287 -0.0279373 -0.00535 0.0236333 -0.027827 0.0019 0.0218486 -0.0290333 -0.00535 0.0220142 -0.0290873 0.0019 0.0218111 -0.0290175 0.0019 0.0216517 -0.028934 -0.00535 0.0214745 -0.0288029 -0.00535 0.0216223 -0.0289153 0.0019 0.0213219 -0.0286437 -0.00535 0.0214529 -0.0287835 0.0019 0.0213075 -0.0286255 0.0019 0.0211984 -0.028461 -0.00535 0.0211076 -0.0282601 -0.00535 0.02119 -0.0284458 0.0019 0.021052 -0.0280467 -0.00535 0.0211038 -0.0282491 0.0019 0.0210511 -0.028041 0.0019 0.0210333 -0.027827 -0.00535 0.0210333 -0.027827 0.0019 0.0224407 -0.0291226 0.0019 0.0224985 -0.0291165 -0.00535 0.0226525 -0.0290873 0.0019 0.022714 -0.02907 -0.00535 0.0228555 -0.0290175 0.0019 0.0229186 -0.0289878 -0.00535 0.0231064 -0.0288722 -0.00535 0.0230444 -0.0289153 0.0019 0.0232138 -0.0287835 0.0019 0.0232719 -0.0287266 -0.00535 0.0233592 -0.0286255 0.0019 0.0234104 -0.028555 -0.00535 0.0235179 -0.0283625 -0.00535 0.0234767 -0.0284458 0.0019 0.0235629 -0.0282491 0.0019 0.0235914 -0.0281546 -0.00535 0.0236156 -0.028041 0.0019 0.0234104 -0.0270991 -0.00535 0.0235179 -0.0272916 -0.00535 0.0234767 -0.0272083 0.0019 0.0235914 -0.0274995 -0.00535 0.0236156 -0.0276131 0.0019 0.0235629 -0.0274049 0.0019 0.0230444 -0.0267387 0.0019 0.0229186 -0.0266662 -0.00535 0.0231064 -0.0267818 -0.00535 0.0233592 -0.0270286 0.0019 0.0232138 -0.0268706 0.0019 0.0232719 -0.0269275 -0.00535 0.0224985 -0.0265376 -0.00535 0.0224407 -0.0265315 0.0019 0.0222782 -0.0265282 -0.00535 0.022714 -0.026584 -0.00535 0.0228555 -0.0266365 0.0019 0.0226525 -0.0265668 0.0019 0.0216517 -0.02672 -0.00535 0.0218486 -0.0266208 -0.00535 0.0218111 -0.0266365 0.0019 0.0220142 -0.0265668 0.0019 0.0220595 -0.0265562 -0.00535 0.022226 -0.0265315 0.0019 0.0213075 -0.0270286 0.0019 0.0213219 -0.0270103 -0.00535 0.0214529 -0.0268706 0.0019 0.0216223 -0.0267387 0.0019 0.0214745 -0.0268512 -0.00535 0.0211984 -0.027193 -0.00535 0.02119 -0.0272083 0.0019 0.0211038 -0.0274049 0.0019 0.0211076 -0.027394 -0.00535 0.0210511 -0.0276131 0.0019 0.021052 -0.0276073 -0.00535 -0.0263497 -0.0291226 -0.00535 -0.0265644 -0.0291226 -0.00535 -0.0265644 -0.0291226 0.0019 -0.025157 -0.027827 0.0019 -0.0251748 -0.0276131 -0.00535 -0.025157 -0.027827 -0.00535 -0.0267762 -0.0290873 -0.00535 -0.0267762 -0.0290873 0.0019 -0.0269792 -0.0290175 0.0019 -0.0269792 -0.0290175 -0.00535 -0.0271681 -0.0289153 -0.00535 -0.0271681 -0.0289153 0.0019 -0.0273375 -0.0287835 -0.00535 -0.0273375 -0.0287835 0.0019 -0.0274829 -0.0286255 0.0019 -0.0274829 -0.0286255 -0.00535 -0.0276003 -0.0284458 -0.00535 -0.0276003 -0.0284458 0.0019 -0.0276866 -0.0282491 -0.00535 -0.0276866 -0.0282491 0.0019 -0.0277393 -0.028041 0.0019 -0.0277393 -0.028041 -0.00535 -0.027757 -0.027827 0.0019 -0.027757 -0.027827 -0.00535 -0.0263497 -0.0291226 0.0019 -0.0261379 -0.0290873 -0.00535 -0.0261379 -0.0290873 0.0019 -0.0259348 -0.0290175 0.0019 -0.0259348 -0.0290175 -0.00535 -0.025746 -0.0289153 0.0019 -0.025746 -0.0289153 -0.00535 -0.0255766 -0.0287835 -0.00535 -0.0255766 -0.0287835 0.0019 -0.0254312 -0.0286255 0.0019 -0.0254312 -0.0286255 -0.00535 -0.0253137 -0.0284458 0.0019 -0.0253137 -0.0284458 -0.00535 -0.0252275 -0.0282491 -0.00535 -0.0252275 -0.0282491 0.0019 -0.0251748 -0.028041 0.0019 -0.0251748 -0.028041 -0.00535 -0.0252275 -0.0274049 0.0019 -0.0252275 -0.0274049 -0.00535 -0.0251748 -0.0276131 0.0019 -0.0255766 -0.0268706 0.0019 -0.0255766 -0.0268706 -0.00535 -0.0254312 -0.0270286 0.0019 -0.0253137 -0.0272083 0.0019 -0.0254312 -0.0270286 -0.00535 -0.0253137 -0.0272083 -0.00535 -0.0259348 -0.0266365 0.0019 -0.0261379 -0.0265668 0.0019 -0.0261379 -0.0265668 -0.00535 -0.025746 -0.0267387 -0.00535 -0.025746 -0.0267387 0.0019 -0.0259348 -0.0266365 -0.00535 -0.0267762 -0.0265668 -0.00535 -0.0265644 -0.0265315 0.0019 -0.0267762 -0.0265668 0.0019 -0.0265644 -0.0265315 -0.00535 -0.0263497 -0.0265315 -0.00535 -0.0263497 -0.0265315 0.0019 -0.0273375 -0.0268706 0.0019 -0.0273375 -0.0268706 -0.00535 -0.0271681 -0.0267387 0.0019 -0.0269792 -0.0266365 0.0019 -0.0271681 -0.0267387 -0.00535 -0.0269792 -0.0266365 -0.00535 -0.0276003 -0.0272083 -0.00535 -0.0274829 -0.0270286 -0.00535 -0.0274829 -0.0270286 0.0019 -0.0276003 -0.0272083 0.0019 -0.0276866 -0.0274049 -0.00535 -0.0276866 -0.0274049 0.0019 -0.0277393 -0.0276131 -0.00535 -0.0277393 -0.0276131 0.0019 -0.0267736 0.0184415 -0.00535 -0.0264659 0.018423 -0.00535 -0.0264672 0.018423 -0.0062 -0.0239352 0.0212799 -0.0062 -0.0239167 0.0209722 -0.0062 -0.0239167 0.020973 -0.00535 -0.0267748 0.0184417 -0.0062 -0.0270768 0.0184971 -0.00535 -0.0270774 0.0184973 -0.0062 -0.0273702 0.0185885 -0.00535 -0.0276511 0.0187148 -0.00535 -0.0273711 0.0185888 -0.0062 -0.0276523 0.0187154 -0.0062 -0.027915 0.0188742 -0.00535 -0.0279158 0.0188748 -0.0062 -0.0281573 0.0190641 -0.00535 -0.0283748 0.0192815 -0.00535 -0.0281577 0.0190643 -0.0062 -0.0283757 0.0192824 -0.0062 -0.0285649 0.0195239 -0.00535 -0.0285657 0.0195251 -0.0062 -0.0287245 0.0197878 -0.00535 -0.0288507 0.0200682 -0.00535 -0.0287248 0.0197884 -0.0062 -0.028851 0.020069 -0.0062 -0.0289423 0.020362 -0.00535 -0.0289427 0.0203634 -0.0062 -0.028998 0.0206651 -0.00535 -0.0290167 0.020973 -0.00535 -0.028998 0.0206651 -0.0062 -0.0290167 0.020973 -0.0062 -0.0261594 0.0184416 -0.0062 -0.0258572 0.0184969 -0.0062 -0.0261587 0.0184417 -0.00535 -0.0258563 0.0184971 -0.00535 -0.0255631 0.0185885 -0.0062 -0.0255619 0.0185889 -0.00535 -0.0252818 0.018715 -0.0062 -0.0250186 0.0188741 -0.0062 -0.025281 0.0187154 -0.00535 -0.0250177 0.0188747 -0.00535 -0.0247763 0.0190638 -0.0062 -0.0247755 0.0190644 -0.00535 -0.0245583 0.0192817 -0.0062 -0.0243682 0.0195242 -0.0062 -0.0245576 0.0192825 -0.00535 -0.0243677 0.019525 -0.00535 -0.0242092 0.0197873 -0.0062 -0.0242087 0.0197882 -0.00535 -0.0240826 0.0200681 -0.0062 -0.0239908 0.0203626 -0.0062 -0.0240823 0.0200691 -0.00535 -0.0239906 0.0203634 -0.00535 -0.0239354 0.020665 -0.0062 -0.0239353 0.0206651 -0.00535 -0.0242085 0.0221574 -0.0062 -0.0240822 0.0218765 -0.0062 -0.0240826 0.0218777 -0.00535 -0.0239907 0.0215829 -0.0062 -0.0239353 0.0212808 -0.00535 -0.023991 0.0215839 -0.00535 -0.0245585 0.0226644 -0.00535 -0.0247752 0.0228811 -0.0062 -0.0245576 0.0226634 -0.0062 -0.0242088 0.0221581 -0.00535 -0.0243684 0.022422 -0.00535 -0.024368 0.0224214 -0.0062 -0.0252813 0.0232307 -0.0062 -0.0252822 0.0232312 -0.00535 -0.0255617 0.0233569 -0.0062 -0.0250178 0.0230714 -0.0062 -0.024776 0.0228819 -0.00535 -0.0250183 0.0230717 -0.00535 -0.026466 0.0235229 -0.0062 -0.0261592 0.0235044 -0.0062 -0.0261597 0.0235044 -0.00535 -0.0258565 0.0234489 -0.00535 -0.0258558 0.0234487 -0.0062 -0.0255631 0.0233575 -0.00535 -0.027077 0.0234489 -0.00535 -0.0273705 0.0233574 -0.0062 -0.0270766 0.0234489 -0.0062 -0.0264674 0.0235229 -0.00535 -0.0267746 0.0235042 -0.00535 -0.0267733 0.0235044 -0.0062 -0.0279147 0.0230719 -0.0062 -0.0279156 0.0230713 -0.00535 -0.0281576 0.0228817 -0.0062 -0.027651 0.0232312 -0.0062 -0.0273714 0.0233571 -0.00535 -0.0276523 0.0232305 -0.00535 -0.0283749 0.0226644 -0.0062 -0.0283758 0.0226634 -0.00535 -0.0285648 0.0224221 -0.0062 -0.0281578 0.0228815 -0.00535 -0.0285656 0.0224209 -0.00535 -0.0287244 0.0221583 -0.0062 -0.0288508 0.0218776 -0.0062 -0.0287247 0.0221578 -0.00535 -0.0288511 0.0218769 -0.00535 -0.0289423 0.021584 -0.0062 -0.0289427 0.0215825 -0.00535 -0.028998 0.0212809 -0.0062 -0.028998 0.0212808 -0.00535 -0.0267736 -0.0303585 -0.00535 -0.0264659 -0.030377 -0.00535 -0.0264672 -0.030377 -0.0062 -0.0239352 -0.0275201 -0.0062 -0.0239167 -0.0278278 -0.0062 -0.0239167 -0.027827 -0.00535 -0.0267748 -0.0303583 -0.0062 -0.0270768 -0.0303029 -0.00535 -0.0270774 -0.0303027 -0.0062 -0.0273702 -0.0302115 -0.00535 -0.0276511 -0.0300852 -0.00535 -0.0273711 -0.0302112 -0.0062 -0.0276523 -0.0300846 -0.0062 -0.027915 -0.0299258 -0.00535 -0.0279158 -0.0299252 -0.0062 -0.0281573 -0.0297359 -0.00535 -0.0283748 -0.0295185 -0.00535 -0.0281577 -0.0297357 -0.0062 -0.0283757 -0.0295176 -0.0062 -0.0285649 -0.0292761 -0.00535 -0.0285657 -0.0292749 -0.0062 -0.0287245 -0.0290122 -0.00535 -0.0288507 -0.0287318 -0.00535 -0.0287248 -0.0290116 -0.0062 -0.028851 -0.028731 -0.0062 -0.0289423 -0.028438 -0.00535 -0.0289427 -0.0284366 -0.0062 -0.028998 -0.0281349 -0.00535 -0.0290167 -0.027827 -0.00535 -0.028998 -0.0281349 -0.0062 -0.0290167 -0.027827 -0.0062 -0.0261594 -0.0303584 -0.0062 -0.0258572 -0.0303031 -0.0062 -0.0261587 -0.0303583 -0.00535 -0.0258563 -0.0303029 -0.00535 -0.0255631 -0.0302115 -0.0062 -0.0255619 -0.0302111 -0.00535 -0.0252818 -0.030085 -0.0062 -0.0250186 -0.0299259 -0.0062 -0.025281 -0.0300846 -0.00535 -0.0250177 -0.0299253 -0.00535 -0.0247763 -0.0297362 -0.0062 -0.0247755 -0.0297356 -0.00535 -0.0245583 -0.0295183 -0.0062 -0.0243682 -0.0292758 -0.0062 -0.0245576 -0.0295175 -0.00535 -0.0243677 -0.029275 -0.00535 -0.0242092 -0.0290127 -0.0062 -0.0242087 -0.0290118 -0.00535 -0.0240826 -0.0287319 -0.0062 -0.0239908 -0.0284374 -0.0062 -0.0240823 -0.0287309 -0.00535 -0.0239906 -0.0284366 -0.00535 -0.0239354 -0.028135 -0.0062 -0.0239353 -0.0281349 -0.00535 -0.0242085 -0.0266426 -0.0062 -0.0240822 -0.0269235 -0.0062 -0.0240826 -0.0269223 -0.00535 -0.0239907 -0.0272171 -0.0062 -0.0239353 -0.0275192 -0.00535 -0.023991 -0.0272161 -0.00535 -0.0245585 -0.0261356 -0.00535 -0.0247752 -0.0259189 -0.0062 -0.0245576 -0.0261366 -0.0062 -0.0242088 -0.0266419 -0.00535 -0.0243684 -0.026378 -0.00535 -0.024368 -0.0263786 -0.0062 -0.0252813 -0.0255693 -0.0062 -0.0252822 -0.0255688 -0.00535 -0.0255617 -0.0254431 -0.0062 -0.0250178 -0.0257286 -0.0062 -0.024776 -0.0259181 -0.00535 -0.0250183 -0.0257283 -0.00535 -0.026466 -0.0252771 -0.0062 -0.0261592 -0.0252956 -0.0062 -0.0261597 -0.0252956 -0.00535 -0.0258565 -0.0253511 -0.00535 -0.0258558 -0.0253513 -0.0062 -0.0255631 -0.0254425 -0.00535 -0.027077 -0.0253511 -0.00535 -0.0273705 -0.0254426 -0.0062 -0.0270766 -0.0253511 -0.0062 -0.0264674 -0.0252771 -0.00535 -0.0267746 -0.0252958 -0.00535 -0.0267733 -0.0252956 -0.0062 -0.0279147 -0.0257281 -0.0062 -0.0279156 -0.0257287 -0.00535 -0.0281576 -0.0259183 -0.0062 -0.027651 -0.0255688 -0.0062 -0.0273714 -0.0254429 -0.00535 -0.0276523 -0.0255695 -0.00535 -0.0283749 -0.0261356 -0.0062 -0.0283758 -0.0261366 -0.00535 -0.0285648 -0.0263779 -0.0062 -0.0281578 -0.0259185 -0.00535 -0.0285656 -0.0263791 -0.00535 -0.0287244 -0.0266417 -0.0062 -0.0288508 -0.0269224 -0.0062 -0.0287247 -0.0266422 -0.00535 -0.0288511 -0.0269231 -0.00535 -0.0289423 -0.027216 -0.0062 -0.0289427 -0.0272175 -0.00535 -0.028998 -0.0275191 -0.0062 -0.028998 -0.0275192 -0.00535 0.0220264 0.0184415 -0.00535 0.0223341 0.018423 -0.00535 0.0223328 0.018423 -0.0062 0.0248648 0.0212799 -0.0062 0.0248833 0.0209722 -0.0062 0.0248833 0.020973 -0.00535 0.0220252 0.0184417 -0.0062 0.0217232 0.0184971 -0.00535 0.0217226 0.0184973 -0.0062 0.0214298 0.0185885 -0.00535 0.0211489 0.0187148 -0.00535 0.0214289 0.0185888 -0.0062 0.0211477 0.0187154 -0.0062 0.020885 0.0188742 -0.00535 0.0208842 0.0188748 -0.0062 0.0206427 0.0190641 -0.00535 0.0204252 0.0192815 -0.00535 0.0206423 0.0190643 -0.0062 0.0204243 0.0192824 -0.0062 0.0202351 0.0195239 -0.00535 0.0202343 0.0195251 -0.0062 0.0200755 0.0197878 -0.00535 0.0199493 0.0200682 -0.00535 0.0200752 0.0197884 -0.0062 0.019949 0.020069 -0.0062 0.0198577 0.020362 -0.00535 0.0198573 0.0203634 -0.0062 0.019802 0.0206651 -0.00535 0.0197833 0.020973 -0.00535 0.019802 0.0206651 -0.0062 0.0197833 0.020973 -0.0062 0.0226406 0.0184416 -0.0062 0.0229428 0.0184969 -0.0062 0.0226413 0.0184417 -0.00535 0.0229437 0.0184971 -0.00535 0.0232369 0.0185885 -0.0062 0.0232381 0.0185889 -0.00535 0.0235182 0.018715 -0.0062 0.0237814 0.0188741 -0.0062 0.023519 0.0187154 -0.00535 0.0237822 0.0188747 -0.00535 0.0240237 0.0190638 -0.0062 0.0240245 0.0190644 -0.00535 0.0242417 0.0192817 -0.0062 0.0244318 0.0195242 -0.0062 0.0242424 0.0192825 -0.00535 0.0244323 0.019525 -0.00535 0.0245908 0.0197873 -0.0062 0.0245913 0.0197882 -0.00535 0.0247174 0.0200681 -0.0062 0.0248092 0.0203626 -0.0062 0.0247177 0.0200691 -0.00535 0.0248094 0.0203634 -0.00535 0.0248646 0.020665 -0.0062 0.0248647 0.0206651 -0.00535 0.0245915 0.0221574 -0.0062 0.0247178 0.0218765 -0.0062 0.0247174 0.0218777 -0.00535 0.0248093 0.0215829 -0.0062 0.0248647 0.0212808 -0.00535 0.024809 0.0215839 -0.00535 0.0242415 0.0226644 -0.00535 0.0240248 0.0228811 -0.0062 0.0242424 0.0226634 -0.0062 0.0245912 0.0221581 -0.00535 0.0244316 0.022422 -0.00535 0.024432 0.0224214 -0.0062 0.0235187 0.0232307 -0.0062 0.0235178 0.0232312 -0.00535 0.0232383 0.0233569 -0.0062 0.0237822 0.0230714 -0.0062 0.024024 0.0228819 -0.00535 0.0237817 0.0230717 -0.00535 0.022334 0.0235229 -0.0062 0.0226408 0.0235044 -0.0062 0.0226403 0.0235044 -0.00535 0.0229435 0.0234489 -0.00535 0.0229442 0.0234487 -0.0062 0.0232369 0.0233575 -0.00535 0.021723 0.0234489 -0.00535 0.0214295 0.0233574 -0.0062 0.0217234 0.0234489 -0.0062 0.0223326 0.0235229 -0.00535 0.0220254 0.0235042 -0.00535 0.0220267 0.0235044 -0.0062 0.0208853 0.0230719 -0.0062 0.0208844 0.0230713 -0.00535 0.0206424 0.0228817 -0.0062 0.021149 0.0232312 -0.0062 0.0214286 0.0233571 -0.00535 0.0211477 0.0232305 -0.00535 0.0204251 0.0226644 -0.0062 0.0204242 0.0226634 -0.00535 0.0202352 0.0224221 -0.0062 0.0206422 0.0228815 -0.00535 0.0202344 0.0224209 -0.00535 0.0200756 0.0221583 -0.0062 0.0199492 0.0218776 -0.0062 0.0200753 0.0221578 -0.00535 0.0199489 0.0218769 -0.00535 0.0198577 0.021584 -0.0062 0.0198573 0.0215825 -0.00535 0.019802 0.0212809 -0.0062 0.019802 0.0212808 -0.00535 0.019802 -0.0281349 -0.0062 0.0197833 -0.027827 -0.0062 0.0197833 -0.027827 -0.00535 0.0200752 -0.0290116 -0.0062 0.019949 -0.028731 -0.0062 0.0199492 -0.0287317 -0.00535 0.0198573 -0.0284366 -0.0062 0.019802 -0.0281349 -0.00535 0.0198577 -0.028438 -0.00535 0.0204251 -0.0295185 -0.00535 0.0206423 -0.0297357 -0.0062 0.0204243 -0.0295176 -0.0062 0.0200756 -0.0290123 -0.00535 0.0202352 -0.0292762 -0.00535 0.0202343 -0.0292749 -0.0062 0.0211477 -0.0300846 -0.0062 0.021149 -0.0300853 -0.00535 0.0214289 -0.0302112 -0.0062 0.0208842 -0.0299252 -0.0062 0.0206424 -0.0297358 -0.00535 0.0208853 -0.0299259 -0.00535 0.0223328 -0.030377 -0.0062 0.0220252 -0.0303583 -0.0062 0.0220267 -0.0303585 -0.00535 0.0217234 -0.030303 -0.00535 0.0217226 -0.0303027 -0.0062 0.0214295 -0.0302114 -0.00535 0.0229442 -0.0303028 -0.00535 0.0232369 -0.0302115 -0.0062 0.0229428 -0.0303031 -0.0062 0.022334 -0.030377 -0.00535 0.0226408 -0.0303584 -0.00535 0.0226406 -0.0303584 -0.0062 0.0237814 -0.0299259 -0.0062 0.0237822 -0.0299254 -0.00535 0.0240237 -0.0297362 -0.0062 0.0235182 -0.030085 -0.0062 0.0232383 -0.030211 -0.00535 0.0235187 -0.0300847 -0.00535 0.0245908 -0.0290127 -0.0062 0.0244318 -0.0292758 -0.0062 0.024432 -0.0292755 -0.00535 0.0242424 -0.0295175 -0.00535 0.0242417 -0.0295183 -0.0062 0.0240248 -0.0297352 -0.00535 0.0248093 -0.028437 -0.00535 0.0248646 -0.028135 -0.0062 0.0248092 -0.0284374 -0.0062 0.0245915 -0.0290115 -0.00535 0.0247178 -0.0287305 -0.00535 0.0247174 -0.0287319 -0.0062 0.0248648 -0.0275201 -0.0062 0.0248646 -0.0275191 -0.00535 0.0248093 -0.0272171 -0.0062 0.0248833 -0.0278278 -0.0062 0.0248648 -0.028134 -0.00535 0.0248833 -0.0278263 -0.00535 0.024432 -0.0263786 -0.0062 0.0245915 -0.0266426 -0.0062 0.0245908 -0.0266413 -0.00535 0.0247174 -0.0269222 -0.00535 0.0247178 -0.0269235 -0.0062 0.0248092 -0.0272166 -0.00535 0.0240237 -0.0259178 -0.00535 0.0237822 -0.0257286 -0.0062 0.0240248 -0.0259189 -0.0062 0.0244318 -0.0263783 -0.00535 0.0242417 -0.0261357 -0.00535 0.0242424 -0.0261366 -0.0062 0.0232383 -0.0254431 -0.0062 0.0232369 -0.0254425 -0.00535 0.0229442 -0.0253513 -0.0062 0.0235187 -0.0255693 -0.0062 0.0237814 -0.0257281 -0.00535 0.0235182 -0.025569 -0.00535 0.0220267 -0.0252956 -0.0062 0.022334 -0.0252771 -0.0062 0.0223328 -0.025277 -0.00535 0.0226406 -0.0252956 -0.00535 0.0226408 -0.0252956 -0.0062 0.0229428 -0.025351 -0.00535 0.0220252 -0.0252958 -0.00535 0.0217234 -0.0253511 -0.0062 0.0217226 -0.0253513 -0.00535 0.0214295 -0.0254426 -0.0062 0.021149 -0.0255688 -0.0062 0.0214289 -0.0254428 -0.00535 0.0211477 -0.0255695 -0.00535 0.0208853 -0.0257281 -0.0062 0.0208842 -0.0257289 -0.00535 0.0206424 -0.0259183 -0.0062 0.0204251 -0.0261356 -0.0062 0.0206423 -0.0259184 -0.00535 0.0204243 -0.0261365 -0.00535 0.0202352 -0.0263779 -0.0062 0.0202343 -0.0263792 -0.00535 0.0200756 -0.0266417 -0.0062 0.0199492 -0.0269224 -0.0062 0.0200752 -0.0266425 -0.00535 0.019949 -0.026923 -0.00535 0.0198577 -0.027216 -0.0062 0.0198573 -0.0272175 -0.00535 0.019802 -0.0275191 -0.0062 0.019802 -0.0275191 -0.00535 -0.0235619 -0.0233674 -0.00414651 -0.0235619 -0.0231986 -0.00418643 -0.0235619 -0.0230255 -0.0042 -0.0235619 -0.0239318 -0.0027 -0.0235619 -0.00273185 -0.0013 -0.0235619 -0.0239318 -0.0013 -0.0235619 -0.0235291 -0.00408144 -0.0235619 -0.0236788 -0.0039935 -0.023562 -0.0238145 -0.0038842 -0.0235619 -0.00273185 -0.0042 -0.0235619 -0.0239318 -0.00375593 -0.0235619 -0.00273185 -0.0027 0.0190998 -0.0239318 -0.000561286 0.0189654 -0.0239318 -0.000431833 0.0205654 -0.0239318 -0.0013 0.0200173 -0.0239318 -0.00119255 0.0198466 -0.0239318 -0.00111692 0.0195273 -0.0239318 -0.000921673 0.0193789 -0.0239318 -0.00080859 0.0201949 -0.0239318 -0.00125003 0.0203785 -0.0239318 -0.0012868 0.0196829 -0.0239318 -0.00102531 0.0192369 -0.0239318 -0.000687806 0.0269383 -0.0239318 0.0019 0.0269383 -0.0239318 -0.0013 0.0188333 -0.0239318 -0.0003 0.0188333 -0.0239318 0.0019 0.0220142 -0.0290873 0.0019 0.0188333 -0.0317222 0.0019 0.0239383 -0.0317222 0.0019 0.0269383 -0.0239318 0.0019 0.0272474 -0.0239808 0.0019 0.0270948 -0.0239442 0.0019 0.0224407 -0.0291226 0.0019 0.022226 -0.0291226 0.0019 0.0243312 -0.0317028 0.0019 0.0228555 -0.0290175 0.0019 0.0226525 -0.0290873 0.0019 0.0247195 -0.0316451 0.0019 0.0250998 -0.0315499 0.0019 0.0230444 -0.0289153 0.0019 0.0258244 -0.0312496 0.0019 0.0261611 -0.0310477 0.0019 0.0232138 -0.0287835 0.0019 0.0254699 -0.0314173 0.0019 0.0264766 -0.0308136 0.0019 0.0233592 -0.0286255 0.0019 0.0272646 -0.0299438 0.0019 0.0234767 -0.0284458 0.0019 0.0267668 -0.0305506 0.0019 0.0270309 -0.0302591 0.0019 0.0235629 -0.0282491 0.0019 0.0277662 -0.0288828 0.0019 0.0236156 -0.028041 0.0019 0.0276342 -0.029252 0.0019 0.0278616 -0.028502 0.0019 0.027919 -0.0281151 0.0019 0.0181262 -0.0314293 0.0019 0.0180243 -0.03131 0.0019 0.0185243 -0.0316733 0.0019 0.0183793 -0.0316132 0.0019 0.0186769 -0.0317099 0.0019 0.0182455 -0.0315312 0.0019 0.0178823 -0.0310312 0.0019 0.0179423 -0.0311762 0.0019 0.0178333 -0.0307222 0.0019 0.0178456 -0.0308786 0.0019 0.0188333 -0.0239318 0.0019 0.022226 -0.0265315 0.0019 0.0224407 -0.0265315 0.0019 0.0228555 -0.0266365 0.0019 0.0226525 -0.0265668 0.0019 0.0185243 -0.0239808 0.0019 0.0183793 -0.0240408 0.0019 0.0186769 -0.0239442 0.0019 0.0181262 -0.0242247 0.0019 0.0182455 -0.0241228 0.0019 0.0180243 -0.0243441 0.0019 0.0179423 -0.0244779 0.0019 0.0178823 -0.0246228 0.0019 0.0178456 -0.0247754 0.0019 0.0178333 -0.0249318 0.0019 0.02119 -0.0272083 0.0019 0.0213075 -0.0270286 0.0019 0.0273923 -0.0240408 0.0019 0.0236156 -0.0276131 0.0019 0.0279383 -0.0277222 0.0019 0.0235629 -0.0274049 0.0019 0.0275261 -0.0241228 0.0019 0.0276454 -0.0242247 0.0019 0.0277474 -0.0243441 0.0019 0.0278894 -0.0246228 0.0019 0.0278293 -0.0244779 0.0019 0.0279383 -0.0249318 0.0019 0.027926 -0.0247754 0.0019 0.0236333 -0.027827 0.0019 0.0234767 -0.0272083 0.0019 0.0232138 -0.0268706 0.0019 0.0233592 -0.0270286 0.0019 0.0230444 -0.0267387 0.0019 0.0218111 -0.0266365 0.0019 0.0220142 -0.0265668 0.0019 0.0216223 -0.0267387 0.0019 0.0214529 -0.0268706 0.0019 0.0210333 -0.027827 0.0019 0.0210511 -0.0276131 0.0019 0.0211038 -0.0274049 0.0019 0.0216223 -0.0289153 0.0019 0.0211038 -0.0282491 0.0019 0.0210511 -0.028041 0.0019 0.0213075 -0.0286255 0.0019 0.02119 -0.0284458 0.0019 0.0214529 -0.0287835 0.0019 0.0218111 -0.0290175 0.0019 0.0274662 -0.0296075 0.0019 0.0279383 -0.0277222 -0.0042 0.0279383 0.0208585 -0.0042 0.0279383 0.0180682 -0.0013 0.0279383 -0.0249318 -0.0013 0.0279383 0.0208585 0.0019 0.0279383 0.0180682 0.0019 0.0279383 -0.0249318 0.0019 0.0279383 -0.0277222 0.0019 0.0279383 0.0208585 -0.0062 0.0279383 -0.0277222 -0.0062 0.0188333 0.0248585 0.0019 0.0239383 0.0248585 0.0019 0.0239383 0.0248585 -0.0042 0.0239383 0.0248585 -0.0062 0.0188333 0.0248585 -0.0062 0.0232138 0.0219198 0.0019 0.0264752 0.0239511 0.0019 0.0261599 0.0241848 0.0019 0.0188333 0.0170682 0.0019 0.0185243 0.0171171 0.0019 0.0186769 0.0170805 0.0019 0.0233592 0.0217618 0.0019 0.0267668 0.0236869 0.0019 0.0272639 0.0230813 0.0019 0.0270297 0.0233968 0.0019 0.0234767 0.0215821 0.0019 0.0235629 0.0213854 0.0019 0.0274657 0.0227445 0.0019 0.027766 0.02202 0.0019 0.0276334 0.0223901 0.0019 0.0278612 0.0216397 0.0019 0.0236156 0.0211773 0.0019 0.027919 0.0212514 0.0019 0.0236333 0.0209633 0.0019 0.0279383 0.0208585 0.0019 0.0277474 0.0174804 0.0019 0.0269383 0.0170682 0.0019 0.0276454 0.017361 0.0019 0.0273923 0.0171771 0.0019 0.0272474 0.0171171 0.0019 0.0270948 0.0170805 0.0019 0.0275261 0.0172591 0.0019 0.0278293 0.0176142 0.0019 0.0278894 0.0177591 0.0019 0.027926 0.0179117 0.0019 0.0226525 0.0197031 0.0019 0.0224407 0.0196678 0.0019 0.0279383 0.0180682 0.0019 0.0183793 0.0171771 0.0019 0.0178823 0.0177591 0.0019 0.0178456 0.0179117 0.0019 0.0182455 0.0172591 0.0019 0.0181262 0.017361 0.0019 0.0180243 0.0174804 0.0019 0.0179423 0.0176142 0.0019 0.0178333 0.0180682 0.0019 0.0239383 0.0248585 0.0019 0.0220142 0.0222236 0.0019 0.022226 0.0222589 0.0019 0.0228555 0.0221538 0.0019 0.0226525 0.0222236 0.0019 0.0188333 0.0248585 0.0019 0.0185243 0.0248096 0.0019 0.0183793 0.0247495 0.0019 0.0186769 0.0248462 0.0019 0.0181262 0.0245656 0.0019 0.0182455 0.0246675 0.0019 0.0180243 0.0244463 0.0019 0.0179423 0.0243125 0.0019 0.0178823 0.0241675 0.0019 0.0178456 0.024015 0.0019 0.0178333 0.0238585 0.0019 0.0213075 0.0217618 0.0019 0.02119 0.0215821 0.0019 0.0258236 0.0243864 0.0019 0.0232138 0.0200069 0.0019 0.0254682 0.0245544 0.0019 0.0230444 0.0220517 0.0019 0.025099 0.0246864 0.0019 0.0247181 0.0247818 0.0019 0.0243312 0.0248391 0.0019 0.0224407 0.0222589 0.0019 0.0218111 0.0221538 0.0019 0.0216223 0.0220517 0.0019 0.0214529 0.0219198 0.0019 0.0210333 0.0209633 0.0019 0.0210511 0.0211773 0.0019 0.0211038 0.0213854 0.0019 0.0210511 0.0207494 0.0019 0.02119 0.0203446 0.0019 0.0211038 0.0205412 0.0019 0.022226 0.0196678 0.0019 0.0220142 0.0197031 0.0019 0.0214529 0.0200069 0.0019 0.0213075 0.0201649 0.0019 0.0216223 0.019875 0.0019 0.0218111 0.0197728 0.0019 0.0228555 0.0197728 0.0019 0.0230444 0.019875 0.0019 0.0233592 0.0201649 0.0019 0.0234767 0.0203446 0.0019 0.0236156 0.0207494 0.0019 0.0235629 0.0205412 0.0019 0.0267668 0.0236869 -0.0062 0.0270297 0.0233968 0.0019 0.0270297 0.0233968 -0.0062 0.0272639 0.0230813 -0.0062 0.0272639 0.0230813 0.0019 0.0274657 0.0227445 0.0019 0.0274657 0.0227445 -0.0062 0.0276334 0.0223901 0.0019 0.0276334 0.0223901 -0.0062 0.027766 0.02202 -0.0062 0.027766 0.02202 0.0019 0.0278612 0.0216397 0.0019 0.0278612 0.0216397 -0.0062 0.027919 0.0212514 0.0019 0.027919 0.0212514 -0.0062 0.0279383 0.0208585 -0.0042 0.0279383 0.0208585 -0.0062 0.0279383 0.0208585 0.0019 0.0267668 0.0236869 0.0019 0.0264752 0.0239511 -0.0062 0.0264752 0.0239511 0.0019 0.0261599 0.0241848 -0.0062 0.0258236 0.0243864 -0.0062 0.0261599 0.0241848 0.0019 0.0254682 0.0245544 -0.0062 0.0258236 0.0243864 0.0019 0.0254682 0.0245544 0.0019 0.025099 0.0246864 -0.0062 0.0247181 0.0247818 -0.0062 0.025099 0.0246864 0.0019 0.0243312 0.0248391 -0.0062 0.0247181 0.0247818 0.0019 0.0239383 0.0248585 -0.0062 0.0239383 0.0248585 -0.0042 0.0243312 0.0248391 0.0019 0.0239383 0.0248585 0.0019 0.0188333 -0.0317222 0.0019 0.0239383 -0.0317222 -0.0042 0.0239383 -0.0317222 0.0019 0.0188333 -0.0317222 -0.0062 0.0239383 -0.0317222 -0.0062 0.0247195 -0.0316451 -0.0062 0.0247195 -0.0316451 0.0019 0.0243312 -0.0317028 0.0019 0.0239383 -0.0317222 -0.0042 0.0239383 -0.0317222 -0.0062 0.0243312 -0.0317028 -0.0062 0.0254699 -0.0314173 0.0019 0.0258244 -0.0312496 -0.0062 0.0258244 -0.0312496 0.0019 0.0250998 -0.0315499 0.0019 0.0250998 -0.0315499 -0.0062 0.0254699 -0.0314173 -0.0062 0.0267668 -0.0305506 -0.0062 0.0267668 -0.0305506 0.0019 0.0264766 -0.0308136 0.0019 0.0264766 -0.0308136 -0.0062 0.0261611 -0.0310477 0.0019 0.0261611 -0.0310477 -0.0062 0.0274662 -0.0296075 0.0019 0.0272646 -0.0299438 0.0019 0.0274662 -0.0296075 -0.0062 0.0270309 -0.0302591 0.0019 0.0270309 -0.0302591 -0.0062 0.0272646 -0.0299438 -0.0062 0.0277662 -0.0288828 0.0019 0.0276342 -0.029252 0.0019 0.0277662 -0.0288828 -0.0062 0.0276342 -0.029252 -0.0062 0.027919 -0.0281151 -0.0062 0.0278616 -0.028502 0.0019 0.0278616 -0.028502 -0.0062 0.0279383 -0.0277222 -0.0042 0.027919 -0.0281151 0.0019 0.0279383 -0.0277222 -0.0062 0.0279383 -0.0277222 0.0019 0.0239383 -0.0317222 0.0019 -0.0229569 0.0170682 -0.0003 -0.031562 0.0170682 0.0019 -0.0230889 0.0170682 -0.000431833 -0.0229569 0.0170682 0.0019 -0.0232233 0.0170682 -0.000561286 -0.031562 0.0170682 -0.0013 -0.0238064 0.0170682 -0.00102531 -0.0236508 0.0170682 -0.000921673 -0.0246889 0.0170682 -0.0013 -0.0235024 0.0170682 -0.00080859 -0.0233604 0.0170682 -0.000687806 -0.0245021 0.0170682 -0.0012868 -0.0243184 0.0170682 -0.00125003 -0.0239701 0.0170682 -0.00111692 -0.0241408 0.0170682 -0.00119255 -0.0229569 0.0248585 0.0019 -0.028562 0.0248585 -0.0042 -0.028562 0.0248585 0.0019 -0.0229569 0.0248585 -0.0062 -0.028562 0.0248585 -0.0062 -0.0226478 0.0171171 0.0019 -0.0229569 0.0170682 0.0019 -0.0228004 0.0170805 0.0019 -0.0273159 0.0219392 0.0019 -0.0271386 0.0220703 0.0019 -0.0293431 0.0247814 0.0019 -0.0225029 0.0171771 0.0019 -0.0223691 0.0172591 0.0019 -0.0221478 0.0174804 0.0019 -0.0222497 0.017361 0.0019 -0.0220658 0.0176142 0.0019 -0.0220058 0.0177591 0.0019 -0.0219692 0.0179117 0.0019 -0.0219568 0.0180682 0.0019 -0.032562 0.0208585 0.0019 -0.0276828 0.0205303 0.0019 -0.0277383 0.0207436 0.0019 -0.0318711 0.0171171 0.0019 -0.031562 0.0170682 0.0019 -0.032016 0.0171771 0.0019 -0.0317185 0.0170805 0.0019 -0.0321498 0.0172591 0.0019 -0.0322691 0.017361 0.0019 -0.0323711 0.0174804 0.0019 -0.032453 0.0176142 0.0019 -0.0325131 0.0177591 0.0019 -0.0325497 0.0179117 0.0019 -0.027757 0.0209633 0.0019 -0.032562 0.0180682 0.0019 -0.027592 0.0203293 0.0019 -0.0310998 0.0239504 0.0019 -0.0274685 0.02178 0.0019 -0.0276828 0.0213964 0.0019 -0.0320901 0.0227432 0.0019 -0.0322578 0.0223885 0.0019 -0.0289553 0.0248391 0.0019 -0.028562 0.0248585 0.0019 -0.0300938 0.0245535 0.0019 -0.0304482 0.0243859 0.0019 -0.0229569 0.0248585 0.0019 -0.0262919 0.0222528 0.0019 -0.0265122 0.0222622 0.0019 -0.0269417 0.0221696 0.0019 -0.0267309 0.0222342 0.0019 -0.0297241 0.024686 0.0019 -0.0313913 0.023686 0.0019 -0.0316543 0.0233958 0.0019 -0.0307854 0.0241836 0.0019 -0.0323901 0.0220184 0.0019 -0.0277383 0.021183 0.0019 -0.027592 0.0215973 0.0019 -0.0318885 0.0230798 0.0019 -0.0324853 0.0216385 0.0019 -0.0325426 0.0212518 0.0019 -0.0221478 0.0244463 0.0019 -0.0220658 0.0243125 0.0019 -0.0228004 0.0248462 0.0019 -0.0226478 0.0248096 0.0019 -0.0225029 0.0247495 0.0019 -0.0223691 0.0246675 0.0019 -0.0222497 0.0245656 0.0019 -0.0220058 0.0241675 0.0019 -0.0219692 0.024015 0.0019 -0.0219568 0.0238585 0.0019 -0.0265122 0.0196645 0.0019 -0.0269417 0.0197571 0.0019 -0.0267309 0.0196925 0.0019 -0.0252724 0.0204279 0.0019 -0.02538 0.0202354 0.0019 -0.0274685 0.0201467 0.0019 -0.0273159 0.0199875 0.0019 -0.0271386 0.0198564 0.0019 -0.0260764 0.0197203 0.0019 -0.0262919 0.0196739 0.0019 -0.025684 0.0199181 0.0019 -0.0258718 0.0198025 0.0019 -0.0255185 0.0200638 0.0019 -0.0251617 0.0208531 0.0019 -0.025199 0.0206358 0.0019 -0.025684 0.0220085 0.0019 -0.0258718 0.0221241 0.0019 -0.025199 0.0212909 0.0019 -0.0251617 0.0210736 0.0019 -0.02538 0.0216913 0.0019 -0.0252724 0.0214988 0.0019 -0.0255185 0.0218629 0.0019 -0.0260764 0.0222064 0.0019 -0.0293432 0.0247814 -0.0062 -0.0293431 0.0247814 0.0019 -0.0289553 0.0248391 0.0019 -0.028562 0.0248585 -0.0042 -0.028562 0.0248585 -0.0062 -0.0289549 0.0248391 -0.0062 -0.0300938 0.0245535 0.0019 -0.0304481 0.0243859 -0.0062 -0.0304482 0.0243859 0.0019 -0.0297241 0.024686 0.0019 -0.0297235 0.0246862 -0.0062 -0.0300936 0.0245536 -0.0062 -0.0313905 0.0236869 -0.0062 -0.0313913 0.023686 0.0019 -0.0310998 0.0239504 0.0019 -0.0311003 0.0239499 -0.0062 -0.0307854 0.0241836 0.0019 -0.0307848 0.0241841 -0.0062 -0.0320901 0.0227432 0.0019 -0.0318885 0.0230798 0.0019 -0.0320899 0.0227438 -0.0062 -0.0316543 0.0233958 0.0019 -0.0316546 0.0233954 -0.0062 -0.0318883 0.0230801 -0.0062 -0.0323901 0.0220184 0.0019 -0.0322578 0.0223885 0.0019 -0.0323899 0.0220191 -0.0062 -0.0322579 0.0223883 -0.0062 -0.0325427 0.0212514 -0.0062 -0.0324853 0.0216385 0.0019 -0.0324853 0.0216383 -0.0062 -0.032562 0.0208585 -0.0042 -0.0325426 0.0212518 0.0019 -0.032562 0.0208585 -0.0062 -0.032562 0.0208585 0.0019 -0.028562 0.0248585 0.0019 -0.032562 -0.0277218 -0.0042 -0.032562 -0.0277218 0.0019 -0.032562 -0.0249318 -0.0013 -0.032562 0.0208585 -0.0062 -0.032562 -0.0277218 -0.0062 -0.032562 0.0180682 -0.0013 -0.032562 0.0180682 0.0019 -0.032562 0.0208585 0.0019 -0.032562 0.0208585 -0.0042 -0.032562 -0.0249318 0.0019 -0.0313905 -0.0305503 -0.0062 -0.0316534 -0.0302601 0.0019 -0.0316534 -0.0302601 -0.0062 -0.0318876 -0.0299446 -0.0062 -0.0318876 -0.0299446 0.0019 -0.0320894 -0.0296079 0.0019 -0.0320894 -0.0296079 -0.0062 -0.0322571 -0.0292535 0.0019 -0.0322571 -0.0292535 -0.0062 -0.0323897 -0.0288833 -0.0062 -0.0323897 -0.0288833 0.0019 -0.0324849 -0.028503 0.0019 -0.0324849 -0.028503 -0.0062 -0.0325427 -0.0281147 0.0019 -0.0325427 -0.0281147 -0.0062 -0.032562 -0.0277218 -0.0042 -0.032562 -0.0277218 -0.0062 -0.032562 -0.0277218 0.0019 -0.0313905 -0.0305503 0.0019 -0.0310989 -0.0308144 -0.0062 -0.0310989 -0.0308144 0.0019 -0.0307836 -0.0310481 -0.0062 -0.0304473 -0.0312497 -0.0062 -0.0307836 -0.0310481 0.0019 -0.0300919 -0.0314177 -0.0062 -0.0304473 -0.0312497 0.0019 -0.0300919 -0.0314177 0.0019 -0.0297227 -0.0315497 -0.0062 -0.0293418 -0.0316451 -0.0062 -0.0297227 -0.0315497 0.0019 -0.0289549 -0.0317025 -0.0062 -0.0293418 -0.0316451 0.0019 -0.028562 -0.0317222 -0.0062 -0.028562 -0.0317222 -0.0042 -0.0289549 -0.0317025 0.0019 -0.028562 -0.0317218 0.0019 -0.0219568 0.0220682 -0.0003 -0.0219568 0.0180682 0.0019 -0.0219568 0.0180682 -0.0003 -0.0219568 0.0238585 0.0019 -0.0219568 0.0238585 -0.0062 -0.0219568 0.0220682 -0.0062 -0.0219568 -0.0307222 -0.0062 -0.0219568 -0.0289318 -0.0062 -0.0219568 -0.0289318 -0.0032 -0.0219568 -0.0307222 0.0019 -0.0219568 -0.0249318 -0.0032 -0.0219568 -0.0249318 0.0019 0.0178333 0.0220682 -0.0003 0.0178333 0.0238585 -0.0062 0.0178333 0.0220682 -0.0062 0.0178333 0.0180682 -0.0003 0.0178333 0.0180682 0.0019 0.0178333 0.0238585 0.0019 0.0178333 -0.0307222 0.0019 0.0178333 -0.0289318 -0.0003 0.0178333 -0.0307222 -0.0062 0.0178333 -0.0249318 0.0019 0.0178333 -0.0289318 -0.0062 0.0178333 -0.0249318 -0.0003 0.00643815 -0.00273185 -0.0027 0.00643815 -0.0239318 -0.0013 0.00643815 -0.00273185 -0.0013 0.00643815 -0.00273185 -0.0042 0.00643815 -0.0239318 -0.0042 0.00643815 -0.00273185 -0.0042 -0.0235619 -0.00273185 -0.0027 -0.0235619 -0.00273185 -0.0042 0.00643815 -0.00273185 -0.0027 0.00643815 -0.00273185 -0.0013 -0.0235619 -0.00273185 -0.0013 0.0264752 0.0239511 -0.0062 0.024432 0.0224214 -0.0062 0.0261599 0.0241848 -0.0062 0.0132703 0.0170873 -0.0062 0.0128333 -0.0239318 -0.0062 0.0128333 0.0170682 -0.0062 0.0185243 0.0248096 -0.0062 0.0186769 0.0248462 -0.0062 0.0188333 0.0248585 -0.0062 0.0171639 -0.0264327 -0.0062 0.0202352 -0.0263779 -0.0062 0.0200756 -0.0266417 -0.0062 -0.0283749 0.0226644 -0.0062 -0.0285648 0.0224221 -0.0062 -0.0300936 0.0245536 -0.0062 0.0182455 0.0246675 -0.0062 0.0183793 0.0247495 -0.0062 -0.0221478 0.0244463 -0.0062 -0.0220658 0.0243125 -0.0062 -0.0229569 0.0248585 -0.0062 0.0180243 0.0244463 -0.0062 0.0181262 0.0245656 -0.0062 -0.0243682 0.0195242 -0.0062 -0.0210529 0.0192008 -0.0062 -0.0245583 0.0192817 -0.0062 -0.0219568 -0.0289318 -0.0062 -0.0243682 -0.0292758 -0.0062 -0.0242092 -0.0290127 -0.0062 0.0179423 0.0243125 -0.0062 0.0178823 0.0241675 -0.0062 -0.0297235 0.0246862 -0.0062 -0.0307848 0.0241841 -0.0062 -0.0304481 0.0243859 -0.0062 0.0178333 0.0238585 -0.0062 0.0178456 0.024015 -0.0062 -0.0287244 0.0221583 -0.0062 -0.0311003 0.0239499 -0.0062 -0.0288508 0.0218776 -0.0062 -0.0313905 0.0236869 -0.0062 0.0217234 0.0234489 -0.0062 0.0214295 0.0233574 -0.0062 0.0243312 0.0248391 -0.0062 0.0247181 0.0247818 -0.0062 0.0237822 0.0230714 -0.0062 -0.0318883 0.0230801 -0.0062 -0.0316546 0.0233954 -0.0062 0.0245915 0.0221574 -0.0062 0.0270297 0.0233968 -0.0062 0.0272639 0.0230813 -0.0062 0.0247178 0.0218765 -0.0062 0.0267668 0.0236869 -0.0062 0.027766 0.02202 -0.0062 0.0248093 0.0215829 -0.0062 0.0276334 0.0223901 -0.0062 0.0274657 0.0227445 -0.0062 0.027919 0.0212514 -0.0062 0.0248648 0.0212799 -0.0062 0.0278612 0.0216397 -0.0062 0.0279383 0.0208585 -0.0062 0.0248833 0.0209722 -0.0062 0.0248092 0.0203626 -0.0062 0.0247174 0.0200681 -0.0062 0.0248646 0.020665 -0.0062 0.0244318 0.0195242 -0.0062 0.0242417 0.0192817 -0.0062 0.0245908 0.0197873 -0.0062 0.0235182 0.018715 -0.0062 0.0237814 0.0188741 -0.0062 0.0240237 0.0190638 -0.0062 0.0176627 0.0207731 -0.0062 0.019802 0.0206651 -0.0062 0.0198573 0.0203634 -0.0062 0.019802 -0.0281349 -0.0062 0.0177574 -0.028064 -0.0062 0.0197833 -0.027827 -0.0062 0.0217226 -0.0303027 -0.0062 0.0220252 -0.0303583 -0.0062 0.0188333 -0.0317222 -0.0062 0.0214289 -0.0302112 -0.0062 0.0223328 -0.030377 -0.0062 0.0226406 -0.0303584 -0.0062 0.0239383 -0.0317222 -0.0062 0.0232369 -0.0302115 -0.0062 0.0235182 -0.030085 -0.0062 0.0229428 -0.0303031 -0.0062 0.0243312 -0.0317028 -0.0062 0.0237814 -0.0299259 -0.0062 0.0247195 -0.0316451 -0.0062 0.0240237 -0.0297362 -0.0062 0.0250998 -0.0315499 -0.0062 -0.0289427 -0.0284366 -0.0062 -0.0318876 -0.0299446 -0.0062 -0.0320894 -0.0296079 -0.0062 0.0242417 -0.0295183 -0.0062 0.0258244 -0.0312496 -0.0062 0.0254699 -0.0314173 -0.0062 0.0261611 -0.0310477 -0.0062 0.0244318 -0.0292758 -0.0062 0.0264766 -0.0308136 -0.0062 0.0270309 -0.0302591 -0.0062 0.0267668 -0.0305506 -0.0062 0.0245908 -0.0290127 -0.0062 0.0180243 -0.03131 -0.0062 0.0179423 -0.0311762 -0.0062 0.0185243 -0.0316733 -0.0062 0.0183793 -0.0316132 -0.0062 0.0186769 -0.0317099 -0.0062 0.0182455 -0.0315312 -0.0062 0.0181262 -0.0314293 -0.0062 0.0178823 -0.0310312 -0.0062 0.0178333 -0.0307222 -0.0062 0.0178456 -0.0308786 -0.0062 0.0198573 -0.0284366 -0.0062 0.0178333 -0.0289318 -0.0062 0.0178141 -0.0284949 -0.0062 0.0198577 -0.027216 -0.0062 0.017532 -0.0272224 -0.0062 0.0199492 -0.0269224 -0.0062 0.019949 -0.028731 -0.0062 0.0163689 -0.0253963 -0.0062 0.0208853 -0.0257281 -0.0062 0.0206424 -0.0259183 -0.0062 0.0157015 -0.0248363 -0.0062 0.021149 -0.0255688 -0.0062 0.0160482 -0.0251025 -0.0062 0.0153343 -0.0246024 -0.0062 0.0214295 -0.0254426 -0.0062 0.0248833 -0.0278278 -0.0062 0.0279383 -0.0277222 -0.0062 0.027919 -0.0281151 -0.0062 0.0248648 -0.0275201 -0.0062 0.0248093 -0.0272171 -0.0062 0.0247178 -0.0269235 -0.0062 0.0137022 -0.024008 -0.0062 0.0137012 0.0171441 -0.0062 0.0141263 0.0172383 -0.0062 0.0242424 -0.0261366 -0.0062 0.024432 -0.0263786 -0.0062 0.0132703 -0.023951 -0.0062 0.0141283 -0.0241025 -0.0062 -0.0222497 0.0245656 -0.0062 -0.0190706 0.0175369 -0.0062 -0.0261594 0.0184416 -0.0062 -0.0258572 0.0184969 -0.0062 -0.0247763 0.0190638 -0.0062 -0.0207878 0.0188551 -0.0062 -0.0214881 -0.0268181 -0.0062 -0.0216549 -0.0272209 -0.0062 -0.0240822 -0.0269235 -0.0062 -0.0255617 0.0233569 -0.0062 -0.0258558 0.0234487 -0.0062 -0.0250178 -0.0257286 -0.0062 -0.0204924 -0.0253963 -0.0062 -0.0247752 -0.0259189 -0.0062 -0.0217862 -0.0276368 -0.0062 -0.0218807 -0.028063 -0.0062 -0.0239167 -0.0278278 -0.0062 -0.0323897 -0.0288833 -0.0062 -0.0324849 -0.028503 -0.0062 -0.028998 -0.0281349 -0.0062 -0.0322571 -0.0292535 -0.0062 -0.028851 -0.028731 -0.0062 -0.0316534 -0.0302601 -0.0062 -0.0310989 -0.0308144 -0.0062 -0.0287248 -0.0290116 -0.0062 -0.0307836 -0.0310481 -0.0062 -0.0313905 -0.0305503 -0.0062 -0.0285657 -0.0292749 -0.0062 -0.028562 -0.0317222 -0.0062 -0.0270774 -0.0303027 -0.0062 -0.0267748 -0.0303583 -0.0062 -0.0229569 -0.0317222 -0.0062 -0.0245583 -0.0295183 -0.0062 -0.0219568 -0.0307222 -0.0062 -0.0220058 -0.0310312 -0.0062 -0.0219692 -0.0308786 -0.0062 -0.0223691 -0.0315312 -0.0062 -0.0222497 -0.0314293 -0.0062 -0.0226478 -0.0316733 -0.0062 -0.0228004 -0.0317099 -0.0062 -0.0225029 -0.0316132 -0.0062 -0.0220658 -0.0311762 -0.0062 -0.0221478 -0.03131 -0.0062 -0.0258572 -0.0303031 -0.0062 -0.0261594 -0.0303584 -0.0062 -0.0300919 -0.0314177 -0.0062 -0.0283757 -0.0295176 -0.0062 -0.0247763 -0.0297362 -0.0062 -0.0250186 -0.0299259 -0.0062 -0.0290167 -0.027827 -0.0062 -0.0325427 -0.0281147 -0.0062 -0.0239354 -0.028135 -0.0062 -0.0219377 -0.0284949 -0.0062 -0.0239908 -0.0284374 -0.0062 -0.032562 -0.0277218 -0.0062 -0.0212863 -0.0264309 -0.0062 -0.0242085 -0.0266426 -0.0062 -0.0239907 -0.0272171 -0.0062 -0.0239352 -0.0275201 -0.0062 -0.0207862 -0.025717 -0.0062 -0.0210524 -0.0260637 -0.0062 -0.0245576 -0.0261366 -0.0062 -0.024368 -0.0263786 -0.0062 -0.0201717 0.0182388 -0.0062 -0.0252818 0.018715 -0.0062 -0.0250186 0.0188741 -0.0062 -0.027651 0.0232312 -0.0062 -0.028562 0.0248585 -0.0062 -0.0273705 0.0233574 -0.0062 -0.0267733 0.0235044 -0.0062 -0.0270766 0.0234489 -0.0062 -0.0279147 0.0230719 -0.0062 -0.0281576 0.0228817 -0.0062 -0.0289549 0.0248391 -0.0062 -0.0293432 0.0247814 -0.0062 -0.0289423 0.021584 -0.0062 -0.0320899 0.0227438 -0.0062 -0.0323899 0.0220191 -0.0062 -0.028998 0.0212809 -0.0062 -0.0322579 0.0223883 -0.0062 -0.0228004 0.0248462 -0.0062 -0.0226478 0.0248096 -0.0062 -0.0325427 0.0212514 -0.0062 -0.0324853 0.0216383 -0.0062 -0.0225029 0.0247495 -0.0062 -0.0223691 0.0246675 -0.0062 -0.0220058 0.0241675 -0.0062 -0.0219692 0.024015 -0.0062 -0.0239352 0.0212799 -0.0062 -0.0239907 0.0215829 -0.0062 -0.0219377 0.0216312 -0.0062 -0.0219568 0.0238585 -0.0062 -0.019825 0.0179726 -0.0062 -0.0216555 0.0203587 -0.0062 -0.0239908 0.0203626 -0.0062 -0.0217867 0.0207752 -0.0062 -0.0255631 0.0185885 -0.0062 -0.0194578 0.0177387 -0.0062 -0.0214887 0.019956 -0.0062 -0.0240826 0.0200681 -0.0062 -0.0204924 0.0185326 -0.0062 -0.0290167 0.020973 -0.0062 -0.032562 0.0208585 -0.0062 -0.0212874 0.019569 -0.0062 -0.0242092 0.0197873 -0.0062 -0.0198242 -0.0248358 -0.0062 -0.0252813 -0.0255693 -0.0062 -0.0255617 -0.0254431 -0.0062 -0.0289427 0.0203634 -0.0062 -0.028851 0.020069 -0.0062 -0.0201699 -0.0251009 -0.0062 -0.0258558 -0.0253513 -0.0062 -0.019456 -0.0246013 -0.0062 -0.026466 -0.0252771 -0.0062 -0.0186663 -0.0242332 -0.0062 -0.0261592 -0.0252956 -0.0062 -0.019069 -0.0244 -0.0062 -0.0178247 -0.0240078 -0.0062 -0.0182498 -0.024102 -0.0062 -0.0178257 0.0171443 -0.0062 -0.0182519 0.0172388 -0.0062 -0.0173938 0.0170873 -0.0062 -0.0173938 -0.023951 -0.0062 -0.0169569 0.0170682 -0.0062 -0.0169569 -0.0239318 -0.0062 0.0235187 -0.0255693 -0.0062 0.0214289 0.0185888 -0.0062 0.0157007 0.0179721 -0.0062 0.0211477 0.0187154 -0.0062 0.0223328 0.018423 -0.0062 0.0145428 0.0173695 -0.0062 0.0220252 0.0184417 -0.0062 0.0229428 0.0184969 -0.0062 0.0226408 -0.0252956 -0.0062 0.0226406 0.0184416 -0.0062 0.0245915 -0.0266426 -0.0062 0.0204243 0.0192824 -0.0062 0.0166627 0.0188533 -0.0062 0.0169289 0.0192 -0.0062 0.0163689 0.0185326 -0.0062 0.0206423 0.0190643 -0.0062 0.0200752 0.0197884 -0.0062 0.0173646 0.0199545 -0.0062 0.019949 0.020069 -0.0062 0.0171628 0.0195672 -0.0062 0.0202343 0.0195251 -0.0062 0.0175314 0.0203572 -0.0062 0.0197833 0.020973 -0.0062 0.0242424 0.0226634 -0.0062 0.0258236 0.0243864 -0.0062 0.019802 0.0212809 -0.0062 0.0177572 0.0211993 -0.0062 0.0178141 0.0216312 -0.0062 0.021149 0.0232312 -0.0062 0.0200756 0.0221583 -0.0062 0.0199492 0.0218776 -0.0062 0.0178333 0.0220682 -0.0062 0.0247174 -0.0287319 -0.0062 0.0176632 -0.0276389 -0.0062 0.0274662 -0.0296075 -0.0062 0.0272646 -0.0299438 -0.0062 0.0200752 -0.0290116 -0.0062 0.0202343 -0.0292749 -0.0062 0.0204243 -0.0295176 -0.0062 0.0206423 -0.0297357 -0.0062 0.0211477 -0.0300846 -0.0062 0.0208842 -0.0299252 -0.0062 0.0248092 -0.0284374 -0.0062 0.0276342 -0.029252 -0.0062 0.0248646 -0.028135 -0.0062 0.0277662 -0.0288828 -0.0062 0.0278616 -0.028502 -0.0062 0.0204251 -0.0261356 -0.0062 0.0166642 -0.0257188 -0.0062 0.0217234 -0.0253511 -0.0062 0.014947 -0.0244006 -0.0062 0.0220267 -0.0252956 -0.0062 0.0145443 -0.0242338 -0.0062 0.022334 -0.0252771 -0.0062 0.0237822 -0.0257286 -0.0062 0.0240248 -0.0259189 -0.0062 0.0160464 0.0182372 -0.0062 0.0208842 0.0188748 -0.0062 0.0149455 0.0175363 -0.0062 0.0153325 0.0177376 -0.0062 0.0169294 -0.0260645 -0.0062 0.0173652 -0.0268197 -0.0062 0.019802 -0.0275191 -0.0062 0.0240248 0.0228811 -0.0062 0.0254682 0.0245544 -0.0062 0.0217226 0.0184973 -0.0062 0.0229442 -0.0253513 -0.0062 0.0232369 0.0185885 -0.0062 0.0232383 -0.0254431 -0.0062 0.025099 0.0246864 -0.0062 0.0226408 0.0235044 -0.0062 0.0239383 0.0248585 -0.0062 0.0229442 0.0234487 -0.0062 0.0235187 0.0232307 -0.0062 0.0232383 0.0233569 -0.0062 0.022334 0.0235229 -0.0062 0.0220267 0.0235044 -0.0062 0.0208853 0.0230719 -0.0062 0.0206424 0.0228817 -0.0062 0.0204251 0.0226644 -0.0062 0.0202352 0.0224221 -0.0062 0.0198577 0.021584 -0.0062 -0.0304473 -0.0312497 -0.0062 -0.0240826 -0.0287319 -0.0062 -0.0281577 -0.0297357 -0.0062 -0.0297227 -0.0315497 -0.0062 -0.0293418 -0.0316451 -0.0062 -0.0289549 -0.0317025 -0.0062 -0.0279158 -0.0299252 -0.0062 -0.0273711 -0.0302112 -0.0062 -0.0276523 -0.0300846 -0.0062 -0.0264672 -0.030377 -0.0062 -0.0255631 -0.0302115 -0.0062 -0.0252818 -0.030085 -0.0062 -0.0276523 0.0187154 -0.0062 -0.0279158 0.0188748 -0.0062 -0.0264672 0.018423 -0.0062 -0.0273711 0.0185888 -0.0062 -0.027651 -0.0255688 -0.0062 -0.0270774 0.0184973 -0.0062 -0.0273705 -0.0254426 -0.0062 -0.0283757 0.0192824 -0.0062 -0.0281577 0.0190643 -0.0062 -0.0285657 0.0195251 -0.0062 -0.0287248 0.0197884 -0.0062 -0.028998 0.0206651 -0.0062 -0.0281576 -0.0259183 -0.0062 -0.0279147 -0.0257281 -0.0062 -0.0285648 -0.0263779 -0.0062 -0.0283749 -0.0261356 -0.0062 -0.0288508 -0.0269224 -0.0062 -0.0287244 -0.0266417 -0.0062 -0.028998 -0.0275191 -0.0062 -0.0289423 -0.027216 -0.0062 -0.0218809 0.0212003 -0.0062 -0.0186678 0.0173701 -0.0062 -0.0270766 -0.0253511 -0.0062 -0.0267748 0.0184417 -0.0062 -0.0267733 -0.0252956 -0.0062 -0.0239167 0.0209722 -0.0062 -0.0239354 0.020665 -0.0062 -0.0240822 0.0218765 -0.0062 -0.0219568 0.0220682 -0.0062 -0.0242085 0.0221574 -0.0062 -0.024368 0.0224214 -0.0062 -0.0245576 0.0226634 -0.0062 -0.0247752 0.0228811 -0.0062 -0.0252813 0.0232307 -0.0062 -0.0250178 0.0230714 -0.0062 -0.0261592 0.0235044 -0.0062 -0.026466 0.0235229 -0.0062 0.00643815 -0.00273185 -0.0042 -0.0169569 -0.0239318 -0.0042 0.00643815 -0.0239318 -0.0042 -0.0200798 -0.0250272 -0.0042 -0.0209568 -0.0249318 -0.0042 -0.0203969 -0.0253034 -0.0042 -0.0235619 -0.00273185 -0.0042 -0.0186118 -0.0242138 -0.0042 -0.0182088 -0.0240912 -0.0042 -0.0215708 -0.02349 -0.0042 -0.0217763 -0.0233175 -0.0042 -0.0177963 -0.0240029 -0.0042 -0.0220028 -0.0231741 -0.0042 -0.0211169 -0.0241479 -0.0042 -0.0193802 -0.0245585 -0.0042 -0.0212382 -0.0239091 -0.0042 -0.0213902 -0.0236886 -0.0042 -0.0190032 -0.0243698 -0.0042 -0.0197395 -0.0247777 -0.0042 -0.0210286 -0.0244011 -0.0042 -0.0209749 -0.024664 -0.0042 -0.0206893 -0.0256049 -0.0042 -0.0209568 -0.0259318 -0.0042 -0.0173789 -0.0239498 -0.0042 -0.0222461 -0.0230624 -0.0042 -0.0225025 -0.0229841 -0.0042 -0.0230355 -0.0229334 -0.0042 -0.0227674 -0.0229409 -0.0042 -0.0233011 -0.0229617 -0.0042 -0.0235619 -0.0230255 -0.0042 -0.0325497 -0.0247754 -0.0013 -0.0316933 0.01378 -0.0013 -0.0325497 0.0179117 -0.0013 -0.032016 0.0171771 -0.0013 -0.0312648 0.0154142 -0.0013 -0.0318711 0.0171171 -0.0013 -0.0323711 -0.0243441 -0.0013 -0.0316384 -0.0215019 -0.0013 -0.0316933 -0.02122 -0.0013 0.0168524 -0.0246568 -0.0013 0.0169087 -0.0243883 -0.0013 0.0156148 -0.024777 -0.0013 -0.0308642 -0.0191724 -0.0013 -0.0306281 -0.0190077 -0.0013 -0.0235619 -0.00273185 -0.0013 -0.0317119 -0.0209318 -0.0013 -0.032453 -0.0244779 -0.0013 -0.0315476 0.0132242 -0.0013 -0.0316384 0.0134981 -0.0013 -0.031638 -0.0203605 -0.0013 -0.0325131 -0.0246228 -0.0013 -0.0325131 0.0177591 -0.0013 -0.0317119 0.0140682 -0.0013 -0.0323711 0.0174804 -0.0013 -0.032453 0.0176142 -0.0013 -0.0316933 0.0143563 -0.0013 -0.032562 -0.0249318 -0.0013 -0.032562 0.0180682 -0.0013 -0.0322691 -0.0242247 -0.0013 -0.0321498 -0.0241228 -0.0013 -0.0315476 -0.0217758 -0.0013 -0.0317185 0.0170805 -0.0013 -0.0310776 0.0156339 -0.0013 -0.028175 -0.0227775 -0.0013 -0.0235619 -0.0239318 -0.0013 -0.0279497 -0.0225979 -0.0013 -0.0220533 0.0162839 -0.0013 -0.0177956 0.017139 -0.0013 -0.0218167 0.016425 -0.0013 -0.031562 0.0170682 -0.0013 -0.0308642 0.0158276 -0.0013 -0.0303723 0.0161257 -0.0013 -0.0301014 0.0162253 -0.0013 -0.0233938 0.0161165 -0.0013 -0.0272165 0.0142119 -0.0013 -0.0272165 0.0139238 -0.0013 -0.027749 0.0126092 -0.0013 -0.0223073 0.0161766 -0.0013 -0.0275763 0.0128405 -0.0013 -0.023658 0.0161951 -0.0013 -0.0231214 0.016075 -0.0013 -0.022846 0.0160713 -0.0013 -0.0273267 0.0133585 -0.0013 -0.0272535 0.0136375 -0.0013 -0.0225731 0.0161053 -0.0013 -0.0274349 0.0130916 -0.0013 -0.0292463 -0.0231714 -0.0013 -0.0295341 -0.0231807 -0.0013 -0.031562 -0.0239318 -0.0013 -0.0169569 0.0170682 -0.0013 -0.0173789 0.0170861 -0.0013 -0.0295341 0.0118193 -0.0013 -0.0292463 0.0118286 -0.0013 -0.0186106 0.0173496 -0.0013 -0.0214129 0.0167969 -0.0013 -0.0216019 0.0165971 -0.0013 -0.0182068 0.017227 -0.0013 -0.0193787 0.0176939 -0.0013 -0.0212529 0.017021 -0.0013 -0.0190015 0.0175054 -0.0013 -0.0197383 0.0179133 -0.0013 -0.0209759 0.0177931 -0.0013 -0.0210322 0.0175246 -0.0013 -0.0211251 0.0172653 -0.0013 -0.0203963 0.0184392 -0.0013 -0.0209568 0.0180682 -0.0013 -0.0200782 0.0181622 -0.0013 -0.0206893 0.0187412 -0.0013 -0.0209568 0.0190682 -0.0013 -0.0284213 0.0120732 -0.0013 -0.0286853 0.0119564 -0.0013 0.00643815 -0.00273185 -0.0013 0.0192713 0.0161167 -0.0013 0.0189992 0.0160751 -0.0013 0.0225882 0.0140682 -0.0013 0.0140853 0.0172275 -0.0013 0.0176943 0.0164243 -0.0013 0.0174791 0.0165964 -0.0013 0.0172896 0.0167966 -0.0013 0.0171298 0.0170205 -0.0013 0.0148797 0.0175061 -0.0013 0.0144883 0.0173501 -0.0013 0.016909 0.0175234 -0.0013 0.015616 0.017914 -0.0013 0.0152567 0.0176948 -0.0013 0.0170021 0.0172642 -0.0013 0.0159563 0.0181635 -0.0013 0.0168524 0.0177931 -0.0013 0.0168333 0.0180682 -0.0013 0.0162734 0.0184397 -0.0013 0.0168333 0.0190682 -0.0013 0.0165658 0.0187412 -0.0013 0.0226616 0.0134981 -0.0013 0.0226067 0.01378 -0.0013 0.0187237 0.0160712 -0.0013 0.0179309 0.0162834 -0.0013 0.0136728 0.0171392 -0.0013 0.0132554 0.0170861 -0.0013 0.0181842 0.0161765 -0.0013 0.0128333 0.0170682 -0.0013 0.026125 -0.0227775 -0.0013 0.0269383 -0.0239318 -0.0013 0.0263503 -0.0225979 -0.0013 0.0270948 -0.0239442 -0.0013 0.026551 -0.0223908 -0.0013 0.0272474 -0.0239808 -0.0013 0.0202284 0.0166351 -0.0013 0.0228777 0.0151723 -0.0013 0.0230352 0.0154142 -0.0013 0.0200182 0.016457 -0.0013 0.0197855 0.0163093 -0.0013 0.0227529 0.0149131 -0.0013 0.0205654 0.0170682 -0.0013 0.0239277 0.0161257 -0.0013 0.0241986 0.0162253 -0.0013 0.0232224 0.0156339 -0.0013 0.0204114 0.0168395 -0.0013 0.0267237 -0.0221595 -0.0013 0.0247662 0.016317 -0.0013 0.0250545 0.0163077 -0.0013 0.0269383 0.0170682 -0.0013 0.0275261 -0.0241228 -0.0013 0.0268651 -0.0219084 -0.0013 0.0277474 -0.0243441 -0.0013 0.0269733 -0.0216415 -0.0013 0.0276454 -0.0242247 -0.0013 0.0273923 -0.0240408 -0.0013 0.0270465 -0.0213625 -0.0013 0.0270835 -0.0210762 -0.0013 0.027926 -0.0247754 -0.0013 0.0270467 -0.0205024 -0.0013 0.0278894 -0.0246228 -0.0013 0.027926 0.0179117 -0.0013 0.0279383 0.0180682 -0.0013 0.0270835 -0.0207881 -0.0013 0.0279383 -0.0249318 -0.0013 0.0261256 -0.0190866 -0.0013 0.0263503 0.0124021 -0.0013 0.026125 0.0122225 -0.0013 0.0258787 -0.0229268 -0.0013 0.0256147 -0.0230436 -0.0013 0.0258791 -0.0189371 -0.0013 0.0247659 -0.0231807 -0.0013 0.0244786 -0.0231529 -0.0013 0.0227524 -0.0217758 -0.0013 0.0226616 -0.0215019 -0.0013 0.0197848 -0.0231727 -0.0013 0.0195345 -0.0230588 -0.0013 0.0226067 -0.02122 -0.0013 0.0192703 -0.0229802 -0.0013 0.0200172 -0.02332 -0.0013 0.0225882 -0.0209318 -0.0013 0.0205654 -0.0239318 -0.0013 0.0152552 -0.0245575 -0.0013 0.0170016 -0.024129 -0.0013 0.0176932 -0.0232887 -0.0013 0.0136721 -0.0240027 -0.0013 0.0140832 -0.0240907 -0.0013 0.022662 -0.0203605 -0.0013 0.0227529 -0.0200869 -0.0013 0.0187225 -0.022935 -0.0013 0.0276454 0.017361 -0.0013 0.0268654 0.0150442 -0.0013 0.0269737 0.0147766 -0.0013 0.0228777 -0.0198277 -0.0013 0.0230352 -0.0195858 -0.0013 0.0181838 -0.0230403 -0.0013 0.0275261 0.0172591 -0.0013 0.0232224 -0.0193661 -0.0013 0.0128333 -0.0239318 -0.0013 0.0247662 -0.018683 -0.0013 0.0244797 -0.0187106 -0.0013 0.0132554 -0.0239498 -0.0013 0.014487 -0.0242133 -0.0013 0.0174784 -0.0234608 -0.0013 0.0172894 -0.0236605 -0.0013 0.0171294 -0.0238847 -0.0013 0.014878 -0.0243691 -0.0013 0.0159547 -0.0250259 -0.0013 0.0168333 -0.0249318 -0.0013 0.0162728 -0.0253029 -0.0013 0.0165658 -0.0256049 -0.0013 0.0168333 -0.0259318 -0.0013 0.0179298 -0.0231476 -0.0013 0.00643815 -0.0239318 -0.0013 0.0227524 0.0132242 -0.0013 0.0184501 0.0161052 -0.0013 -0.0314223 -0.0220359 -0.0013 -0.0312648 -0.0195858 -0.0013 -0.0310776 -0.0193661 -0.0013 -0.0310786 0.0125034 -0.0013 0.0189978 -0.0229387 -0.0013 0.0256158 -0.0188206 -0.0013 0.0256147 0.0119564 -0.0013 0.0253394 -0.0187384 -0.0013 0.0228777 -0.0220359 -0.0013 0.0202275 -0.0234979 -0.0013 0.0204114 -0.0237031 -0.0013 0.0230347 -0.0222771 -0.0013 0.0232214 -0.0224966 -0.0013 0.0236717 -0.0228559 -0.0013 0.0234349 -0.0226907 -0.0013 0.0241973 -0.0230886 -0.0013 0.0239269 -0.022989 -0.0013 0.0250537 -0.0231714 -0.0013 0.0253381 -0.0231255 -0.0013 0.0232214 0.0125034 -0.0013 0.0230347 0.0127229 -0.0013 0.0265518 -0.0194739 -0.0013 0.026551 0.0126092 -0.0013 0.0263513 -0.0192667 -0.0013 0.0268651 0.0130916 -0.0013 0.026724 -0.0197047 -0.0013 0.0268654 -0.0199558 -0.0013 0.0278293 -0.0244779 -0.0013 0.0253381 0.0118745 -0.0013 0.0250537 0.0118286 -0.0013 0.0247659 0.0118193 -0.0013 0.0250545 -0.0186923 -0.0013 0.0241973 0.0119114 -0.0013 0.0239269 0.012011 -0.0013 0.0234349 0.0123093 -0.0013 0.0277474 0.0174804 -0.0013 0.026724 0.0152953 -0.0013 0.0273923 0.0171771 -0.0013 0.0228777 0.0129641 -0.0013 0.0236719 -0.0190077 -0.0013 0.0234358 -0.0191724 -0.0013 0.0239277 -0.0188743 -0.0013 0.0241986 -0.0187747 -0.0013 0.0184496 -0.022969 -0.0013 0.0226067 -0.0206437 -0.0013 0.0226067 0.0143563 -0.0013 0.022662 0.0146395 -0.0013 0.0195348 0.0161952 -0.0013 0.0270467 0.0144976 -0.0013 0.0270835 0.0142119 -0.0013 0.0236717 0.0121441 -0.0013 0.0244786 0.0118471 -0.0013 0.0278293 0.0176142 -0.0013 0.0270835 0.0139238 -0.0013 0.0258787 0.0120732 -0.0013 0.0278894 0.0177591 -0.0013 0.0267237 0.0128405 -0.0013 0.0270465 0.0136375 -0.0013 0.0269733 0.0133585 -0.0013 0.0269737 -0.0202234 -0.0013 0.0272474 0.0171171 -0.0013 0.0265518 0.0155261 -0.0013 0.0270948 0.0170805 -0.0013 0.0263513 0.0157333 -0.0013 0.0244797 0.0162894 -0.0013 0.0261256 0.0159134 -0.0013 0.0256158 0.0161794 -0.0013 0.0258791 0.0160629 -0.0013 0.0253394 0.0162616 -0.0013 0.0236719 0.0159923 -0.0013 0.0234358 0.0158276 -0.0013 -0.0298203 -0.0187106 -0.0013 -0.0301014 -0.0187747 -0.0013 -0.0312653 -0.0222771 -0.0013 -0.032016 -0.0240408 -0.0013 -0.0318711 -0.0239808 -0.0013 -0.0310786 -0.0224966 -0.0013 -0.0317185 -0.0239442 -0.0013 -0.0308651 -0.0226907 -0.0013 -0.0306283 -0.0228559 -0.0013 -0.0301027 -0.0230886 -0.0013 -0.0303731 -0.022989 -0.0013 -0.0298214 -0.0231529 -0.0013 -0.0289619 -0.0231255 -0.0013 -0.0284213 -0.0229268 -0.0013 -0.0286853 -0.0230436 -0.0013 -0.0272165 -0.0210762 -0.0013 -0.0272165 -0.0207881 -0.0013 -0.0275763 -0.0221595 -0.0013 -0.027749 -0.0223908 -0.0013 -0.0273267 -0.0216415 -0.0013 -0.0274349 -0.0219084 -0.0013 -0.0272535 -0.0213625 -0.0013 -0.0273263 -0.0202234 -0.0013 -0.0272533 -0.0205024 -0.0013 -0.027576 -0.0197047 -0.0013 -0.0274346 -0.0199558 -0.0013 -0.0277482 -0.0194739 -0.0013 -0.0281744 -0.0190866 -0.0013 -0.0279487 -0.0192667 -0.0013 -0.0286842 -0.0188206 -0.0013 -0.0284209 -0.0189371 -0.0013 -0.0292455 -0.0186923 -0.0013 -0.0289606 -0.0187384 -0.0013 -0.0295338 -0.018683 -0.0013 -0.0303723 -0.0188743 -0.0013 -0.0315471 0.0149131 -0.0013 -0.0322691 0.017361 -0.0013 -0.031638 0.0146395 -0.0013 -0.0315471 -0.0200869 -0.0013 -0.0316933 -0.0206437 -0.0013 -0.0321498 0.0172591 -0.0013 -0.0314223 0.0151723 -0.0013 -0.0246889 0.0170682 -0.0013 -0.0292455 0.0163077 -0.0013 -0.0289606 0.0162616 -0.0013 -0.0314223 0.0129641 -0.0013 -0.0314223 -0.0198277 -0.0013 -0.0312653 0.0127229 -0.0013 -0.0308651 0.0123093 -0.0013 -0.0303731 0.012011 -0.0013 -0.0306283 0.0121441 -0.0013 -0.0298214 0.0118471 -0.0013 -0.0301027 0.0119114 -0.0013 -0.0289619 0.0118745 -0.0013 -0.028175 0.0122225 -0.0013 -0.0279497 0.0124021 -0.0013 -0.0272533 0.0144976 -0.0013 -0.0239083 0.016309 -0.0013 -0.0273263 0.0147766 -0.0013 -0.0274346 0.0150442 -0.0013 -0.0241407 0.0164563 -0.0013 -0.024351 0.0166342 -0.0013 -0.027576 0.0152953 -0.0013 -0.0245349 0.0168395 -0.0013 -0.0277482 0.0155261 -0.0013 -0.0279487 0.0157333 -0.0013 -0.0284209 0.0160629 -0.0013 -0.0281744 0.0159134 -0.0013 -0.0286842 0.0161794 -0.0013 -0.0295338 0.016317 -0.0013 -0.0298203 0.0162894 -0.0013 -0.0306281 0.0159923 -0.0013 -0.0301015 0.0156971 -0.0003 -0.0303372 0.0155835 -0.0003 -0.0277314 0.0138072 -0.0003 -0.0288229 0.0156973 -0.0003 -0.0281794 0.0152588 -0.0003 -0.0285873 0.0155839 -0.0003 -0.0283712 0.0154366 -0.0003 -0.0290727 0.0157743 -0.0003 -0.0280162 0.0150543 -0.0003 -0.0278853 0.0148278 -0.0003 -0.0293312 0.0158133 -0.0003 -0.0295927 0.0158133 -0.0003 -0.0277897 0.0145842 -0.0003 -0.0298514 0.0157742 -0.0003 -0.0277314 0.0143291 -0.0003 -0.0277118 0.0140682 -0.0003 -0.0280157 0.0130828 -0.0003 -0.030745 0.0152581 -0.0003 -0.030908 0.0150535 -0.0003 -0.0305533 0.0154361 -0.0003 -0.027885 0.0133093 -0.0003 -0.0277895 0.0135527 -0.0003 -0.0281787 0.0128782 -0.0003 -0.0310387 0.014827 -0.0003 -0.0283704 0.0127003 -0.0003 -0.0288222 0.0124392 -0.0003 -0.0312118 0.0140682 -0.0003 -0.0290723 0.0123621 -0.0003 -0.0311342 0.0145836 -0.0003 -0.0311923 0.0143291 -0.0003 -0.0285865 0.0125528 -0.0003 -0.0310384 0.0133086 -0.0003 -0.029851 0.012362 -0.0003 -0.0295925 0.0123231 -0.0003 -0.031134 0.0135521 -0.0003 -0.029331 0.0123231 -0.0003 -0.0311923 0.0138072 -0.0003 -0.0307443 0.0128775 -0.0003 -0.0305525 0.0126997 -0.0003 -0.0303364 0.0125524 -0.0003 -0.0301008 0.012439 -0.0003 -0.0309075 0.013082 -0.0003 -0.0301015 -0.0193029 -0.0003 -0.0303372 -0.0194165 -0.0003 -0.0277314 -0.0211928 -0.0003 -0.0288229 -0.0193027 -0.0003 -0.0281794 -0.0197412 -0.0003 -0.0285873 -0.0194161 -0.0003 -0.0283712 -0.0195634 -0.0003 -0.0290727 -0.0192257 -0.0003 -0.0280162 -0.0199457 -0.0003 -0.0278853 -0.0201722 -0.0003 -0.0293312 -0.0191867 -0.0003 -0.0295927 -0.0191867 -0.0003 -0.0277897 -0.0204158 -0.0003 -0.0298514 -0.0192258 -0.0003 -0.0277314 -0.0206709 -0.0003 -0.0277118 -0.0209318 -0.0003 -0.0280157 -0.0219172 -0.0003 -0.030745 -0.0197419 -0.0003 -0.030908 -0.0199465 -0.0003 -0.0305533 -0.0195639 -0.0003 -0.027885 -0.0216907 -0.0003 -0.0277895 -0.0214473 -0.0003 -0.0281787 -0.0221218 -0.0003 -0.0310387 -0.020173 -0.0003 -0.0283704 -0.0222997 -0.0003 -0.0288222 -0.0225608 -0.0003 -0.0312118 -0.0209318 -0.0003 -0.0290723 -0.0226379 -0.0003 -0.0311342 -0.0204164 -0.0003 -0.0311923 -0.0206709 -0.0003 -0.0285865 -0.0224472 -0.0003 -0.0310384 -0.0216914 -0.0003 -0.029851 -0.022638 -0.0003 -0.0295925 -0.0226769 -0.0003 -0.031134 -0.0214479 -0.0003 -0.029331 -0.0226769 -0.0003 -0.0311923 -0.0211928 -0.0003 -0.0307443 -0.0221225 -0.0003 -0.0305525 -0.0223003 -0.0003 -0.0303364 -0.0224476 -0.0003 -0.0301008 -0.022561 -0.0003 -0.0309075 -0.021918 -0.0003 0.0241985 0.0156971 -0.0003 0.0239628 0.0155835 -0.0003 0.0265686 0.0138072 -0.0003 0.0254771 0.0156973 -0.0003 0.0261206 0.0152588 -0.0003 0.0257127 0.0155839 -0.0003 0.0259288 0.0154366 -0.0003 0.0252273 0.0157743 -0.0003 0.0262838 0.0150543 -0.0003 0.0264147 0.0148278 -0.0003 0.0249688 0.0158133 -0.0003 0.0247073 0.0158133 -0.0003 0.0265103 0.0145842 -0.0003 0.0244486 0.0157742 -0.0003 0.0265686 0.0143291 -0.0003 0.0265881 0.0140682 -0.0003 0.0262843 0.0130828 -0.0003 0.023555 0.0152581 -0.0003 0.023392 0.0150535 -0.0003 0.0237467 0.0154361 -0.0003 0.026415 0.0133093 -0.0003 0.0265105 0.0135527 -0.0003 0.0261213 0.0128782 -0.0003 0.0232613 0.014827 -0.0003 0.0259296 0.0127003 -0.0003 0.0254778 0.0124392 -0.0003 0.0230881 0.0140682 -0.0003 0.0252277 0.0123621 -0.0003 0.0231658 0.0145836 -0.0003 0.0231077 0.0143291 -0.0003 0.0257135 0.0125528 -0.0003 0.0232616 0.0133086 -0.0003 0.024449 0.012362 -0.0003 0.0247075 0.0123231 -0.0003 0.023166 0.0135521 -0.0003 0.024969 0.0123231 -0.0003 0.0231077 0.0138072 -0.0003 0.0235557 0.0128775 -0.0003 0.0237475 0.0126997 -0.0003 0.0239636 0.0125524 -0.0003 0.0241992 0.012439 -0.0003 0.0233925 0.013082 -0.0003 0.0241985 -0.0193029 -0.0003 0.0239628 -0.0194165 -0.0003 0.0265686 -0.0211928 -0.0003 0.0254771 -0.0193027 -0.0003 0.0261206 -0.0197412 -0.0003 0.0257127 -0.0194161 -0.0003 0.0259288 -0.0195634 -0.0003 0.0252273 -0.0192257 -0.0003 0.0262838 -0.0199457 -0.0003 0.0264147 -0.0201722 -0.0003 0.0249688 -0.0191867 -0.0003 0.0247073 -0.0191867 -0.0003 0.0265103 -0.0204158 -0.0003 0.0244486 -0.0192258 -0.0003 0.0265686 -0.0206709 -0.0003 0.0265881 -0.0209318 -0.0003 0.0262843 -0.0219172 -0.0003 0.023555 -0.0197419 -0.0003 0.023392 -0.0199465 -0.0003 0.0237467 -0.0195639 -0.0003 0.026415 -0.0216907 -0.0003 0.0265105 -0.0214473 -0.0003 0.0261213 -0.0221218 -0.0003 0.0232613 -0.020173 -0.0003 0.0259296 -0.0222997 -0.0003 0.0254778 -0.0225608 -0.0003 0.0230881 -0.0209318 -0.0003 0.0252277 -0.0226379 -0.0003 0.0231658 -0.0204164 -0.0003 0.0231077 -0.0206709 -0.0003 0.0257135 -0.0224472 -0.0003 0.0232616 -0.0216914 -0.0003 0.024449 -0.022638 -0.0003 0.0247075 -0.0226769 -0.0003 0.023166 -0.0214479 -0.0003 0.024969 -0.0226769 -0.0003 0.0231077 -0.0211928 -0.0003 0.0235557 -0.0221225 -0.0003 0.0237475 -0.0223003 -0.0003 0.0239636 -0.0224476 -0.0003 0.0241992 -0.022561 -0.0003 0.0233925 -0.021918 -0.0003 0.0265686 -0.0211928 -0.0003 0.0265105 -0.0214473 -0.0003 0.0270465 -0.0213625 -0.0013 0.0270835 -0.0210762 -0.0013 0.0265881 -0.0209318 -0.0003 0.0270835 -0.0207881 -0.0013 0.0265686 -0.0206709 -0.0003 0.0265103 -0.0204158 -0.0003 0.0270467 -0.0205024 -0.0013 0.0269737 -0.0202234 -0.0013 0.0264147 -0.0201722 -0.0003 0.0268654 -0.0199558 -0.0013 0.026724 -0.0197047 -0.0013 0.0262838 -0.0199457 -0.0003 0.0265518 -0.0194739 -0.0013 0.0263513 -0.0192667 -0.0013 0.0261206 -0.0197412 -0.0003 0.0261256 -0.0190866 -0.0013 0.0259288 -0.0195634 -0.0003 0.0257127 -0.0194161 -0.0003 0.0258791 -0.0189371 -0.0013 0.0256158 -0.0188206 -0.0013 0.0254771 -0.0193027 -0.0003 0.0253394 -0.0187384 -0.0013 0.0252273 -0.0192257 -0.0003 0.0250545 -0.0186923 -0.0013 0.0249688 -0.0191867 -0.0003 0.0247073 -0.0191867 -0.0003 0.0247662 -0.018683 -0.0013 0.0244797 -0.0187106 -0.0013 0.0244486 -0.0192258 -0.0003 0.0241986 -0.0187747 -0.0013 0.0241985 -0.0193029 -0.0003 0.0239628 -0.0194165 -0.0003 0.0239277 -0.0188743 -0.0013 0.0236719 -0.0190077 -0.0013 0.0237467 -0.0195639 -0.0003 0.0234358 -0.0191724 -0.0013 0.0232224 -0.0193661 -0.0013 0.023555 -0.0197419 -0.0003 0.0230352 -0.0195858 -0.0013 0.0228777 -0.0198277 -0.0013 0.023392 -0.0199465 -0.0003 0.0227529 -0.0200869 -0.0013 0.0232613 -0.020173 -0.0003 0.0231658 -0.0204164 -0.0003 0.022662 -0.0203605 -0.0013 0.0226067 -0.0206437 -0.0013 0.0231077 -0.0206709 -0.0003 0.0225882 -0.0209318 -0.0013 0.0230881 -0.0209318 -0.0003 0.0269733 -0.0216415 -0.0013 0.0268651 -0.0219084 -0.0013 0.026415 -0.0216907 -0.0003 0.0262843 -0.0219172 -0.0003 0.0267237 -0.0221595 -0.0013 0.026551 -0.0223908 -0.0013 0.0261213 -0.0221218 -0.0003 0.0259296 -0.0222997 -0.0003 0.0263503 -0.0225979 -0.0013 0.0257135 -0.0224472 -0.0003 0.026125 -0.0227775 -0.0013 0.0258787 -0.0229268 -0.0013 0.0254778 -0.0225608 -0.0003 0.0252277 -0.0226379 -0.0003 0.0256147 -0.0230436 -0.0013 0.0253381 -0.0231255 -0.0013 0.0250537 -0.0231714 -0.0013 0.0247659 -0.0231807 -0.0013 0.024969 -0.0226769 -0.0003 0.0247075 -0.0226769 -0.0003 0.024449 -0.022638 -0.0003 0.0244786 -0.0231529 -0.0013 0.0241973 -0.0230886 -0.0013 0.0241992 -0.022561 -0.0003 0.0239636 -0.0224476 -0.0003 0.0239269 -0.022989 -0.0013 0.0237475 -0.0223003 -0.0003 0.0236717 -0.0228559 -0.0013 0.0232214 -0.0224966 -0.0013 0.0234349 -0.0226907 -0.0013 0.0235557 -0.0221225 -0.0003 0.0230347 -0.0222771 -0.0013 0.0233925 -0.021918 -0.0003 0.0228777 -0.0220359 -0.0013 0.0227524 -0.0217758 -0.0013 0.0232616 -0.0216914 -0.0003 0.023166 -0.0214479 -0.0003 0.0226616 -0.0215019 -0.0013 0.0231077 -0.0211928 -0.0003 0.0226067 -0.02122 -0.0013 0.0265686 0.0138072 -0.0003 0.0265105 0.0135527 -0.0003 0.0270465 0.0136375 -0.0013 0.0270835 0.0139238 -0.0013 0.0265881 0.0140682 -0.0003 0.0270835 0.0142119 -0.0013 0.0265686 0.0143291 -0.0003 0.0265103 0.0145842 -0.0003 0.0270467 0.0144976 -0.0013 0.0269737 0.0147766 -0.0013 0.0264147 0.0148278 -0.0003 0.0268654 0.0150442 -0.0013 0.026724 0.0152953 -0.0013 0.0262838 0.0150543 -0.0003 0.0265518 0.0155261 -0.0013 0.0263513 0.0157333 -0.0013 0.0261206 0.0152588 -0.0003 0.0261256 0.0159134 -0.0013 0.0259288 0.0154366 -0.0003 0.0257127 0.0155839 -0.0003 0.0258791 0.0160629 -0.0013 0.0256158 0.0161794 -0.0013 0.0254771 0.0156973 -0.0003 0.0253394 0.0162616 -0.0013 0.0252273 0.0157743 -0.0003 0.0250545 0.0163077 -0.0013 0.0249688 0.0158133 -0.0003 0.0247073 0.0158133 -0.0003 0.0247662 0.016317 -0.0013 0.0244797 0.0162894 -0.0013 0.0244486 0.0157742 -0.0003 0.0241986 0.0162253 -0.0013 0.0241985 0.0156971 -0.0003 0.0239628 0.0155835 -0.0003 0.0239277 0.0161257 -0.0013 0.0236719 0.0159923 -0.0013 0.0237467 0.0154361 -0.0003 0.0234358 0.0158276 -0.0013 0.0232224 0.0156339 -0.0013 0.023555 0.0152581 -0.0003 0.0230352 0.0154142 -0.0013 0.0228777 0.0151723 -0.0013 0.023392 0.0150535 -0.0003 0.0227529 0.0149131 -0.0013 0.0232613 0.014827 -0.0003 0.0231658 0.0145836 -0.0003 0.022662 0.0146395 -0.0013 0.0226067 0.0143563 -0.0013 0.0231077 0.0143291 -0.0003 0.0225882 0.0140682 -0.0013 0.0230881 0.0140682 -0.0003 0.0269733 0.0133585 -0.0013 0.0268651 0.0130916 -0.0013 0.026415 0.0133093 -0.0003 0.0262843 0.0130828 -0.0003 0.0267237 0.0128405 -0.0013 0.026551 0.0126092 -0.0013 0.0261213 0.0128782 -0.0003 0.0259296 0.0127003 -0.0003 0.0263503 0.0124021 -0.0013 0.0257135 0.0125528 -0.0003 0.026125 0.0122225 -0.0013 0.0258787 0.0120732 -0.0013 0.0254778 0.0124392 -0.0003 0.0252277 0.0123621 -0.0003 0.0256147 0.0119564 -0.0013 0.0253381 0.0118745 -0.0013 0.0250537 0.0118286 -0.0013 0.0247659 0.0118193 -0.0013 0.024969 0.0123231 -0.0003 0.0247075 0.0123231 -0.0003 0.024449 0.012362 -0.0003 0.0244786 0.0118471 -0.0013 0.0241973 0.0119114 -0.0013 0.0241992 0.012439 -0.0003 0.0239636 0.0125524 -0.0003 0.0239269 0.012011 -0.0013 0.0237475 0.0126997 -0.0003 0.0236717 0.0121441 -0.0013 0.0232214 0.0125034 -0.0013 0.0234349 0.0123093 -0.0013 0.0235557 0.0128775 -0.0003 0.0230347 0.0127229 -0.0013 0.0233925 0.013082 -0.0003 0.0228777 0.0129641 -0.0013 0.0227524 0.0132242 -0.0013 0.0232616 0.0133086 -0.0003 0.023166 0.0135521 -0.0003 0.0226616 0.0134981 -0.0013 0.0231077 0.0138072 -0.0003 0.0226067 0.01378 -0.0013 -0.0277314 -0.0211928 -0.0003 -0.0277895 -0.0214473 -0.0003 -0.0272535 -0.0213625 -0.0013 -0.0272165 -0.0210762 -0.0013 -0.0277118 -0.0209318 -0.0003 -0.0272165 -0.0207881 -0.0013 -0.0277314 -0.0206709 -0.0003 -0.0277897 -0.0204158 -0.0003 -0.0272533 -0.0205024 -0.0013 -0.0273263 -0.0202234 -0.0013 -0.0278853 -0.0201722 -0.0003 -0.0274346 -0.0199558 -0.0013 -0.027576 -0.0197047 -0.0013 -0.0280162 -0.0199457 -0.0003 -0.0277482 -0.0194739 -0.0013 -0.0279487 -0.0192667 -0.0013 -0.0281794 -0.0197412 -0.0003 -0.0281744 -0.0190866 -0.0013 -0.0283712 -0.0195634 -0.0003 -0.0285873 -0.0194161 -0.0003 -0.0284209 -0.0189371 -0.0013 -0.0286842 -0.0188206 -0.0013 -0.0288229 -0.0193027 -0.0003 -0.0289606 -0.0187384 -0.0013 -0.0290727 -0.0192257 -0.0003 -0.0292455 -0.0186923 -0.0013 -0.0293312 -0.0191867 -0.0003 -0.0295927 -0.0191867 -0.0003 -0.0295338 -0.018683 -0.0013 -0.0298203 -0.0187106 -0.0013 -0.0298514 -0.0192258 -0.0003 -0.0301014 -0.0187747 -0.0013 -0.0301015 -0.0193029 -0.0003 -0.0303372 -0.0194165 -0.0003 -0.0303723 -0.0188743 -0.0013 -0.0306281 -0.0190077 -0.0013 -0.0305533 -0.0195639 -0.0003 -0.0308642 -0.0191724 -0.0013 -0.0310776 -0.0193661 -0.0013 -0.030745 -0.0197419 -0.0003 -0.0312648 -0.0195858 -0.0013 -0.0314223 -0.0198277 -0.0013 -0.030908 -0.0199465 -0.0003 -0.0315471 -0.0200869 -0.0013 -0.0310387 -0.020173 -0.0003 -0.0311342 -0.0204164 -0.0003 -0.031638 -0.0203605 -0.0013 -0.0316933 -0.0206437 -0.0013 -0.0311923 -0.0206709 -0.0003 -0.0317119 -0.0209318 -0.0013 -0.0312118 -0.0209318 -0.0003 -0.0273267 -0.0216415 -0.0013 -0.0274349 -0.0219084 -0.0013 -0.027885 -0.0216907 -0.0003 -0.0280157 -0.0219172 -0.0003 -0.0275763 -0.0221595 -0.0013 -0.027749 -0.0223908 -0.0013 -0.0281787 -0.0221218 -0.0003 -0.0283704 -0.0222997 -0.0003 -0.0279497 -0.0225979 -0.0013 -0.0285865 -0.0224472 -0.0003 -0.028175 -0.0227775 -0.0013 -0.0284213 -0.0229268 -0.0013 -0.0288222 -0.0225608 -0.0003 -0.0290723 -0.0226379 -0.0003 -0.0286853 -0.0230436 -0.0013 -0.0289619 -0.0231255 -0.0013 -0.0292463 -0.0231714 -0.0013 -0.0295341 -0.0231807 -0.0013 -0.029331 -0.0226769 -0.0003 -0.0295925 -0.0226769 -0.0003 -0.029851 -0.022638 -0.0003 -0.0298214 -0.0231529 -0.0013 -0.0301027 -0.0230886 -0.0013 -0.0301008 -0.022561 -0.0003 -0.0303364 -0.0224476 -0.0003 -0.0303731 -0.022989 -0.0013 -0.0305525 -0.0223003 -0.0003 -0.0306283 -0.0228559 -0.0013 -0.0310786 -0.0224966 -0.0013 -0.0308651 -0.0226907 -0.0013 -0.0307443 -0.0221225 -0.0003 -0.0312653 -0.0222771 -0.0013 -0.0309075 -0.021918 -0.0003 -0.0314223 -0.0220359 -0.0013 -0.0315476 -0.0217758 -0.0013 -0.0310384 -0.0216914 -0.0003 -0.031134 -0.0214479 -0.0003 -0.0316384 -0.0215019 -0.0013 -0.0311923 -0.0211928 -0.0003 -0.0316933 -0.02122 -0.0013 -0.0277314 0.0138072 -0.0003 -0.0277895 0.0135527 -0.0003 -0.0272535 0.0136375 -0.0013 -0.0272165 0.0139238 -0.0013 -0.0277118 0.0140682 -0.0003 -0.0272165 0.0142119 -0.0013 -0.0277314 0.0143291 -0.0003 -0.0277897 0.0145842 -0.0003 -0.0272533 0.0144976 -0.0013 -0.0273263 0.0147766 -0.0013 -0.0278853 0.0148278 -0.0003 -0.0274346 0.0150442 -0.0013 -0.027576 0.0152953 -0.0013 -0.0280162 0.0150543 -0.0003 -0.0277482 0.0155261 -0.0013 -0.0279487 0.0157333 -0.0013 -0.0281794 0.0152588 -0.0003 -0.0281744 0.0159134 -0.0013 -0.0283712 0.0154366 -0.0003 -0.0285873 0.0155839 -0.0003 -0.0284209 0.0160629 -0.0013 -0.0286842 0.0161794 -0.0013 -0.0288229 0.0156973 -0.0003 -0.0289606 0.0162616 -0.0013 -0.0290727 0.0157743 -0.0003 -0.0292455 0.0163077 -0.0013 -0.0293312 0.0158133 -0.0003 -0.0295927 0.0158133 -0.0003 -0.0295338 0.016317 -0.0013 -0.0298203 0.0162894 -0.0013 -0.0298514 0.0157742 -0.0003 -0.0301014 0.0162253 -0.0013 -0.0301015 0.0156971 -0.0003 -0.0303372 0.0155835 -0.0003 -0.0303723 0.0161257 -0.0013 -0.0306281 0.0159923 -0.0013 -0.0305533 0.0154361 -0.0003 -0.0308642 0.0158276 -0.0013 -0.0310776 0.0156339 -0.0013 -0.030745 0.0152581 -0.0003 -0.0312648 0.0154142 -0.0013 -0.0314223 0.0151723 -0.0013 -0.030908 0.0150535 -0.0003 -0.0315471 0.0149131 -0.0013 -0.0310387 0.014827 -0.0003 -0.0311342 0.0145836 -0.0003 -0.031638 0.0146395 -0.0013 -0.0316933 0.0143563 -0.0013 -0.0311923 0.0143291 -0.0003 -0.0317119 0.0140682 -0.0013 -0.0312118 0.0140682 -0.0003 -0.0273267 0.0133585 -0.0013 -0.0274349 0.0130916 -0.0013 -0.027885 0.0133093 -0.0003 -0.0280157 0.0130828 -0.0003 -0.0275763 0.0128405 -0.0013 -0.027749 0.0126092 -0.0013 -0.0281787 0.0128782 -0.0003 -0.0283704 0.0127003 -0.0003 -0.0279497 0.0124021 -0.0013 -0.0285865 0.0125528 -0.0003 -0.028175 0.0122225 -0.0013 -0.0284213 0.0120732 -0.0013 -0.0288222 0.0124392 -0.0003 -0.0290723 0.0123621 -0.0003 -0.0286853 0.0119564 -0.0013 -0.0289619 0.0118745 -0.0013 -0.0292463 0.0118286 -0.0013 -0.0295341 0.0118193 -0.0013 -0.029331 0.0123231 -0.0003 -0.0295925 0.0123231 -0.0003 -0.029851 0.012362 -0.0003 -0.0298214 0.0118471 -0.0013 -0.0301027 0.0119114 -0.0013 -0.0301008 0.012439 -0.0003 -0.0303364 0.0125524 -0.0003 -0.0303731 0.012011 -0.0013 -0.0305525 0.0126997 -0.0003 -0.0306283 0.0121441 -0.0013 -0.0310786 0.0125034 -0.0013 -0.0308651 0.0123093 -0.0013 -0.0307443 0.0128775 -0.0003 -0.0312653 0.0127229 -0.0013 -0.0309075 0.013082 -0.0003 -0.0314223 0.0129641 -0.0013 -0.0315476 0.0132242 -0.0013 -0.0310384 0.0133086 -0.0003 -0.031134 0.0135521 -0.0003 -0.0316384 0.0134981 -0.0013 -0.0311923 0.0138072 -0.0003 -0.0316933 0.01378 -0.0013 -0.0219512 -0.0286941 -0.00330651 -0.0219568 -0.0289318 -0.0032 -0.0219568 -0.0289318 -0.0062 -0.0219058 -0.0282196 -0.00351494 -0.0219377 -0.0284949 -0.0062 -0.0218807 -0.028063 -0.0062 -0.0219342 -0.0284567 -0.00341149 -0.0217506 -0.0275108 -0.00380835 -0.0218142 -0.0277465 -0.00371442 -0.0217862 -0.0276368 -0.0062 -0.0218659 -0.0279829 -0.00361643 -0.0214881 -0.0268181 -0.0062 -0.0215866 -0.0270438 -0.00397666 -0.0216549 -0.0272209 -0.0062 -0.0216747 -0.0272763 -0.00389614 -0.0212863 -0.0264309 -0.0062 -0.0212466 -0.0263633 -0.00415689 -0.0213728 -0.0265871 -0.00410853 -0.021486 -0.026814 -0.00404813 -0.0210524 -0.0260637 -0.0062 -0.0207862 -0.025717 -0.0062 -0.0209568 -0.0259318 -0.0042 -0.0211079 -0.0261449 -0.0041873 -0.0203969 -0.0253034 -0.0042 -0.0201699 -0.0251009 -0.0062 -0.0200798 -0.0250272 -0.0042 -0.0206893 -0.0256049 -0.0042 -0.0204924 -0.0253963 -0.0062 -0.0190032 -0.0243698 -0.0042 -0.0193802 -0.0245585 -0.0042 -0.019069 -0.0244 -0.0062 -0.019456 -0.0246013 -0.0062 -0.0197395 -0.0247777 -0.0042 -0.0198242 -0.0248358 -0.0062 -0.0186118 -0.0242138 -0.0042 -0.0186663 -0.0242332 -0.0062 -0.0182498 -0.024102 -0.0062 -0.0178247 -0.0240078 -0.0062 -0.0182088 -0.0240912 -0.0042 -0.0173938 -0.023951 -0.0062 -0.0177963 -0.0240029 -0.0042 -0.0173789 -0.0239498 -0.0042 -0.0169569 -0.0239318 -0.0062 -0.0169569 -0.0239318 -0.0042 0.0128333 -0.0239318 -0.0062 0.0132554 -0.0239498 -0.0013 0.0128333 -0.0239318 -0.0013 0.0137022 -0.024008 -0.0062 0.0136721 -0.0240027 -0.0013 0.0132703 -0.023951 -0.0062 0.014947 -0.0244006 -0.0062 0.014878 -0.0243691 -0.0013 0.0145443 -0.0242338 -0.0062 0.0141283 -0.0241025 -0.0062 0.014487 -0.0242133 -0.0013 0.0140832 -0.0240907 -0.0013 0.0157015 -0.0248363 -0.0062 0.0160482 -0.0251025 -0.0062 0.0159547 -0.0250259 -0.0013 0.0152552 -0.0245575 -0.0013 0.0153343 -0.0246024 -0.0062 0.0156148 -0.024777 -0.0013 0.0168333 -0.0259318 -0.0013 0.0166642 -0.0257188 -0.0062 0.0169294 -0.0260645 -0.0062 0.0165658 -0.0256049 -0.0013 0.0162728 -0.0253029 -0.0013 0.0163689 -0.0253963 -0.0062 0.0173652 -0.0268197 -0.0062 0.0173626 -0.0268138 -0.00114885 0.0172491 -0.0265862 -0.00121085 0.0171639 -0.0264327 -0.0062 0.017123 -0.026363 -0.00125758 0.0169844 -0.0261449 -0.0012873 0.0174632 -0.0270435 -0.00107783 0.0175512 -0.0272759 -0.000997026 0.017532 -0.0272224 -0.0062 0.0176271 -0.0275104 -0.000909233 0.0176632 -0.0276389 -0.0062 0.0177574 -0.028064 -0.0062 0.0176908 -0.0277463 -0.000815286 0.0177824 -0.0282196 -0.000615506 0.0177425 -0.0279828 -0.000716954 0.0178107 -0.0284567 -0.000511661 0.0178141 -0.0284949 -0.0062 0.0178277 -0.0286941 -0.000406512 0.0178333 -0.0289318 -0.0062 0.0178333 -0.0289318 -0.0003 0.0178277 0.0218304 -0.000406512 0.0178333 0.0220682 -0.0003 0.0178333 0.0220682 -0.0062 0.0177823 0.0213559 -0.000614938 0.0178141 0.0216312 -0.0062 0.0177572 0.0211993 -0.0062 0.0178107 0.021593 -0.000511491 0.0176271 0.0206471 -0.000908348 0.0176907 0.0208828 -0.000814424 0.0176627 0.0207731 -0.0062 0.0177424 0.0211192 -0.000716427 0.0173646 0.0199545 -0.0062 0.017463 0.0201801 -0.00107666 0.0175314 0.0203572 -0.0062 0.0175512 0.0204126 -0.000996142 0.0171628 0.0195672 -0.0062 0.017123 0.0194996 -0.00125689 0.0172493 0.0197234 -0.00120853 0.0173625 0.0199503 -0.00114813 0.0168333 0.0190682 -0.0013 0.0166627 0.0188533 -0.0062 0.0165658 0.0187412 -0.0013 0.0169844 0.0192812 -0.0012873 0.0169289 0.0192 -0.0062 0.0162734 0.0184397 -0.0013 0.0160464 0.0182372 -0.0062 0.0159563 0.0181635 -0.0013 0.0163689 0.0185326 -0.0062 0.0148797 0.0175061 -0.0013 0.0152567 0.0176948 -0.0013 0.0149455 0.0175363 -0.0062 0.0153325 0.0177376 -0.0062 0.015616 0.017914 -0.0013 0.0157007 0.0179721 -0.0062 0.0144883 0.0173501 -0.0013 0.0145428 0.0173695 -0.0062 0.0141263 0.0172383 -0.0062 0.0137012 0.0171441 -0.0062 0.0140853 0.0172275 -0.0013 0.0132703 0.0170873 -0.0062 0.0136728 0.0171392 -0.0013 0.0132554 0.0170861 -0.0013 0.0128333 0.0170682 -0.0062 0.0128333 0.0170682 -0.0013 -0.0215867 0.0201798 -0.00107783 -0.0214887 0.019956 -0.0062 -0.0216555 0.0203587 -0.0062 -0.0209568 0.0190682 -0.0013 -0.0207878 0.0188551 -0.0062 -0.0210529 0.0192008 -0.0062 -0.0216747 0.0204122 -0.000997026 -0.0217506 0.0206467 -0.000909233 -0.0217867 0.0207752 -0.0062 -0.0218144 0.0208826 -0.000815286 -0.021866 0.0211191 -0.000716954 -0.0218809 0.0212003 -0.0062 -0.0219059 0.0213559 -0.000615506 -0.0219377 0.0216312 -0.0062 -0.0219343 0.021593 -0.000511661 -0.0219512 0.0218304 -0.000406512 -0.0219568 0.0220682 -0.0062 -0.0219568 0.0220682 -0.0003 -0.0214862 0.0199501 -0.00114885 -0.0212874 0.019569 -0.0062 -0.0213726 0.0197225 -0.00121085 -0.0212465 0.0194993 -0.00125758 -0.0211079 0.0192812 -0.0012873 -0.0203963 0.0184392 -0.0013 -0.0204924 0.0185326 -0.0062 -0.0206893 0.0187412 -0.0013 -0.0193787 0.0176939 -0.0013 -0.0194578 0.0177387 -0.0062 -0.0197383 0.0179133 -0.0013 -0.0200782 0.0181622 -0.0013 -0.019825 0.0179726 -0.0062 -0.0201717 0.0182388 -0.0062 -0.0186106 0.0173496 -0.0013 -0.0182068 0.017227 -0.0013 -0.0182519 0.0172388 -0.0062 -0.0190706 0.0175369 -0.0062 -0.0190015 0.0175054 -0.0013 -0.0186678 0.0173701 -0.0062 -0.0177956 0.017139 -0.0013 -0.0173938 0.0170873 -0.0062 -0.0178257 0.0171443 -0.0062 -0.0169569 0.0170682 -0.0062 -0.0173789 0.0170861 -0.0013 -0.0169569 0.0170682 -0.0013 -0.0223688 -0.024123 -0.0032 -0.0222497 -0.0242247 0.0019 -0.0222495 -0.024225 -0.0032 -0.0225026 -0.024041 -0.0032 -0.0223691 -0.0241228 0.0019 -0.0225029 -0.0240408 0.0019 -0.0226477 -0.0239808 -0.0032 -0.0228003 -0.0239442 -0.0032 -0.0226478 -0.0239808 0.0019 -0.0229569 -0.0239318 -0.0032 -0.0228004 -0.0239442 0.0019 -0.0229569 -0.0239318 0.0019 -0.0221478 -0.0243441 0.0019 -0.0221477 -0.0243444 -0.0032 -0.0220658 -0.0244779 0.0019 -0.0220058 -0.0246228 0.0019 -0.0220657 -0.0244781 -0.0032 -0.0219692 -0.0247754 0.0019 -0.0220057 -0.0246231 -0.0032 -0.0219692 -0.0247753 -0.0032 -0.0219568 -0.0249318 0.0019 -0.0219568 -0.0249318 -0.0032 -0.0235619 -0.0235291 -0.00408144 -0.0232923 -0.0234227 -0.00409101 -0.0235619 -0.0233674 -0.00414651 -0.0235619 -0.0236788 -0.0039935 -0.0234825 -0.0236211 -0.00400902 -0.0215708 -0.02349 -0.0042 -0.0216903 -0.0235922 -0.00418769 -0.0213902 -0.0236886 -0.0042 -0.0233238 -0.0232811 -0.00415106 -0.0235619 -0.0231986 -0.00418643 -0.0230355 -0.0229334 -0.0042 -0.0233011 -0.0229617 -0.0042 -0.0230601 -0.0230912 -0.00418769 -0.0227674 -0.0229409 -0.0042 -0.0235619 -0.0230255 -0.0042 -0.0233569 -0.0231322 -0.00418769 -0.0230434 -0.0233883 -0.00409101 -0.0232633 -0.0235533 -0.00400902 -0.0230359 -0.0235218 -0.00400902 -0.0228192 -0.0236463 -0.00390711 -0.0228065 -0.0235277 -0.00400902 -0.0230293 -0.023641 -0.00390711 -0.0232374 -0.0236698 -0.00390711 -0.0225811 -0.0235705 -0.00400902 -0.0225455 -0.0234416 -0.00409101 -0.0225177 -0.0239793 -0.00350902 -0.0223355 -0.0240132 -0.00365399 -0.0224925 -0.0239247 -0.00365399 -0.0223656 -0.0236494 -0.00400902 -0.0221656 -0.0237621 -0.00400902 -0.0220907 -0.0236513 -0.00409101 -0.0220686 -0.0239924 -0.00390711 -0.0219866 -0.0239057 -0.00400902 -0.0222325 -0.0238609 -0.00390711 -0.0217095 -0.0242697 -0.00400902 -0.021492 -0.0244377 -0.00409101 -0.0215913 -0.0242069 -0.00409101 -0.0213285 -0.0240674 -0.00418769 -0.0212382 -0.0239091 -0.0042 -0.02149 -0.0238151 -0.00418769 -0.0209749 -0.024664 -0.0042 -0.0211376 -0.0246332 -0.00418769 -0.0211133 -0.0249318 -0.00418769 -0.0212882 -0.024658 -0.00415106 -0.0212659 -0.0249318 -0.00415106 -0.0209568 -0.0249318 -0.0042 -0.0218947 -0.0238085 -0.00409101 -0.0221386 -0.0240664 -0.00378779 -0.0222896 -0.0239453 -0.00378779 -0.0226399 -0.0237838 -0.00378779 -0.0224582 -0.0238503 -0.00378779 -0.0224155 -0.0237577 -0.00390711 -0.0220627 -0.0244572 -0.00335643 -0.0220657 -0.0244781 -0.0032 -0.0219976 -0.0246083 -0.00335643 -0.0223692 -0.024063 -0.00350902 -0.0221949 -0.024126 -0.00365399 -0.0219692 -0.0247753 -0.0032 -0.0219579 -0.0247679 -0.00335643 -0.0220057 -0.0246231 -0.0032 -0.0220304 -0.02444 -0.00350902 -0.0221223 -0.0242964 -0.00350902 -0.0221514 -0.0243186 -0.00335643 -0.0219445 -0.0249318 -0.00335643 -0.0219568 -0.0249318 -0.0032 -0.0226128 -0.0236856 -0.00390711 -0.0228301 -0.0237476 -0.00378779 -0.0230236 -0.0237427 -0.00378779 -0.0234381 -0.0237319 -0.00390711 -0.0232153 -0.0237692 -0.00378779 -0.0230156 -0.0238845 -0.00350902 -0.023019 -0.0238246 -0.00365399 -0.0231975 -0.0238493 -0.00365399 -0.0234002 -0.0238264 -0.00378779 -0.0231012 -0.0239317 -0.00334622 -0.0228491 -0.0239253 -0.00335643 -0.023562 -0.0238145 -0.0038842 -0.0235619 -0.0239318 -0.00375593 -0.0234037 -0.0239317 -0.00362418 -0.0232501 -0.0239317 -0.00348762 -0.0227606 -0.0230988 -0.00418769 -0.0230516 -0.0232435 -0.00415106 -0.021924 -0.0234048 -0.00418769 -0.0217763 -0.0233175 -0.0042 -0.0225025 -0.0229841 -0.0042 -0.0224663 -0.0231547 -0.00418769 -0.0227769 -0.0232505 -0.00415106 -0.0227923 -0.0233946 -0.00409101 -0.0228452 -0.0238889 -0.00350902 -0.0228388 -0.0238292 -0.00365399 -0.0229569 -0.0239318 -0.0032 -0.0222461 -0.0230624 -0.0042 -0.0221849 -0.0232577 -0.00418769 -0.0225069 -0.0233018 -0.00415106 -0.0223095 -0.0235279 -0.00409101 -0.0226618 -0.0238628 -0.00365399 -0.0226777 -0.0239207 -0.00350902 -0.0228003 -0.0239442 -0.0032 -0.0226875 -0.023956 -0.00335643 -0.0220028 -0.0231741 -0.0042 -0.0222488 -0.0233962 -0.00415106 -0.0226477 -0.0239808 -0.0032 -0.022533 -0.0240125 -0.00335643 -0.0213546 -0.0243913 -0.00415106 -0.0220095 -0.0235312 -0.00415106 -0.0225026 -0.024041 -0.0032 -0.0223897 -0.0240933 -0.00335643 -0.0211169 -0.0241479 -0.0042 -0.02121 -0.0243425 -0.00418769 -0.0217951 -0.0237031 -0.00415106 -0.0220745 -0.0242601 -0.00365399 -0.0222362 -0.0241696 -0.00350902 -0.0223688 -0.024123 -0.0032 -0.0222614 -0.0241963 -0.00335643 -0.0217268 -0.0239953 -0.00409101 -0.0216114 -0.0239075 -0.00415106 -0.0218332 -0.0240764 -0.00400902 -0.0219282 -0.0241486 -0.00390711 -0.0220093 -0.0242104 -0.00378779 -0.0222495 -0.024225 -0.0032 -0.0214633 -0.0241389 -0.00415106 -0.0218149 -0.0243256 -0.00390711 -0.0219049 -0.0243734 -0.00378779 -0.0219773 -0.0244118 -0.00365399 -0.0221477 -0.0243444 -0.0032 -0.0210286 -0.0244011 -0.0042 -0.0216187 -0.0244804 -0.00400902 -0.0217318 -0.0245186 -0.00390711 -0.0218284 -0.0245511 -0.00378779 -0.021906 -0.0245773 -0.00365399 -0.0219629 -0.0245965 -0.00350902 -0.0219218 -0.024762 -0.00350902 -0.0214313 -0.0246814 -0.00409101 -0.0215633 -0.0247031 -0.00400902 -0.021681 -0.0247224 -0.00390711 -0.0217816 -0.0247389 -0.00378779 -0.0218625 -0.0247522 -0.00365399 -0.0214108 -0.0249318 -0.00409101 -0.0215446 -0.0249318 -0.00400902 -0.021664 -0.0249318 -0.00390711 -0.0217659 -0.0249318 -0.00378779 -0.0218479 -0.0249318 -0.00365399 -0.0219079 -0.0249318 -0.00350902 -0.0219079 -0.0249318 -0.00350902 -0.0219058 -0.0282196 -0.00351494 -0.0218659 -0.0279829 -0.00361643 -0.0219568 -0.0249318 -0.0032 -0.0219512 -0.0286941 -0.00330651 -0.0219445 -0.0249318 -0.00335643 -0.0217506 -0.0275108 -0.00380835 -0.0216747 -0.0272763 -0.00389614 -0.021664 -0.0249318 -0.00390711 -0.0217659 -0.0249318 -0.00378779 -0.0218479 -0.0249318 -0.00365399 -0.0218142 -0.0277465 -0.00371442 -0.021486 -0.026814 -0.00404813 -0.0213728 -0.0265871 -0.00410853 -0.0214108 -0.0249318 -0.00409101 -0.0215446 -0.0249318 -0.00400902 -0.0215866 -0.0270438 -0.00397666 -0.0212466 -0.0263633 -0.00415689 -0.0211079 -0.0261449 -0.0041873 -0.0211133 -0.0249318 -0.00418769 -0.0212659 -0.0249318 -0.00415106 -0.0209568 -0.0259318 -0.0042 -0.0209568 -0.0249318 -0.0042 -0.0219342 -0.0284567 -0.00341149 -0.0219568 -0.0289318 -0.0032 0.0181262 -0.0242247 -0.0003 0.0181262 -0.0242247 0.0019 0.0182455 -0.0241228 0.0019 0.0183793 -0.0240408 0.0019 0.0182455 -0.0241228 -0.0003 0.0185243 -0.0239808 0.0019 0.0183793 -0.0240408 -0.0003 0.0185243 -0.0239808 -0.0003 0.0186769 -0.0239442 0.0019 0.0188333 -0.0239318 0.0019 0.0186769 -0.0239442 -0.0003 0.0188333 -0.0239318 -0.0003 0.0180243 -0.0243441 -0.0003 0.0180243 -0.0243441 0.0019 0.0179423 -0.0244779 -0.0003 0.0178823 -0.0246228 -0.0003 0.0179423 -0.0244779 0.0019 0.0178456 -0.0247754 -0.0003 0.0178823 -0.0246228 0.0019 0.0178456 -0.0247754 0.0019 0.0178333 -0.0249318 -0.0003 0.0178333 -0.0249318 0.0019 0.0169844 -0.0261449 -0.0012873 0.0169898 -0.0249318 -0.00128769 0.0168333 -0.0249318 -0.0013 0.0174632 -0.0270435 -0.00107783 0.0175512 -0.0272759 -0.000997026 0.0175404 -0.0249318 -0.00100711 0.0171424 -0.0249318 -0.00125106 0.017123 -0.026363 -0.00125758 0.0172491 -0.0265862 -0.00121085 0.0177844 -0.0249318 -0.000609017 0.0177425 -0.0279828 -0.000716954 0.0177824 -0.0282196 -0.000615506 0.0177243 -0.0249318 -0.00075399 0.0178107 -0.0284567 -0.000511661 0.017821 -0.0249318 -0.000456434 0.0178333 -0.0249318 -0.0003 0.0178277 -0.0286941 -0.000406512 0.0178333 -0.0289318 -0.0003 0.0176908 -0.0277463 -0.000815286 0.0176271 -0.0275104 -0.000909233 0.0176424 -0.0249318 -0.000887785 0.0174211 -0.0249318 -0.00110902 0.0172873 -0.0249318 -0.00119101 0.0173626 -0.0268138 -0.00114885 0.0168333 -0.0259318 -0.0013 0.0173707 -0.0238096 -0.00128769 0.0175731 -0.0235863 -0.00128769 0.0172894 -0.0236605 -0.0013 0.0195345 -0.0230588 -0.0013 0.019252 -0.0231364 -0.00128769 0.0195388 -0.0232286 -0.00128769 0.0175404 -0.0249318 -0.00100711 0.0175577 -0.0247212 -0.00100711 0.01744 -0.0247018 -0.00110902 0.0174211 -0.0249318 -0.00110902 0.0174961 -0.0244779 -0.00110902 0.0176424 -0.0249318 -0.000887785 0.0177243 -0.0249318 -0.00075399 0.0177844 -0.0249318 -0.000609017 0.0177392 -0.0247512 -0.00075399 0.0176583 -0.0247378 -0.000887785 0.017821 -0.0249318 -0.000456434 0.0178345 -0.0247669 -0.000456434 0.0177984 -0.024761 -0.000609017 0.0178333 -0.0249318 -0.0003 0.0170876 -0.0243393 -0.00128769 0.0169087 -0.0243883 -0.0013 0.0170144 -0.0246315 -0.00128769 0.0171649 -0.0246564 -0.00125106 0.0172873 -0.0249318 -0.00119101 0.017308 -0.02468 -0.00119101 0.0176932 -0.0232887 -0.0013 0.0174784 -0.0234608 -0.0013 0.0171424 -0.0249318 -0.00125106 0.0168524 -0.0246568 -0.0013 0.0169898 -0.0249318 -0.00128769 0.0168333 -0.0249318 -0.0013 0.0176091 -0.0245163 -0.00100711 0.0175879 -0.0242661 -0.00110902 0.0176931 -0.0243224 -0.00100711 0.0177129 -0.0240721 -0.00110902 0.0182505 -0.0236455 -0.00110902 0.018115 -0.0238568 -0.00100711 0.0182997 -0.0237542 -0.00100711 0.0178076 -0.0241448 -0.00100711 0.017868 -0.0239011 -0.00110902 0.0179744 -0.0236464 -0.00119101 0.0180488 -0.0237576 -0.00110902 0.0178885 -0.0242068 -0.000887785 0.0180192 -0.0240626 -0.000887785 0.0179495 -0.0239882 -0.00100711 0.0184987 -0.023683 -0.00100711 0.0186949 -0.0235264 -0.00110902 0.0184678 -0.0235678 -0.00110902 0.0184332 -0.0234385 -0.00119101 0.0181953 -0.0235236 -0.00119101 0.0189344 -0.0233891 -0.00119101 0.0186818 -0.0233933 -0.00119101 0.0196497 -0.023619 -0.00119101 0.0197263 -0.0234959 -0.00125106 0.019425 -0.0235035 -0.00119101 0.0200173 -0.0239318 -0.00119255 0.0199483 -0.0236605 -0.00125106 0.0198527 -0.0237695 -0.00119101 0.0204114 -0.0237031 -0.0013 0.0203785 -0.0239318 -0.0012868 0.0205654 -0.0239318 -0.0013 0.0201949 -0.0239318 -0.00125003 0.0202584 -0.0237623 -0.00128769 0.0200489 -0.0235458 -0.00128769 0.0198069 -0.0233663 -0.00128769 0.0187225 -0.022935 -0.0013 0.0186526 -0.0230972 -0.00128769 0.0189539 -0.0230922 -0.00128769 0.0197848 -0.0231727 -0.0013 0.0177765 -0.0238035 -0.00119101 0.0183756 -0.0239217 -0.00075399 0.0182172 -0.0240098 -0.00075399 0.0182506 -0.0240597 -0.000609017 0.0187341 -0.0239244 -0.000456434 0.0187305 -0.023888 -0.000609017 0.0185713 -0.023954 -0.000456434 0.0170016 -0.024129 -0.0013 0.0172075 -0.0240628 -0.00128769 0.0172321 -0.0243883 -0.00125106 0.0173694 -0.0244349 -0.00119101 0.0177832 -0.0245754 -0.00075399 0.0178747 -0.0246064 -0.000456434 0.0178401 -0.0245947 -0.000609017 0.0177056 -0.024549 -0.000887785 0.0178456 -0.0247754 -0.0003 0.0178823 -0.0246228 -0.0003 0.0171294 -0.0238847 -0.0013 0.017342 -0.0241347 -0.00125106 0.0174699 -0.0242031 -0.00119101 0.0178553 -0.0244091 -0.00075399 0.0179406 -0.0244546 -0.000456434 0.0179082 -0.0244374 -0.000609017 0.017783 -0.0243704 -0.000887785 0.0179423 -0.0244779 -0.0003 0.0189978 -0.0229387 -0.0013 0.0192703 -0.0229802 -0.0013 0.0174918 -0.0239024 -0.00125106 0.0176068 -0.0239907 -0.00119101 0.0179535 -0.0242567 -0.00075399 0.0180302 -0.0243156 -0.000456434 0.0180012 -0.0242933 -0.000609017 0.0180243 -0.0243441 -0.0003 0.0178091 -0.023399 -0.00128769 0.0176774 -0.0236977 -0.00125106 0.0180752 -0.0241224 -0.00075399 0.0181413 -0.024193 -0.000456434 0.0181163 -0.0241663 -0.000609017 0.0181262 -0.0242247 -0.0003 0.0179298 -0.0231476 -0.0013 0.0180725 -0.0232526 -0.00128769 0.0178939 -0.0235258 -0.00125106 0.0181717 -0.0239416 -0.000887785 0.0185618 -0.0239186 -0.000609017 0.0184155 -0.0240098 -0.000456434 0.0182709 -0.0240901 -0.000456434 0.0182455 -0.0241228 -0.0003 0.0181838 -0.0230403 -0.0013 0.0183562 -0.0231511 -0.00128769 0.0181355 -0.0233916 -0.00125106 0.0183418 -0.023847 -0.000887785 0.0184004 -0.0239764 -0.000609017 0.0183793 -0.0240408 -0.0003 0.0184496 -0.022969 -0.0013 0.0183957 -0.0232985 -0.00125106 0.0185251 -0.0237814 -0.000887785 0.0185463 -0.0238606 -0.00075399 0.0185243 -0.0239808 -0.0003 0.0202275 -0.0234979 -0.0013 0.0200172 -0.02332 -0.0013 0.0186676 -0.023249 -0.00125106 0.0187066 -0.0236452 -0.00100711 0.0187166 -0.0237466 -0.000887785 0.0187246 -0.0238282 -0.00075399 0.0189059 -0.0238252 -0.00075399 0.0186769 -0.0239442 -0.0003 0.0189257 -0.0235227 -0.00110902 0.0189439 -0.0232445 -0.00125106 0.0189179 -0.0236417 -0.00100711 0.0189112 -0.0237434 -0.000887785 0.0191038 -0.023772 -0.000887785 0.0189019 -0.0238851 -0.000609017 0.0188333 -0.0239318 -0.0003 0.0188995 -0.0239217 -0.000456434 0.0191844 -0.0234262 -0.00119101 0.0192173 -0.023285 -0.00125106 0.019154 -0.0235565 -0.00110902 0.0191269 -0.0236727 -0.00100711 0.0193281 -0.0237374 -0.00100711 0.0189654 -0.0239318 -0.000431833 0.0190852 -0.0238518 -0.00075399 0.0190998 -0.0239318 -0.000561286 0.0193738 -0.0236271 -0.00110902 0.0194804 -0.0233696 -0.00125106 0.0195791 -0.0237326 -0.00110902 0.0192891 -0.0238315 -0.000887785 0.0192369 -0.0239318 -0.000687806 0.0195161 -0.0238339 -0.00100711 0.0195273 -0.0239318 -0.000921673 0.0193789 -0.0239318 -0.00080859 0.0198466 -0.0239318 -0.00111692 0.0196829 -0.0239318 -0.00102531 0.0182453 0.0172593 -0.0003 0.0181262 0.017361 0.0019 0.018126 0.0173613 -0.0003 0.0182455 0.0172591 0.0019 0.0183791 0.0171773 -0.0003 0.0183793 0.0171771 0.0019 0.0185242 0.0171172 -0.0003 0.0185243 0.0171171 0.0019 0.0186768 0.0170805 -0.0003 0.0186769 0.0170805 0.0019 0.0188333 0.0170682 -0.0003 0.0188333 0.0170682 0.0019 0.0180243 0.0174804 0.0019 0.0180241 0.0174807 -0.0003 0.0179423 0.0176142 0.0019 0.0178823 0.0177591 0.0019 0.0179422 0.0176145 -0.0003 0.0178456 0.0179117 0.0019 0.0178822 0.0177594 -0.0003 0.0178457 0.0179116 -0.0003 0.0178333 0.0180682 0.0019 0.0178333 0.0180682 -0.0003 0.0185251 0.0169178 -0.000887785 0.0184987 0.0168193 -0.00100711 0.0187166 0.0168829 -0.000887785 0.0195791 0.0168689 -0.00110902 0.0193738 0.0167634 -0.00110902 0.019425 0.0166398 -0.00119101 0.0182172 0.0171461 -0.00075399 0.0183756 0.017058 -0.00075399 0.0184004 0.0171127 -0.000609017 0.0178345 0.0179033 -0.000456434 0.0178747 0.0177428 -0.000456434 0.0178822 0.0177594 -0.0003 0.0179406 0.017591 -0.000456434 0.0179422 0.0176145 -0.0003 0.0178457 0.0179116 -0.0003 0.0182506 0.017196 -0.000609017 0.0180752 0.0172587 -0.00075399 0.0179082 0.0175737 -0.000609017 0.0180012 0.0174296 -0.000609017 0.0180302 0.0174519 -0.000456434 0.0183418 0.0169833 -0.000887785 0.0182997 0.0168905 -0.00100711 0.0180192 0.0171989 -0.000887785 0.0181717 0.0170779 -0.000887785 0.0181953 0.01666 -0.00119101 0.0184678 0.0167041 -0.00110902 0.0182505 0.0167818 -0.00110902 0.018115 0.0169932 -0.00100711 0.0179495 0.0171245 -0.00100711 0.017868 0.0170374 -0.00110902 0.0172896 0.0167966 -0.0013 0.0175731 0.0167226 -0.00128769 0.0173707 0.0169459 -0.00128769 0.0180488 0.0168939 -0.00110902 0.0179744 0.0167827 -0.00119101 0.0171649 0.0177927 -0.00125106 0.0171424 0.0180682 -0.00125106 0.0169898 0.0180682 -0.00128769 0.0175879 0.0174024 -0.00110902 0.0173694 0.0175712 -0.00119101 0.0174699 0.0173394 -0.00119101 0.0168524 0.0177931 -0.0013 0.0168333 0.0180682 -0.0013 0.0170144 0.0177678 -0.00128769 0.0172075 0.0171991 -0.00128769 0.0171298 0.0170205 -0.0013 0.0178333 0.0180682 -0.0003 0.017821 0.0180682 -0.000456434 0.0184332 0.0165748 -0.00119101 0.0186949 0.0166627 -0.00110902 0.0187066 0.0167815 -0.00100711 0.0189179 0.016778 -0.00100711 0.0191269 0.016809 -0.00100711 0.0189257 0.016659 -0.00110902 0.0189112 0.0168797 -0.000887785 0.0191844 0.0165625 -0.00119101 0.019154 0.0166928 -0.00110902 0.0189344 0.0165255 -0.00119101 0.0191038 0.0169083 -0.000887785 0.0193281 0.0168737 -0.00100711 0.0189019 0.0170215 -0.000609017 0.0189059 0.0169615 -0.00075399 0.0190852 0.0169881 -0.00075399 0.0189654 0.0170682 -0.000431833 0.0187341 0.0170607 -0.000456434 0.0192366 0.0170682 -0.000688178 0.0192891 0.0169678 -0.000887785 0.0195161 0.0169702 -0.00100711 0.0198527 0.0169058 -0.00119101 0.0196497 0.0167553 -0.00119101 0.0179309 0.0162834 -0.0013 0.0180725 0.0163889 -0.00128769 0.0178091 0.0165353 -0.00128769 0.0200173 0.0170682 -0.00119309 0.0198466 0.0170682 -0.00111722 0.0195388 0.0163649 -0.00128769 0.019252 0.0162727 -0.00128769 0.0195348 0.0161952 -0.0013 0.0200489 0.0166821 -0.00128769 0.0198069 0.0165026 -0.00128769 0.0200182 0.016457 -0.0013 0.0202584 0.0168986 -0.00128769 0.0202284 0.0166351 -0.0013 0.0201956 0.0170682 -0.00125091 0.0203785 0.0170682 -0.0012868 0.0192713 0.0161167 -0.0013 0.0189992 0.0160751 -0.0013 0.0205654 0.0170682 -0.0013 0.0204114 0.0168395 -0.0013 0.0199483 0.0167968 -0.00125106 0.0197855 0.0163093 -0.0013 0.0197263 0.0166322 -0.00125106 0.0196831 0.0170682 -0.00102621 0.0176943 0.0164243 -0.0013 0.0174791 0.0165964 -0.0013 0.0194804 0.0165059 -0.00125106 0.019527 0.0170682 -0.000922371 0.0193787 0.0170682 -0.000808796 0.0189539 0.0162285 -0.00128769 0.0192173 0.0164213 -0.00125106 0.0187237 0.0160712 -0.0013 0.0186526 0.0162335 -0.00128769 0.0189439 0.0163808 -0.00125106 0.0190993 0.0170682 -0.000561923 0.0184501 0.0161052 -0.0013 0.0183562 0.0162874 -0.00128769 0.0186676 0.0163853 -0.00125106 0.0186818 0.0165296 -0.00119101 0.0187305 0.0170243 -0.000609017 0.0187246 0.0169645 -0.00075399 0.0188333 0.0170682 -0.0003 0.0181842 0.0161765 -0.0013 0.0183957 0.0164348 -0.00125106 0.0177765 0.0169398 -0.00119101 0.0185618 0.017055 -0.000609017 0.0186768 0.0170805 -0.0003 0.0185713 0.0170903 -0.000456434 0.0185463 0.0169969 -0.00075399 0.0172321 0.0175246 -0.00125106 0.0181355 0.0165279 -0.00125106 0.0185242 0.0171172 -0.0003 0.0184155 0.0171461 -0.000456434 0.0178939 0.0166622 -0.00125106 0.0183791 0.0171773 -0.0003 0.0182709 0.0172264 -0.000456434 0.0170021 0.0172642 -0.0013 0.0170876 0.0174756 -0.00128769 0.0176774 0.016834 -0.00125106 0.0179535 0.017393 -0.00075399 0.0181163 0.0173026 -0.000609017 0.0182453 0.0172593 -0.0003 0.0181413 0.0173293 -0.000456434 0.0176068 0.017127 -0.00119101 0.0174918 0.0170387 -0.00125106 0.0177129 0.0172085 -0.00110902 0.0178076 0.0172811 -0.00100711 0.0178885 0.0173431 -0.000887785 0.018126 0.0173613 -0.0003 0.017342 0.017271 -0.00125106 0.0176931 0.0174587 -0.00100711 0.017783 0.0175067 -0.000887785 0.0178553 0.0175454 -0.00075399 0.0180241 0.0174807 -0.0003 0.016909 0.0175234 -0.0013 0.0174961 0.0176142 -0.00110902 0.0176091 0.0176526 -0.00100711 0.0177056 0.0176853 -0.000887785 0.0177832 0.0177117 -0.00075399 0.0178401 0.017731 -0.000609017 0.0177984 0.0178973 -0.000609017 0.017308 0.0178163 -0.00119101 0.01744 0.0178381 -0.00110902 0.0175577 0.0178575 -0.00100711 0.0176583 0.0178741 -0.000887785 0.0177392 0.0178875 -0.00075399 0.0172873 0.0180682 -0.00119101 0.0174211 0.0180682 -0.00110902 0.0175404 0.0180682 -0.00100711 0.0176424 0.0180682 -0.000887785 0.0177243 0.0180682 -0.00075399 0.0177844 0.0180682 -0.000609017 0.0177844 0.0180682 -0.000609017 0.0177823 0.0213559 -0.000614938 0.0177424 0.0211192 -0.000716427 0.0178333 0.0180682 -0.0003 0.0178277 0.0218304 -0.000406512 0.017821 0.0180682 -0.000456434 0.0176271 0.0206471 -0.000908348 0.0175512 0.0204126 -0.000996142 0.0175404 0.0180682 -0.00100711 0.0176424 0.0180682 -0.000887785 0.0177243 0.0180682 -0.00075399 0.0176907 0.0208828 -0.000814424 0.0173625 0.0199503 -0.00114813 0.0172493 0.0197234 -0.00120853 0.0172873 0.0180682 -0.00119101 0.0174211 0.0180682 -0.00110902 0.017463 0.0201801 -0.00107666 0.017123 0.0194996 -0.00125689 0.0169844 0.0192812 -0.0012873 0.0169898 0.0180682 -0.00128769 0.0171424 0.0180682 -0.00125106 0.0168333 0.0190682 -0.0013 0.0168333 0.0180682 -0.0013 0.0178107 0.021593 -0.000511491 0.0178333 0.0220682 -0.0003 -0.0223691 0.0172591 -0.0003 -0.0222497 0.017361 -0.0003 -0.0223691 0.0172591 0.0019 -0.0226478 0.0171171 0.0019 -0.0228004 0.0170805 0.0019 -0.0226478 0.0171171 -0.0003 -0.0225029 0.0171771 -0.0003 -0.0225029 0.0171771 0.0019 -0.0228004 0.0170805 -0.0003 -0.0229569 0.0170682 0.0019 -0.0229569 0.0170682 -0.0003 -0.0222497 0.017361 0.0019 -0.0221478 0.0174804 -0.0003 -0.0221478 0.0174804 0.0019 -0.0220658 0.0176142 -0.0003 -0.0220058 0.0177591 -0.0003 -0.0220658 0.0176142 0.0019 -0.0219692 0.0179117 -0.0003 -0.0220058 0.0177591 0.0019 -0.0219692 0.0179117 0.0019 -0.0219568 0.0180682 -0.0003 -0.0219568 0.0180682 0.0019 -0.0211079 0.0192812 -0.0012873 -0.0211133 0.0180682 -0.00128769 -0.0209568 0.0180682 -0.0013 -0.0215867 0.0201798 -0.00107783 -0.0216747 0.0204122 -0.000997026 -0.021664 0.0180682 -0.00100711 -0.0212659 0.0180682 -0.00125106 -0.0212465 0.0194993 -0.00125758 -0.0213726 0.0197225 -0.00121085 -0.0219079 0.0180682 -0.000609017 -0.021866 0.0211191 -0.000716954 -0.0219059 0.0213559 -0.000615506 -0.0218479 0.0180682 -0.00075399 -0.0219343 0.021593 -0.000511661 -0.0219445 0.0180682 -0.000456434 -0.0219568 0.0180682 -0.0003 -0.0219512 0.0218304 -0.000406512 -0.0219568 0.0220682 -0.0003 -0.0218144 0.0208826 -0.000815286 -0.0217506 0.0206467 -0.000909233 -0.0217659 0.0180682 -0.000887785 -0.0215446 0.0180682 -0.00110902 -0.0214108 0.0180682 -0.00119101 -0.0214862 0.0199501 -0.00114885 -0.0209568 0.0190682 -0.0013 -0.0214943 0.0169459 -0.00128769 -0.0216966 0.0167226 -0.00128769 -0.0214129 0.0167969 -0.0013 -0.023658 0.0161951 -0.0013 -0.0233755 0.0162727 -0.00128769 -0.0236624 0.0163649 -0.00128769 -0.021664 0.0180682 -0.00100711 -0.0216812 0.0178575 -0.00100711 -0.0215635 0.0178381 -0.00110902 -0.0215446 0.0180682 -0.00110902 -0.0216196 0.0176142 -0.00110902 -0.0217659 0.0180682 -0.000887785 -0.0218479 0.0180682 -0.00075399 -0.0219079 0.0180682 -0.000609017 -0.0218627 0.0178875 -0.00075399 -0.0217818 0.0178741 -0.000887785 -0.0219445 0.0180682 -0.000456434 -0.0219581 0.0179033 -0.000456434 -0.0219219 0.0178973 -0.000609017 -0.0219568 0.0180682 -0.0003 -0.0212111 0.0174756 -0.00128769 -0.0210322 0.0175246 -0.0013 -0.0211379 0.0177678 -0.00128769 -0.0212885 0.0177927 -0.00125106 -0.0214108 0.0180682 -0.00119101 -0.0214315 0.0178163 -0.00119101 -0.0218167 0.016425 -0.0013 -0.0216019 0.0165971 -0.0013 -0.0212659 0.0180682 -0.00125106 -0.0209759 0.0177931 -0.0013 -0.0211133 0.0180682 -0.00128769 -0.0209568 0.0180682 -0.0013 -0.0217326 0.0176526 -0.00100711 -0.0217114 0.0174024 -0.00110902 -0.0218166 0.0174587 -0.00100711 -0.0218365 0.0172085 -0.00110902 -0.022374 0.0167818 -0.00110902 -0.0222386 0.0169932 -0.00100711 -0.0224233 0.0168905 -0.00100711 -0.0219311 0.0172811 -0.00100711 -0.0219915 0.0170374 -0.00110902 -0.0220979 0.0167827 -0.00119101 -0.0221723 0.0168939 -0.00110902 -0.022012 0.0173431 -0.000887785 -0.0221427 0.0171989 -0.000887785 -0.022073 0.0171245 -0.00100711 -0.0226222 0.0168193 -0.00100711 -0.0228184 0.0166627 -0.00110902 -0.0225913 0.0167041 -0.00110902 -0.0225567 0.0165748 -0.00119101 -0.0223188 0.01666 -0.00119101 -0.023058 0.0165255 -0.00119101 -0.0228053 0.0165296 -0.00119101 -0.0237732 0.0167553 -0.00119101 -0.0238498 0.0166322 -0.00125106 -0.0235485 0.0166398 -0.00119101 -0.0241408 0.0170682 -0.00119255 -0.0240718 0.0167968 -0.00125106 -0.0239762 0.0169058 -0.00119101 -0.0245349 0.0168395 -0.0013 -0.0245021 0.0170682 -0.0012868 -0.0246889 0.0170682 -0.0013 -0.0243184 0.0170682 -0.00125003 -0.0243819 0.0168986 -0.00128769 -0.0241724 0.0166821 -0.00128769 -0.0239304 0.0165026 -0.00128769 -0.022846 0.0160713 -0.0013 -0.0227761 0.0162335 -0.00128769 -0.0230774 0.0162285 -0.00128769 -0.0239083 0.016309 -0.0013 -0.0219 0.0169398 -0.00119101 -0.0224992 0.017058 -0.00075399 -0.0223407 0.0171461 -0.00075399 -0.0223741 0.017196 -0.000609017 -0.0228576 0.0170607 -0.000456434 -0.022854 0.0170243 -0.000609017 -0.0226948 0.0170903 -0.000456434 -0.0211251 0.0172653 -0.0013 -0.021331 0.0171991 -0.00128769 -0.0213556 0.0175246 -0.00125106 -0.0214929 0.0175712 -0.00119101 -0.0219067 0.0177117 -0.00075399 -0.0219983 0.0177428 -0.000456434 -0.0219636 0.017731 -0.000609017 -0.0218291 0.0176853 -0.000887785 -0.0219692 0.0179117 -0.0003 -0.0220058 0.0177591 -0.0003 -0.0212529 0.017021 -0.0013 -0.0214655 0.017271 -0.00125106 -0.0215934 0.0173394 -0.00119101 -0.0219788 0.0175454 -0.00075399 -0.0220641 0.017591 -0.000456434 -0.0220318 0.0175737 -0.000609017 -0.0219065 0.0175067 -0.000887785 -0.0220658 0.0176142 -0.0003 -0.0231214 0.016075 -0.0013 -0.0233938 0.0161165 -0.0013 -0.0216153 0.0170387 -0.00125106 -0.0217303 0.017127 -0.00119101 -0.022077 0.017393 -0.00075399 -0.0221537 0.0174519 -0.000456434 -0.0221247 0.0174296 -0.000609017 -0.0221478 0.0174804 -0.0003 -0.0219326 0.0165353 -0.00128769 -0.0218009 0.016834 -0.00125106 -0.0221987 0.0172587 -0.00075399 -0.0222648 0.0173293 -0.000456434 -0.0222398 0.0173026 -0.000609017 -0.0222497 0.017361 -0.0003 -0.0220533 0.0162839 -0.0013 -0.022196 0.0163889 -0.00128769 -0.0220174 0.0166622 -0.00125106 -0.0222952 0.0170779 -0.000887785 -0.0226854 0.017055 -0.000609017 -0.0225391 0.0171461 -0.000456434 -0.0223944 0.0172264 -0.000456434 -0.0223691 0.0172591 -0.0003 -0.0223073 0.0161766 -0.0013 -0.0224797 0.0162874 -0.00128769 -0.022259 0.0165279 -0.00125106 -0.0224653 0.0169833 -0.000887785 -0.0225239 0.0171127 -0.000609017 -0.0225029 0.0171771 -0.0003 -0.0225731 0.0161053 -0.0013 -0.0225192 0.0164348 -0.00125106 -0.0226486 0.0169178 -0.000887785 -0.0226698 0.0169969 -0.00075399 -0.0226478 0.0171171 -0.0003 -0.024351 0.0166342 -0.0013 -0.0241407 0.0164563 -0.0013 -0.0227911 0.0163853 -0.00125106 -0.0228301 0.0167815 -0.00100711 -0.0228401 0.0168829 -0.000887785 -0.0228481 0.0169645 -0.00075399 -0.0230294 0.0169615 -0.00075399 -0.0228004 0.0170805 -0.0003 -0.0230492 0.016659 -0.00110902 -0.0230674 0.0163808 -0.00125106 -0.0230414 0.016778 -0.00100711 -0.0230347 0.0168797 -0.000887785 -0.0232273 0.0169083 -0.000887785 -0.0230255 0.0170215 -0.000609017 -0.0229569 0.0170682 -0.0003 -0.0230231 0.017058 -0.000456434 -0.0233079 0.0165625 -0.00119101 -0.0233408 0.0164213 -0.00125106 -0.0232775 0.0166928 -0.00110902 -0.0232504 0.016809 -0.00100711 -0.0234516 0.0168737 -0.00100711 -0.0230889 0.0170682 -0.000431833 -0.0232087 0.0169881 -0.00075399 -0.0232233 0.0170682 -0.000561286 -0.0234973 0.0167634 -0.00110902 -0.023604 0.0165059 -0.00125106 -0.0237026 0.0168689 -0.00110902 -0.0234126 0.0169678 -0.000887785 -0.0233604 0.0170682 -0.000687806 -0.0236396 0.0169702 -0.00100711 -0.0236508 0.0170682 -0.000921673 -0.0235024 0.0170682 -0.00080859 -0.0239701 0.0170682 -0.00111692 -0.0238064 0.0170682 -0.00102531 0.0182455 0.0246675 -0.0062 0.0181262 0.0245656 -0.0062 0.0182455 0.0246675 0.0019 0.0183793 0.0247495 0.0019 0.0183793 0.0247495 -0.0062 0.0185243 0.0248096 0.0019 0.0185243 0.0248096 -0.0062 0.0186769 0.0248462 0.0019 0.0186769 0.0248462 -0.0062 0.0188333 0.0248585 0.0019 0.0188333 0.0248585 -0.0062 0.0181262 0.0245656 0.0019 0.0180243 0.0244463 -0.0062 0.0180243 0.0244463 0.0019 0.0179423 0.0243125 -0.0062 0.0178823 0.0241675 -0.0062 0.0179423 0.0243125 0.0019 0.0178456 0.024015 -0.0062 0.0178823 0.0241675 0.0019 0.0178456 0.024015 0.0019 0.0178333 0.0238585 -0.0062 0.0178333 0.0238585 0.0019 0.0276454 0.017361 -0.0013 0.0276454 0.017361 0.0019 0.0275261 0.0172591 0.0019 0.0273923 0.0171771 0.0019 0.0275261 0.0172591 -0.0013 0.0272474 0.0171171 0.0019 0.0273923 0.0171771 -0.0013 0.0272474 0.0171171 -0.0013 0.0270948 0.0170805 0.0019 0.0269383 0.0170682 0.0019 0.0270948 0.0170805 -0.0013 0.0269383 0.0170682 -0.0013 0.0277474 0.0174804 -0.0013 0.0277474 0.0174804 0.0019 0.0278293 0.0176142 -0.0013 0.0278894 0.0177591 -0.0013 0.0278293 0.0176142 0.0019 0.027926 0.0179117 -0.0013 0.0278894 0.0177591 0.0019 0.027926 0.0179117 0.0019 0.0279383 0.0180682 -0.0013 0.0279383 0.0180682 0.0019 -0.0223691 -0.0315312 0.0019 -0.0223691 -0.0315312 -0.0062 -0.0222497 -0.0314293 -0.0062 -0.0222497 -0.0314293 0.0019 -0.0225029 -0.0316132 0.0019 -0.0226478 -0.0316733 0.0019 -0.0225029 -0.0316132 -0.0062 -0.0226478 -0.0316733 -0.0062 -0.0228004 -0.0317099 0.0019 -0.0229569 -0.0317222 0.0019 -0.0228004 -0.0317099 -0.0062 -0.0229569 -0.0317222 -0.0062 -0.0221478 -0.03131 -0.0062 -0.0221478 -0.03131 0.0019 -0.0220658 -0.0311762 -0.0062 -0.0220058 -0.0310312 -0.0062 -0.0220658 -0.0311762 0.0019 -0.0219692 -0.0308786 -0.0062 -0.0220058 -0.0310312 0.0019 -0.0219692 -0.0308786 0.0019 -0.0219568 -0.0307222 -0.0062 -0.0219568 -0.0307222 0.0019 0.0276454 -0.0242247 0.0019 0.0276454 -0.0242247 -0.0013 0.0275261 -0.0241228 -0.0013 0.0273923 -0.0240408 -0.0013 0.0275261 -0.0241228 0.0019 0.0272474 -0.0239808 -0.0013 0.0273923 -0.0240408 0.0019 0.0272474 -0.0239808 0.0019 0.0270948 -0.0239442 -0.0013 0.0269383 -0.0239318 -0.0013 0.0270948 -0.0239442 0.0019 0.0269383 -0.0239318 0.0019 0.0277474 -0.0243441 0.0019 0.0277474 -0.0243441 -0.0013 0.0278293 -0.0244779 0.0019 0.0278894 -0.0246228 0.0019 0.0278293 -0.0244779 -0.0013 0.027926 -0.0247754 0.0019 0.0278894 -0.0246228 -0.0013 0.027926 -0.0247754 -0.0013 0.0279383 -0.0249318 0.0019 0.0279383 -0.0249318 -0.0013 0.0181262 -0.0314293 -0.0062 0.0181262 -0.0314293 0.0019 0.0180243 -0.03131 0.0019 0.0179423 -0.0311762 0.0019 0.0180243 -0.03131 -0.0062 0.0178823 -0.0310312 0.0019 0.0179423 -0.0311762 -0.0062 0.0178823 -0.0310312 -0.0062 0.0178456 -0.0308786 0.0019 0.0178333 -0.0307222 0.0019 0.0178456 -0.0308786 -0.0062 0.0178333 -0.0307222 -0.0062 0.0182455 -0.0315312 -0.0062 0.0182455 -0.0315312 0.0019 0.0183793 -0.0316132 -0.0062 0.0185243 -0.0316733 -0.0062 0.0183793 -0.0316132 0.0019 0.0186769 -0.0317099 -0.0062 0.0185243 -0.0316733 0.0019 0.0186769 -0.0317099 0.0019 0.0188333 -0.0317222 -0.0062 0.0188333 -0.0317222 0.0019 -0.0222497 0.0245656 -0.0062 -0.0222497 0.0245656 0.0019 -0.0221478 0.0244463 0.0019 -0.0220658 0.0243125 0.0019 -0.0221478 0.0244463 -0.0062 -0.0220058 0.0241675 0.0019 -0.0220658 0.0243125 -0.0062 -0.0220058 0.0241675 -0.0062 -0.0219692 0.024015 0.0019 -0.0219568 0.0238585 0.0019 -0.0219692 0.024015 -0.0062 -0.0219568 0.0238585 -0.0062 -0.0223691 0.0246675 -0.0062 -0.0223691 0.0246675 0.0019 -0.0225029 0.0247495 -0.0062 -0.0226478 0.0248096 -0.0062 -0.0225029 0.0247495 0.0019 -0.0228004 0.0248462 -0.0062 -0.0226478 0.0248096 0.0019 -0.0228004 0.0248462 0.0019 -0.0229569 0.0248585 -0.0062 -0.0229569 0.0248585 0.0019 -0.0322691 0.017361 0.0019 -0.0322691 0.017361 -0.0013 -0.0321498 0.0172591 -0.0013 -0.032016 0.0171771 -0.0013 -0.0321498 0.0172591 0.0019 -0.0318711 0.0171171 -0.0013 -0.032016 0.0171771 0.0019 -0.0318711 0.0171171 0.0019 -0.0317185 0.0170805 -0.0013 -0.031562 0.0170682 -0.0013 -0.0317185 0.0170805 0.0019 -0.031562 0.0170682 0.0019 -0.0323711 0.0174804 0.0019 -0.0323711 0.0174804 -0.0013 -0.032453 0.0176142 0.0019 -0.0325131 0.0177591 0.0019 -0.032453 0.0176142 -0.0013 -0.0325497 0.0179117 0.0019 -0.0325131 0.0177591 -0.0013 -0.0325497 0.0179117 -0.0013 -0.032562 0.0180682 0.0019 -0.032562 0.0180682 -0.0013 -0.0322691 -0.0242247 -0.0013 -0.0322691 -0.0242247 0.0019 -0.0321498 -0.0241228 0.0019 -0.032016 -0.0240408 0.0019 -0.0321498 -0.0241228 -0.0013 -0.0318711 -0.0239808 0.0019 -0.032016 -0.0240408 -0.0013 -0.0318711 -0.0239808 -0.0013 -0.0317185 -0.0239442 0.0019 -0.031562 -0.0239318 0.0019 -0.0317185 -0.0239442 -0.0013 -0.031562 -0.0239318 -0.0013 -0.0323711 -0.0243441 -0.0013 -0.0323711 -0.0243441 0.0019 -0.032453 -0.0244779 -0.0013 -0.0325131 -0.0246228 -0.0013 -0.032453 -0.0244779 0.0019 -0.0325497 -0.0247754 -0.0013 -0.0325131 -0.0246228 0.0019 -0.0325497 -0.0247754 0.0019 -0.032562 -0.0249318 -0.0013 -0.032562 -0.0249318 0.0019 0.0234104 -0.0270991 -0.00535 0.0244318 -0.0263783 -0.00535 0.0245908 -0.0266413 -0.00535 0.0214289 -0.0254428 -0.00535 0.0217226 -0.0253513 -0.00535 0.0218486 -0.0266208 -0.00535 0.0214745 -0.0268512 -0.00535 0.0206423 -0.0259184 -0.00535 0.0208842 -0.0257289 -0.00535 0.0220252 -0.0252958 -0.00535 0.0222782 -0.0265282 -0.00535 0.0220595 -0.0265562 -0.00535 0.0216517 -0.02672 -0.00535 0.0211477 -0.0255695 -0.00535 0.0204243 -0.0261365 -0.00535 0.0213219 -0.0270103 -0.00535 0.0223328 -0.025277 -0.00535 0.0224985 -0.0265376 -0.00535 0.0211984 -0.027193 -0.00535 0.0202343 -0.0263792 -0.00535 0.0226406 -0.0252956 -0.00535 0.0229428 -0.025351 -0.00535 0.0211076 -0.027394 -0.00535 0.019949 -0.026923 -0.00535 0.022714 -0.026584 -0.00535 0.0232369 -0.0254425 -0.00535 0.0229186 -0.0266662 -0.00535 0.021052 -0.0276073 -0.00535 0.0198573 -0.0272175 -0.00535 0.0197833 -0.027827 -0.00535 0.0210333 -0.027827 -0.00535 0.019802 -0.0281349 -0.00535 0.0237814 -0.0257281 -0.00535 0.0235182 -0.025569 -0.00535 0.0235914 -0.0274995 -0.00535 0.0248092 -0.0272166 -0.00535 0.0248646 -0.0275191 -0.00535 0.0247174 -0.0269222 -0.00535 0.0235179 -0.0272916 -0.00535 0.0200756 -0.0290123 -0.00535 0.0211984 -0.028461 -0.00535 0.0202352 -0.0292762 -0.00535 0.0214745 -0.0288029 -0.00535 0.0206424 -0.0297358 -0.00535 0.0204251 -0.0295185 -0.00535 0.0232719 -0.0287266 -0.00535 0.0242424 -0.0295175 -0.00535 0.0240248 -0.0297352 -0.00535 0.021149 -0.0300853 -0.00535 0.0208853 -0.0299259 -0.00535 0.0216517 -0.028934 -0.00535 0.0237822 -0.0299254 -0.00535 0.0229186 -0.0289878 -0.00535 0.0231064 -0.0288722 -0.00535 0.0222782 -0.0291259 -0.00535 0.0220267 -0.0303585 -0.00535 0.0220595 -0.0290979 -0.00535 0.0235187 -0.0300847 -0.00535 0.0232383 -0.030211 -0.00535 0.0224985 -0.0291165 -0.00535 0.0226408 -0.0303584 -0.00535 0.022334 -0.030377 -0.00535 0.0229442 -0.0303028 -0.00535 0.022714 -0.02907 -0.00535 0.0218486 -0.0290333 -0.00535 0.0214295 -0.0302114 -0.00535 0.0217234 -0.030303 -0.00535 0.0234104 -0.028555 -0.00535 0.024432 -0.0292755 -0.00535 0.0245915 -0.0290115 -0.00535 0.0235179 -0.0283625 -0.00535 0.0247178 -0.0287305 -0.00535 0.0235914 -0.0281546 -0.00535 0.0248093 -0.028437 -0.00535 0.0213219 -0.0286437 -0.00535 0.0236287 -0.0279373 -0.00535 0.0248648 -0.028134 -0.00535 0.0248833 -0.0278263 -0.00535 0.0236287 -0.0277168 -0.00535 0.0211076 -0.0282601 -0.00535 0.0199492 -0.0287317 -0.00535 0.0198577 -0.028438 -0.00535 0.021052 -0.0280467 -0.00535 0.0232719 -0.0269275 -0.00535 0.0242417 -0.0261357 -0.00535 0.0240237 -0.0259178 -0.00535 0.0231064 -0.0267818 -0.00535 0.019802 -0.0275191 -0.00535 0.0200752 -0.0266425 -0.00535 0.0232381 0.0185889 -0.00535 0.0226525 0.0197031 -0.00535 0.0228555 0.0197728 -0.00535 0.0233592 0.0217618 -0.00535 0.0242415 0.0226644 -0.00535 0.0244316 0.022422 -0.00535 0.023519 0.0187154 -0.00535 0.0230444 0.019875 -0.00535 0.0226413 0.0184417 -0.00535 0.0224407 0.0196678 -0.00535 0.022226 0.0196678 -0.00535 0.0220264 0.0184415 -0.00535 0.0220142 0.0197031 -0.00535 0.0223341 0.018423 -0.00535 0.0232138 0.0200069 -0.00535 0.0237822 0.0188747 -0.00535 0.0217232 0.0184971 -0.00535 0.0214298 0.0185885 -0.00535 0.0233592 0.0201649 -0.00535 0.0242424 0.0192825 -0.00535 0.0234767 0.0203446 -0.00535 0.0244323 0.019525 -0.00535 0.0211489 0.0187148 -0.00535 0.0218111 0.0197728 -0.00535 0.0235629 0.0205412 -0.00535 0.0247177 0.0200691 -0.00535 0.0216223 0.019875 -0.00535 0.0236156 0.0207494 -0.00535 0.0248094 0.0203634 -0.00535 0.020885 0.0188742 -0.00535 0.0214529 0.0200069 -0.00535 0.0204252 0.0192815 -0.00535 0.0202351 0.0195239 -0.00535 0.0213075 0.0201649 -0.00535 0.0206427 0.0190641 -0.00535 0.0198577 0.020362 -0.00535 0.019802 0.0206651 -0.00535 0.0210511 0.0207494 -0.00535 0.0236333 0.0209633 -0.00535 0.0236156 0.0211773 -0.00535 0.0248647 0.0212808 -0.00535 0.0198573 0.0215825 -0.00535 0.0210511 0.0211773 -0.00535 0.019802 0.0212808 -0.00535 0.0235629 0.0213854 -0.00535 0.0234767 0.0215821 -0.00535 0.0247174 0.0218777 -0.00535 0.02119 0.0215821 -0.00535 0.0200753 0.0221578 -0.00535 0.0202344 0.0224209 -0.00535 0.0206422 0.0228815 -0.00535 0.0216223 0.0220517 -0.00535 0.0214529 0.0219198 -0.00535 0.024024 0.0228819 -0.00535 0.0230444 0.0220517 -0.00535 0.0237817 0.0230717 -0.00535 0.0211477 0.0232305 -0.00535 0.0214286 0.0233571 -0.00535 0.0218111 0.0221538 -0.00535 0.0220254 0.0235042 -0.00535 0.0223326 0.0235229 -0.00535 0.022226 0.0222589 -0.00535 0.0226403 0.0235044 -0.00535 0.0224407 0.0222589 -0.00535 0.0220142 0.0222236 -0.00535 0.021723 0.0234489 -0.00535 0.0229435 0.0234489 -0.00535 0.0232369 0.0233575 -0.00535 0.0226525 0.0222236 -0.00535 0.0235178 0.0232312 -0.00535 0.0228555 0.0221538 -0.00535 0.0208844 0.0230713 -0.00535 0.0213075 0.0217618 -0.00535 0.0204242 0.0226634 -0.00535 0.0232138 0.0219198 -0.00535 0.0211038 0.0213854 -0.00535 0.0199489 0.0218769 -0.00535 0.0245912 0.0221581 -0.00535 0.0210333 0.0209633 -0.00535 0.0197833 0.020973 -0.00535 0.024809 0.0215839 -0.00535 0.02119 0.0203446 -0.00535 0.0199493 0.0200682 -0.00535 0.0211038 0.0205412 -0.00535 0.0248647 0.0206651 -0.00535 0.0248833 0.020973 -0.00535 0.0200755 0.0197878 -0.00535 0.0229437 0.0184971 -0.00535 0.0240245 0.0190644 -0.00535 0.0245913 0.0197882 -0.00535 -0.0258563 -0.0303029 -0.00535 -0.0261379 -0.0290873 -0.00535 -0.0255619 -0.0302111 -0.00535 -0.0254312 -0.0270286 -0.00535 -0.0245585 -0.0261356 -0.00535 -0.0243684 -0.026378 -0.00535 -0.025281 -0.0300846 -0.00535 -0.0259348 -0.0290175 -0.00535 -0.025746 -0.0289153 -0.00535 -0.0261587 -0.0303583 -0.00535 -0.0263497 -0.0291226 -0.00535 -0.0265644 -0.0291226 -0.00535 -0.0267736 -0.0303585 -0.00535 -0.0267762 -0.0290873 -0.00535 -0.0264659 -0.030377 -0.00535 -0.0250177 -0.0299253 -0.00535 -0.0247755 -0.0297356 -0.00535 -0.0270768 -0.0303029 -0.00535 -0.0273702 -0.0302115 -0.00535 -0.0254312 -0.0286255 -0.00535 -0.0245576 -0.0295175 -0.00535 -0.0255766 -0.0287835 -0.00535 -0.0253137 -0.0284458 -0.00535 -0.0243677 -0.029275 -0.00535 -0.0276511 -0.0300852 -0.00535 -0.0269792 -0.0290175 -0.00535 -0.0252275 -0.0282491 -0.00535 -0.0240823 -0.0287309 -0.00535 -0.027915 -0.0299258 -0.00535 -0.0271681 -0.0289153 -0.00535 -0.0251748 -0.028041 -0.00535 -0.0239906 -0.0284366 -0.00535 -0.0273375 -0.0287835 -0.00535 -0.0283748 -0.0295185 -0.00535 -0.0285649 -0.0292761 -0.00535 -0.0274829 -0.0286255 -0.00535 -0.0281573 -0.0297359 -0.00535 -0.0289423 -0.028438 -0.00535 -0.028998 -0.0281349 -0.00535 -0.0277393 -0.028041 -0.00535 -0.025157 -0.027827 -0.00535 -0.0251748 -0.0276131 -0.00535 -0.0239353 -0.0275192 -0.00535 -0.028998 -0.0275192 -0.00535 -0.0289427 -0.0272175 -0.00535 -0.0277393 -0.0276131 -0.00535 -0.0252275 -0.0274049 -0.00535 -0.0253137 -0.0272083 -0.00535 -0.0240826 -0.0269223 -0.00535 -0.0276003 -0.0272083 -0.00535 -0.0287247 -0.0266422 -0.00535 -0.0285656 -0.0263791 -0.00535 -0.0279156 -0.0257287 -0.00535 -0.0273375 -0.0268706 -0.00535 -0.0281578 -0.0259185 -0.00535 -0.0250183 -0.0257283 -0.00535 -0.024776 -0.0259181 -0.00535 -0.025746 -0.0267387 -0.00535 -0.0276523 -0.0255695 -0.00535 -0.0273714 -0.0254429 -0.00535 -0.0269792 -0.0266365 -0.00535 -0.0267746 -0.0252958 -0.00535 -0.0264674 -0.0252771 -0.00535 -0.0265644 -0.0265315 -0.00535 -0.0261597 -0.0252956 -0.00535 -0.0263497 -0.0265315 -0.00535 -0.0267762 -0.0265668 -0.00535 -0.027077 -0.0253511 -0.00535 -0.0258565 -0.0253511 -0.00535 -0.0255631 -0.0254425 -0.00535 -0.0261379 -0.0265668 -0.00535 -0.0252822 -0.0255688 -0.00535 -0.0259348 -0.0266365 -0.00535 -0.0271681 -0.0267387 -0.00535 -0.0274829 -0.0270286 -0.00535 -0.0283758 -0.0261366 -0.00535 -0.0255766 -0.0268706 -0.00535 -0.0276866 -0.0274049 -0.00535 -0.0288511 -0.0269231 -0.00535 -0.0242088 -0.0266419 -0.00535 -0.027757 -0.027827 -0.00535 -0.0290167 -0.027827 -0.00535 -0.023991 -0.0272161 -0.00535 -0.0276003 -0.0284458 -0.00535 -0.0288507 -0.0287318 -0.00535 -0.0276866 -0.0282491 -0.00535 -0.0239353 -0.0281349 -0.00535 -0.0239167 -0.027827 -0.00535 -0.0287245 -0.0290122 -0.00535 -0.0242087 -0.0290118 -0.00535 -0.0255619 0.0185889 -0.00535 -0.0261379 0.0197031 -0.00535 -0.0259348 0.0197728 -0.00535 -0.0254312 0.0217618 -0.00535 -0.0245585 0.0226644 -0.00535 -0.0243684 0.022422 -0.00535 -0.025281 0.0187154 -0.00535 -0.025746 0.019875 -0.00535 -0.0261587 0.0184417 -0.00535 -0.0263497 0.0196678 -0.00535 -0.0265644 0.0196678 -0.00535 -0.0267736 0.0184415 -0.00535 -0.0267762 0.0197031 -0.00535 -0.0264659 0.018423 -0.00535 -0.0255766 0.0200069 -0.00535 -0.0250177 0.0188747 -0.00535 -0.0270768 0.0184971 -0.00535 -0.0273702 0.0185885 -0.00535 -0.0254312 0.0201649 -0.00535 -0.0245576 0.0192825 -0.00535 -0.0253137 0.0203446 -0.00535 -0.0243677 0.019525 -0.00535 -0.0276511 0.0187148 -0.00535 -0.0269792 0.0197728 -0.00535 -0.0252275 0.0205412 -0.00535 -0.0240823 0.0200691 -0.00535 -0.027915 0.0188742 -0.00535 -0.0271681 0.019875 -0.00535 -0.0251748 0.0207494 -0.00535 -0.0239906 0.0203634 -0.00535 -0.0273375 0.0200069 -0.00535 -0.0283748 0.0192815 -0.00535 -0.0285649 0.0195239 -0.00535 -0.0274829 0.0201649 -0.00535 -0.0281573 0.0190641 -0.00535 -0.0289423 0.020362 -0.00535 -0.028998 0.0206651 -0.00535 -0.0277393 0.0207494 -0.00535 -0.025157 0.0209633 -0.00535 -0.0251748 0.0211773 -0.00535 -0.0239353 0.0212808 -0.00535 -0.0289427 0.0215825 -0.00535 -0.0277393 0.0211773 -0.00535 -0.028998 0.0212808 -0.00535 -0.0252275 0.0213854 -0.00535 -0.0253137 0.0215821 -0.00535 -0.0240826 0.0218777 -0.00535 -0.0276003 0.0215821 -0.00535 -0.0287247 0.0221578 -0.00535 -0.0285656 0.0224209 -0.00535 -0.0279156 0.0230713 -0.00535 -0.0273375 0.0219198 -0.00535 -0.0281578 0.0228815 -0.00535 -0.0250183 0.0230717 -0.00535 -0.024776 0.0228819 -0.00535 -0.025746 0.0220517 -0.00535 -0.0276523 0.0232305 -0.00535 -0.0273714 0.0233571 -0.00535 -0.0269792 0.0221538 -0.00535 -0.0267746 0.0235042 -0.00535 -0.0264674 0.0235229 -0.00535 -0.0265644 0.0222589 -0.00535 -0.0261597 0.0235044 -0.00535 -0.0263497 0.0222589 -0.00535 -0.0267762 0.0222236 -0.00535 -0.027077 0.0234489 -0.00535 -0.0258565 0.0234489 -0.00535 -0.0255631 0.0233575 -0.00535 -0.0261379 0.0222236 -0.00535 -0.0252822 0.0232312 -0.00535 -0.0259348 0.0221538 -0.00535 -0.0271681 0.0220517 -0.00535 -0.0274829 0.0217618 -0.00535 -0.0283758 0.0226634 -0.00535 -0.0255766 0.0219198 -0.00535 -0.0276866 0.0213854 -0.00535 -0.0288511 0.0218769 -0.00535 -0.0242088 0.0221581 -0.00535 -0.027757 0.0209633 -0.00535 -0.0290167 0.020973 -0.00535 -0.023991 0.0215839 -0.00535 -0.0276003 0.0203446 -0.00535 -0.0288507 0.0200682 -0.00535 -0.0276866 0.0205412 -0.00535 -0.0239353 0.0206651 -0.00535 -0.0239167 0.020973 -0.00535 -0.0287245 0.0197878 -0.00535 -0.0258563 0.0184971 -0.00535 -0.0247755 0.0190644 -0.00535 -0.0242087 0.0197882 -0.00535</float_array>
          <technique_common>
            <accessor count="4190" source="#ID22" stride="3">
              <param name="X" type="float"/>
              <param name="Y" type="float"/>
              <param name="Z" type="float"/>
            </accessor>
          </technique_common>
        </source>
        <source id="ID23">
          <float_array count="12570" id="ID24">1.6785e-09 -1 5.55112e-16 1.6785e-09 -1 5.55112e-16 1.6785e-09 -1 5.55112e-16 1.6785e-09 -1 5.55112e-16 1.6785e-09 -1 5.55112e-16 1.6785e-09 -1 5.55112e-16 -1.6785e-09 1 -5.55112e-16 -1.6785e-09 1 -5.55112e-16 -1.6785e-09 1 -5.55112e-16 -1.6785e-09 1 -5.55112e-16 3.05311e-16 -5.55112e-17 1 3.05311e-16 -5.55112e-17 1 3.05311e-16 -5.55112e-17 1 3.05311e-16 -5.55112e-17 1 3.05311e-16 -5.55112e-17 1 3.05311e-16 -5.55112e-17 1 3.05311e-16 -5.55112e-17 1 3.05311e-16 -5.55112e-17 1 3.05311e-16 -5.55112e-17 1 3.05311e-16 -5.55112e-17 1 3.05311e-16 -5.55112e-17 1 3.05311e-16 -5.55112e-17 1 3.05311e-16 -5.55112e-17 1 3.05311e-16 -5.55112e-17 1 3.05311e-16 -5.55112e-17 1 3.05311e-16 -5.55112e-17 1 3.05311e-16 -5.55112e-17 1 3.05311e-16 -5.55112e-17 1 3.05311e-16 -5.55112e-17 1 3.05311e-16 -5.55112e-17 1 3.05311e-16 -5.55112e-17 1 3.05311e-16 -5.55112e-17 1 3.05311e-16 -5.55112e-17 1 3.05311e-16 -5.55112e-17 1 3.05311e-16 -5.55112e-17 1 3.05311e-16 -5.55112e-17 1 3.05311e-16 -5.55112e-17 1 3.05311e-16 -5.55112e-17 1 3.05311e-16 -5.55112e-17 1 3.05311e-16 -5.55112e-17 1 3.05311e-16 -5.55112e-17 1 3.05311e-16 -5.55112e-17 1 3.05311e-16 -5.55112e-17 1 3.05311e-16 -5.55112e-17 1 3.05311e-16 -5.55112e-17 1 3.05311e-16 -5.55112e-17 1 3.05311e-16 -5.55112e-17 1 3.05311e-16 -5.55112e-17 1 3.05311e-16 -5.55112e-17 1 3.05311e-16 -5.55112e-17 1 3.05311e-16 -5.55112e-17 1 3.05311e-16 -5.55112e-17 1 3.05311e-16 -5.55112e-17 1 3.05311e-16 -5.55112e-17 1 3.05311e-16 -5.55112e-17 1 3.05311e-16 -5.55112e-17 1 3.05311e-16 -5.55112e-17 1 3.05311e-16 -5.55112e-17 1 3.05311e-16 -5.55112e-17 1 3.05311e-16 -5.55112e-17 1 3.05311e-16 -5.55112e-17 1 3.05311e-16 -5.55112e-17 1 3.05311e-16 -5.55112e-17 1 3.05311e-16 -5.55112e-17 1 3.05311e-16 -5.55112e-17 1 3.05311e-16 -5.55112e-17 1 3.05311e-16 -5.55112e-17 1 3.05311e-16 -5.55112e-17 1 3.05311e-16 -5.55112e-17 1 3.05311e-16 -5.55112e-17 1 3.05311e-16 -5.55112e-17 1 3.05311e-16 -5.55112e-17 1 3.05311e-16 -5.55112e-17 1 3.05311e-16 -5.55112e-17 1 3.05311e-16 -5.55112e-17 1 3.05311e-16 -5.55112e-17 1 3.05311e-16 -5.55112e-17 1 3.05311e-16 -5.55112e-17 1 3.05311e-16 -5.55112e-17 1 3.05311e-16 -5.55112e-17 1 3.05311e-16 -5.55112e-17 1 3.05311e-16 -5.55112e-17 1 3.05311e-16 -5.55112e-17 1 3.05311e-16 -5.55112e-17 1 3.05311e-16 -5.55112e-17 1 3.05311e-16 -5.55112e-17 1 3.05311e-16 -5.55112e-17 1 3.05311e-16 -5.55112e-17 1 3.05311e-16 -5.55112e-17 1 3.05311e-16 -5.55112e-17 1 3.05311e-16 -5.55112e-17 1 3.05311e-16 -5.55112e-17 1 3.05311e-16 -5.55112e-17 1 3.05311e-16 -5.55112e-17 1 3.05311e-16 -5.55112e-17 1 3.05311e-16 -5.55112e-17 1 3.05311e-16 -5.55112e-17 1 3.05311e-16 -5.55112e-17 1 -1.6785e-09 1 -5.55112e-16 -1.6785e-09 1 -5.55112e-16 -1.6785e-09 1 -5.55112e-16 -1.6785e-09 1 -5.55112e-16 -1.6785e-09 1 -5.55112e-16 -1.6785e-09 1 -5.55112e-16 -1.6785e-09 1 -5.55112e-16 -1.6785e-09 1 -5.55112e-16 -1.6785e-09 1 -5.55112e-16 -1.6785e-09 1 -5.55112e-16 1.6785e-09 -1 5.55112e-16 1.6785e-09 -1 5.55112e-16 1.6785e-09 -1 5.55112e-16 1.6785e-09 -1 5.55112e-16 1.6785e-09 -1 5.55112e-16 1.6785e-09 -1 5.55112e-16 1.6785e-09 -1 5.55112e-16 1.6785e-09 -1 5.55112e-16 1.6785e-09 -1 5.55112e-16 1.6785e-09 -1 5.55112e-16 1.6785e-09 -1 5.55112e-16 1.6785e-09 -1 5.55112e-16 1.6785e-09 -1 5.55112e-16 1.6785e-09 -1 5.55112e-16 1.6785e-09 -1 5.55112e-16 1.6785e-09 -1 5.55112e-16 1.6785e-09 -1 5.55112e-16 1.6785e-09 -1 5.55112e-16 1.6785e-09 -1 5.55112e-16 1.6785e-09 -1 5.55112e-16 0.945817 0.324699 -2.70744e-16 0.985616 0.169001 -2.91538e-16 0.942877 0.33314 -2.69378e-16 1 -1.73167e-07 -3.05311e-16 0.986361 0.164595 -2.9201e-16 1 3.0367e-07 -3.05311e-16 0.778036 0.62822 -2.0267e-16 0.660675 0.750672 -1.60041e-16 0.677282 0.735724 -1.65941e-16 0.789141 0.614213 -2.06838e-16 0.879474 0.475947 -2.42093e-16 0.873014 0.487695 -2.39469e-16 0.245485 0.9694 -2.11369e-17 0.372856 0.927889 -6.2329e-17 0.210679 0.977555 -1.00576e-17 0.401695 0.915773 -7.18065e-17 0.546948 0.837166 -1.20517e-16 0.524307 0.851529 -1.12808e-16 -0.292823 0.956167 1.4248e-16 -0.245486 0.9694 1.28762e-16 -0.127018 0.9919 9.38415e-17 0.0424415 0.999099 4.25033e-17 -0.0825794 0.996584 8.0534e-17 0.0825794 0.996584 3.01091e-17 -0.594633 0.803997 2.26179e-16 -0.721956 0.691939 2.58832e-16 -0.677282 0.735724 2.47623e-16 -0.401695 0.915773 1.73478e-16 -0.450204 0.892926 1.8702e-16 -0.546948 0.837167 2.13462e-16 -0.945817 0.324699 3.06793e-16 -0.911228 0.411901 3.01073e-16 -0.967733 0.251978 3.09447e-16 -0.879474 0.475947 2.94934e-16 -0.78914 0.614213 2.75029e-16 -0.82851 0.559975 2.84038e-16 -0.967733 -0.251978 2.81472e-16 -0.986361 -0.164595 2.9201e-16 -0.996397 -0.0848059 2.99504e-16 -0.996397 0.0848059 3.08919e-16 -1 8.57443e-08 3.05311e-16 -0.986361 0.164595 3.10284e-16 -0.82851 -0.559975 2.21869e-16 -0.721956 -0.691939 1.82011e-16 -0.78914 -0.614213 2.06838e-16 -0.945817 -0.324699 2.70744e-16 -0.911229 -0.411901 2.55343e-16 -0.879474 -0.475947 2.42093e-16 -0.401695 -0.915773 7.18065e-17 -0.450204 -0.892926 8.7885e-17 -0.292823 -0.956167 3.63242e-17 -0.546948 -0.837166 1.20517e-16 -0.677282 -0.735724 1.65941e-16 -0.594633 -0.803997 1.36917e-16 0.0825794 -0.996584 -8.0534e-17 -0.0825792 -0.996584 -3.01092e-17 0.0424412 -0.999099 -6.84189e-17 -0.127018 -0.9919 -1.62816e-17 -0.245485 -0.9694 2.1137e-17 0.210679 -0.977555 -1.18588e-16 0.372856 -0.927889 -1.65345e-16 0.245485 -0.9694 -1.28762e-16 0.524307 -0.851529 -2.07346e-16 0.401695 -0.915773 -1.73478e-16 0.546948 -0.837166 -2.13462e-16 0.660675 -0.750672 -2.43382e-16 0.778036 -0.62822 -2.72416e-16 0.677282 -0.735724 -2.47623e-16 0.873014 -0.487695 -2.93614e-16 0.789141 -0.614213 -2.75029e-16 0.879474 -0.475947 -2.94934e-16 0.942877 -0.33314 -3.06364e-16 0.985616 -0.169001 -3.10301e-16 0.945817 -0.324699 -3.06793e-16 0.986361 -0.164595 -3.10284e-16 -0.0825794 0.996584 8.0534e-17 0.0825794 0.996584 3.01091e-17 0.0825794 0.996584 3.01091e-17 -1 8.57443e-08 3.05311e-16 -0.986361 -0.164595 2.9201e-16 -1 8.57443e-08 3.05311e-16 0.245485 0.9694 -2.11369e-17 0.245486 0.9694 -2.1137e-17 0.401695 0.915773 -7.18065e-17 0.401695 0.915773 -7.18065e-17 0.546948 0.837166 -1.20517e-16 0.546948 0.837166 -1.20517e-16 0.677282 0.735724 -1.65941e-16 0.677282 0.735724 -1.65941e-16 0.78914 0.614213 -2.06838e-16 0.789141 0.614213 -2.06838e-16 0.879474 0.475947 -2.42093e-16 0.879474 0.475948 -2.42093e-16 0.945817 0.324699 -2.70744e-16 0.945817 0.3247 -2.70744e-16 0.986361 0.164595 -2.9201e-16 0.986361 0.164595 -2.9201e-16 1 -1.73167e-07 -3.05311e-16 1 3.0367e-07 -3.05311e-16 -0.0825794 0.996584 8.0534e-17 -0.245486 0.9694 1.28762e-16 -0.245486 0.9694 1.28762e-16 -0.401695 0.915773 1.73478e-16 -0.401695 0.915773 1.73478e-16 -0.546948 0.837167 2.13462e-16 -0.546948 0.837167 2.13462e-16 -0.677282 0.735724 2.47623e-16 -0.677282 0.735724 2.47623e-16 -0.78914 0.614213 2.75029e-16 -0.78914 0.614213 2.75029e-16 -0.879474 0.475947 2.94934e-16 -0.879474 0.475947 2.94934e-16 -0.945817 0.324699 3.06793e-16 -0.945817 0.324699 3.06793e-16 -0.986361 0.164595 3.10284e-16 -0.986361 0.164595 3.10284e-16 -0.945817 -0.3247 2.70744e-16 -0.945817 -0.324699 2.70744e-16 -0.986361 -0.164595 2.9201e-16 -0.677282 -0.735724 1.65941e-16 -0.677282 -0.735724 1.65941e-16 -0.789141 -0.614213 2.06838e-16 -0.879474 -0.475947 2.42093e-16 -0.78914 -0.614213 2.06838e-16 -0.879474 -0.475947 2.42093e-16 -0.401695 -0.915773 7.18065e-17 -0.245485 -0.9694 2.1137e-17 -0.245485 -0.9694 2.1137e-17 -0.546948 -0.837166 1.20517e-16 -0.546948 -0.837166 1.20517e-16 -0.401695 -0.915773 7.18065e-17 0.245485 -0.9694 -1.28762e-16 0.0825794 -0.996584 -8.0534e-17 0.245485 -0.9694 -1.28762e-16 0.0825794 -0.996584 -8.0534e-17 -0.0825792 -0.996584 -3.01092e-17 -0.0825794 -0.996584 -3.01091e-17 0.677282 -0.735724 -2.47623e-16 0.677282 -0.735724 -2.47623e-16 0.546948 -0.837166 -2.13462e-16 0.401695 -0.915773 -1.73478e-16 0.546948 -0.837166 -2.13462e-16 0.401695 -0.915773 -1.73478e-16 0.879474 -0.475947 -2.94934e-16 0.789141 -0.614213 -2.75029e-16 0.789141 -0.614213 -2.75029e-16 0.879474 -0.475947 -2.94934e-16 0.945817 -0.324699 -3.06793e-16 0.945817 -0.324699 -3.06793e-16 0.986361 -0.164595 -3.10284e-16 0.986361 -0.164595 -3.10284e-16 0.042441 0.999099 4.25034e-17 0.210679 0.977555 -1.00576e-17 0.0825794 0.996584 3.01091e-17 -0.996397 -0.0848059 2.99504e-16 -0.996397 0.0848059 3.08919e-16 -1 8.57443e-08 3.05311e-16 0.372857 0.927889 -6.23292e-17 0.245486 0.9694 -2.1137e-17 0.401695 0.915773 -7.18065e-17 0.524307 0.851529 -1.12808e-16 0.660675 0.750672 -1.60041e-16 0.546948 0.837166 -1.20517e-16 0.778036 0.62822 -2.0267e-16 0.677282 0.735724 -1.65941e-16 0.78914 0.614213 -2.06838e-16 0.873014 0.487695 -2.39469e-16 0.942877 0.33314 -2.69378e-16 0.879474 0.475948 -2.42093e-16 0.985616 0.169001 -2.91538e-16 0.945817 0.3247 -2.70744e-16 0.986361 0.164595 -2.9201e-16 1 3.0367e-07 -3.05311e-16 1 -1.73167e-07 -3.05311e-16 -0.0825794 0.996584 8.0534e-17 -0.127018 0.9919 9.38415e-17 -0.245486 0.9694 1.28762e-16 -0.292823 0.956167 1.4248e-16 -0.401695 0.915773 1.73478e-16 -0.450204 0.892926 1.8702e-16 -0.594633 0.803997 2.26179e-16 -0.546948 0.837167 2.13462e-16 -0.677282 0.735724 2.47623e-16 -0.721956 0.691939 2.58832e-16 -0.78914 0.614213 2.75029e-16 -0.82851 0.559975 2.84038e-16 -0.911228 0.411901 3.01073e-16 -0.879474 0.475947 2.94934e-16 -0.945817 0.324699 3.06793e-16 -0.967733 0.251978 3.09447e-16 -0.986361 0.164595 3.10284e-16 -0.82851 -0.559975 2.21869e-16 -0.911228 -0.411901 2.55343e-16 -0.879474 -0.475947 2.42093e-16 -0.967733 -0.251978 2.81472e-16 -0.986361 -0.164595 2.9201e-16 -0.945817 -0.3247 2.70744e-16 -0.546948 -0.837166 1.20517e-16 -0.450204 -0.892926 8.7885e-17 -0.594633 -0.803997 1.36917e-16 -0.789141 -0.614213 2.06838e-16 -0.677282 -0.735724 1.65941e-16 -0.721956 -0.691939 1.82011e-16 -0.127018 -0.9919 -1.62816e-17 -0.0825794 -0.996584 -3.01091e-17 0.0424412 -0.999099 -6.84189e-17 -0.292823 -0.956167 3.63242e-17 -0.401695 -0.915773 7.18065e-17 -0.245485 -0.9694 2.1137e-17 0.524307 -0.851529 -2.07346e-16 0.372857 -0.927889 -1.65346e-16 0.401695 -0.915773 -1.73478e-16 0.245485 -0.9694 -1.28762e-16 0.210679 -0.977555 -1.18588e-16 0.0825794 -0.996584 -8.0534e-17 0.789141 -0.614213 -2.75029e-16 0.778036 -0.62822 -2.72416e-16 0.677282 -0.735724 -2.47623e-16 0.546948 -0.837166 -2.13462e-16 0.660675 -0.750672 -2.43382e-16 0.873014 -0.487695 -2.93614e-16 0.879474 -0.475947 -2.94934e-16 0.945817 -0.324699 -3.06793e-16 0.942877 -0.33314 -3.06364e-16 0.986361 -0.164595 -3.10284e-16 0.985616 -0.169001 -3.10301e-16 -0.0825794 0.996584 8.0534e-17 0.0825794 0.996584 3.01091e-17 0.0825794 0.996584 3.01091e-17 -1 8.57443e-08 3.05311e-16 -0.986361 -0.164595 2.9201e-16 -1 8.57443e-08 3.05311e-16 0.245485 0.9694 -2.11369e-17 0.245486 0.9694 -2.1137e-17 0.401695 0.915773 -7.18065e-17 0.401695 0.915773 -7.18065e-17 0.546948 0.837166 -1.20517e-16 0.546948 0.837166 -1.20517e-16 0.677282 0.735724 -1.65941e-16 0.677282 0.735724 -1.65941e-16 0.78914 0.614213 -2.06838e-16 0.789141 0.614213 -2.06838e-16 0.879474 0.475947 -2.42093e-16 0.879474 0.475948 -2.42093e-16 0.945817 0.324699 -2.70744e-16 0.945817 0.3247 -2.70744e-16 0.986361 0.164595 -2.9201e-16 0.986361 0.164595 -2.9201e-16 1 -1.73167e-07 -3.05311e-16 1 3.0367e-07 -3.05311e-16 -0.0825794 0.996584 8.0534e-17 -0.245486 0.9694 1.28762e-16 -0.245486 0.9694 1.28762e-16 -0.401695 0.915773 1.73478e-16 -0.401695 0.915773 1.73478e-16 -0.546948 0.837167 2.13462e-16 -0.546948 0.837167 2.13462e-16 -0.677282 0.735724 2.47623e-16 -0.677282 0.735724 2.47623e-16 -0.78914 0.614213 2.75029e-16 -0.78914 0.614213 2.75029e-16 -0.879474 0.475947 2.94934e-16 -0.879474 0.475947 2.94934e-16 -0.945817 0.324699 3.06793e-16 -0.945817 0.324699 3.06793e-16 -0.986361 0.164595 3.10284e-16 -0.986361 0.164595 3.10284e-16 -0.945817 -0.3247 2.70744e-16 -0.945817 -0.324699 2.70744e-16 -0.986361 -0.164595 2.9201e-16 -0.677282 -0.735724 1.65941e-16 -0.677282 -0.735724 1.65941e-16 -0.789141 -0.614213 2.06838e-16 -0.879474 -0.475947 2.42093e-16 -0.78914 -0.614213 2.06838e-16 -0.879474 -0.475947 2.42093e-16 -0.401695 -0.915773 7.18065e-17 -0.245485 -0.9694 2.1137e-17 -0.245485 -0.9694 2.1137e-17 -0.546948 -0.837166 1.20517e-16 -0.546948 -0.837166 1.20517e-16 -0.401695 -0.915773 7.18065e-17 0.245485 -0.9694 -1.28762e-16 0.0825794 -0.996584 -8.0534e-17 0.245485 -0.9694 -1.28762e-16 0.0825794 -0.996584 -8.0534e-17 -0.0825792 -0.996584 -3.01092e-17 -0.0825794 -0.996584 -3.01091e-17 0.677282 -0.735724 -2.47623e-16 0.677282 -0.735724 -2.47623e-16 0.546948 -0.837166 -2.13462e-16 0.401695 -0.915773 -1.73478e-16 0.546948 -0.837166 -2.13462e-16 0.401695 -0.915773 -1.73478e-16 0.879474 -0.475947 -2.94934e-16 0.789141 -0.614213 -2.75029e-16 0.789141 -0.614213 -2.75029e-16 0.879474 -0.475947 -2.94934e-16 0.945817 -0.324699 -3.06793e-16 0.945817 -0.324699 -3.06793e-16 0.986361 -0.164595 -3.10284e-16 0.986361 -0.164595 -3.10284e-16 0.120537 0.992709 1.83052e-17 -4.53899e-08 1 5.55112e-17 -4.53899e-08 1 5.55112e-17 -0.992709 -0.120537 2.96394e-16 -1 -8.91013e-08 3.05311e-16 -1 -8.91013e-08 3.05311e-16 0.120537 0.992709 1.83052e-17 0.239316 0.970942 -1.91677e-17 0.239316 0.970942 -1.91677e-17 0.354605 0.935016 -5.63611e-17 0.464723 0.885456 -9.27326e-17 0.354605 0.935016 -5.63611e-17 0.464723 0.885456 -9.27325e-17 0.568065 0.822984 -1.27752e-16 0.568065 0.822984 -1.27752e-16 0.663123 0.748511 -1.60908e-16 0.748511 0.663123 -1.91718e-16 0.663123 0.748511 -1.60908e-16 0.748511 0.663123 -1.91718e-16 0.822984 0.568065 -2.19732e-16 0.822984 0.568065 -2.19732e-16 0.885456 0.464723 -2.44542e-16 0.935016 0.354605 -2.65787e-16 0.885456 0.464723 -2.44542e-16 0.935016 0.354605 -2.65787e-16 0.970942 0.239316 -2.83155e-16 0.970942 0.239316 -2.83155e-16 0.992709 0.120537 -2.96394e-16 1 1.66478e-09 -3.05311e-16 0.992709 0.120537 -2.96394e-16 1 1.6785e-09 -3.05311e-16 -0.120537 0.992709 9.19077e-17 -0.239316 0.970942 1.26964e-16 -0.120537 0.992709 9.19076e-17 -0.239316 0.970942 1.26964e-16 -0.354605 0.935016 1.60169e-16 -0.354605 0.935016 1.60169e-16 -0.464723 0.885456 1.91038e-16 -0.568065 0.822984 2.19121e-16 -0.464723 0.885456 1.91038e-16 -0.568065 0.822984 2.19121e-16 -0.663123 0.748511 2.4401e-16 -0.663123 0.748511 2.4401e-16 -0.748511 0.663123 2.6534e-16 -0.822984 0.568065 2.828e-16 -0.748511 0.663123 2.6534e-16 -0.822984 0.568065 2.828e-16 -0.885456 0.464723 2.96137e-16 -0.885456 0.464723 2.96137e-16 -0.935016 0.354605 3.05156e-16 -0.970942 0.239316 3.09724e-16 -0.935016 0.354605 3.05156e-16 -0.970942 0.239316 3.09724e-16 -0.992709 0.120537 3.09776e-16 -0.992709 0.120537 3.09776e-16 -0.885456 -0.464723 2.44542e-16 -0.935016 -0.354605 2.65787e-16 -0.935016 -0.354605 2.65787e-16 -0.970942 -0.239316 2.83155e-16 -0.992709 -0.120537 2.96394e-16 -0.970942 -0.239316 2.83155e-16 -0.748511 -0.663123 1.91718e-16 -0.663123 -0.748511 1.60908e-16 -0.748511 -0.663123 1.91718e-16 -0.885456 -0.464723 2.44542e-16 -0.822984 -0.568065 2.19732e-16 -0.822984 -0.568065 2.19732e-16 -0.464723 -0.885456 9.27326e-17 -0.464723 -0.885456 9.27325e-17 -0.354605 -0.935016 5.6361e-17 -0.568065 -0.822984 1.27752e-16 -0.663123 -0.748511 1.60908e-16 -0.568065 -0.822984 1.27752e-16 1.36034e-08 -1 -5.55112e-17 -0.120537 -0.992709 -1.83052e-17 -0.120537 -0.992709 -1.83052e-17 -0.239316 -0.970942 1.91677e-17 -0.239316 -0.970942 1.91677e-17 -0.354605 -0.935016 5.6361e-17 0.239315 -0.970942 -1.26964e-16 0.354605 -0.935016 -1.60169e-16 0.239316 -0.970942 -1.26964e-16 1.36034e-08 -1 -5.55112e-17 0.120537 -0.992709 -9.19076e-17 0.120537 -0.992709 -9.19076e-17 0.568065 -0.822984 -2.19121e-16 0.568065 -0.822984 -2.19121e-16 0.663123 -0.748511 -2.4401e-16 0.464723 -0.885456 -1.91038e-16 0.354605 -0.935016 -1.60169e-16 0.464723 -0.885456 -1.91038e-16 0.748511 -0.663123 -2.6534e-16 0.748511 -0.663123 -2.6534e-16 0.822984 -0.568065 -2.828e-16 0.663123 -0.748511 -2.4401e-16 0.822984 -0.568065 -2.828e-16 0.885456 -0.464723 -2.96137e-16 0.935016 -0.354605 -3.05156e-16 0.885456 -0.464723 -2.96137e-16 0.935016 -0.354605 -3.05156e-16 0.970942 -0.239316 -3.09724e-16 0.970942 -0.239316 -3.09724e-16 0.992709 -0.120537 -3.09776e-16 0.992709 -0.120537 -3.09776e-16 0.120537 0.992709 1.83052e-17 -4.53899e-08 1 5.55112e-17 -4.53899e-08 1 5.55112e-17 -0.992709 -0.120537 2.96394e-16 -1 -8.91013e-08 3.05311e-16 -1 -8.91013e-08 3.05311e-16 0.120537 0.992709 1.83052e-17 0.239316 0.970942 -1.91677e-17 0.239316 0.970942 -1.91677e-17 0.354605 0.935016 -5.63611e-17 0.464723 0.885456 -9.27326e-17 0.354605 0.935016 -5.63611e-17 0.464723 0.885456 -9.27325e-17 0.568065 0.822984 -1.27752e-16 0.568065 0.822984 -1.27752e-16 0.663123 0.748511 -1.60908e-16 0.748511 0.663123 -1.91718e-16 0.663123 0.748511 -1.60908e-16 0.748511 0.663123 -1.91718e-16 0.822984 0.568065 -2.19732e-16 0.822984 0.568065 -2.19732e-16 0.885456 0.464723 -2.44542e-16 0.935016 0.354605 -2.65787e-16 0.885456 0.464723 -2.44542e-16 0.935016 0.354605 -2.65787e-16 0.970942 0.239316 -2.83155e-16 0.970942 0.239316 -2.83155e-16 0.992709 0.120537 -2.96394e-16 1 1.66478e-09 -3.05311e-16 0.992709 0.120537 -2.96394e-16 1 1.6785e-09 -3.05311e-16 -0.120537 0.992709 9.19077e-17 -0.239316 0.970942 1.26964e-16 -0.120537 0.992709 9.19076e-17 -0.239316 0.970942 1.26964e-16 -0.354605 0.935016 1.60169e-16 -0.354605 0.935016 1.60169e-16 -0.464723 0.885456 1.91038e-16 -0.568065 0.822984 2.19121e-16 -0.464723 0.885456 1.91038e-16 -0.568065 0.822984 2.19121e-16 -0.663123 0.748511 2.4401e-16 -0.663123 0.748511 2.4401e-16 -0.748511 0.663123 2.6534e-16 -0.822984 0.568065 2.828e-16 -0.748511 0.663123 2.6534e-16 -0.822984 0.568065 2.828e-16 -0.885456 0.464723 2.96137e-16 -0.885456 0.464723 2.96137e-16 -0.935016 0.354605 3.05156e-16 -0.970942 0.239316 3.09724e-16 -0.935016 0.354605 3.05156e-16 -0.970942 0.239316 3.09724e-16 -0.992709 0.120537 3.09776e-16 -0.992709 0.120537 3.09776e-16 -0.885456 -0.464723 2.44542e-16 -0.935016 -0.354605 2.65787e-16 -0.935016 -0.354605 2.65787e-16 -0.970942 -0.239316 2.83155e-16 -0.992709 -0.120537 2.96394e-16 -0.970942 -0.239316 2.83155e-16 -0.748511 -0.663123 1.91718e-16 -0.663123 -0.748511 1.60908e-16 -0.748511 -0.663123 1.91718e-16 -0.885456 -0.464723 2.44542e-16 -0.822984 -0.568065 2.19732e-16 -0.822984 -0.568065 2.19732e-16 -0.464723 -0.885456 9.27326e-17 -0.464723 -0.885456 9.27325e-17 -0.354605 -0.935016 5.6361e-17 -0.568065 -0.822984 1.27752e-16 -0.663123 -0.748511 1.60908e-16 -0.568065 -0.822984 1.27752e-16 1.36034e-08 -1 -5.55112e-17 -0.120537 -0.992709 -1.83052e-17 -0.120537 -0.992709 -1.83052e-17 -0.239316 -0.970942 1.91677e-17 -0.239316 -0.970942 1.91677e-17 -0.354605 -0.935016 5.6361e-17 0.239315 -0.970942 -1.26964e-16 0.354605 -0.935016 -1.60169e-16 0.239316 -0.970942 -1.26964e-16 1.36034e-08 -1 -5.55112e-17 0.120537 -0.992709 -9.19076e-17 0.120537 -0.992709 -9.19076e-17 0.568065 -0.822984 -2.19121e-16 0.568065 -0.822984 -2.19121e-16 0.663123 -0.748511 -2.4401e-16 0.464723 -0.885456 -1.91038e-16 0.354605 -0.935016 -1.60169e-16 0.464723 -0.885456 -1.91038e-16 0.748511 -0.663123 -2.6534e-16 0.748511 -0.663123 -2.6534e-16 0.822984 -0.568065 -2.828e-16 0.663123 -0.748511 -2.4401e-16 0.822984 -0.568065 -2.828e-16 0.885456 -0.464723 -2.96137e-16 0.935016 -0.354605 -3.05156e-16 0.885456 -0.464723 -2.96137e-16 0.935016 -0.354605 -3.05156e-16 0.970942 -0.239316 -3.09724e-16 0.970942 -0.239316 -3.09724e-16 0.992709 -0.120537 -3.09776e-16 0.992709 -0.120537 -3.09776e-16 0.120537 0.992709 1.83052e-17 -4.53899e-08 1 5.55112e-17 -4.53899e-08 1 5.55112e-17 -0.992709 -0.120537 2.96394e-16 -1 -8.91013e-08 3.05311e-16 -1 -8.91013e-08 3.05311e-16 0.120537 0.992709 1.83052e-17 0.239316 0.970942 -1.91677e-17 0.239316 0.970942 -1.91677e-17 0.354605 0.935016 -5.63611e-17 0.464723 0.885456 -9.27326e-17 0.354605 0.935016 -5.63611e-17 0.464723 0.885456 -9.27325e-17 0.568065 0.822984 -1.27752e-16 0.568065 0.822984 -1.27752e-16 0.663123 0.748511 -1.60908e-16 0.748511 0.663123 -1.91718e-16 0.663123 0.748511 -1.60908e-16 0.748511 0.663123 -1.91718e-16 0.822984 0.568065 -2.19732e-16 0.822984 0.568065 -2.19732e-16 0.885456 0.464723 -2.44542e-16 0.935016 0.354605 -2.65787e-16 0.885456 0.464723 -2.44542e-16 0.935016 0.354605 -2.65787e-16 0.970942 0.239316 -2.83155e-16 0.970942 0.239316 -2.83155e-16 0.992709 0.120537 -2.96394e-16 1 1.66478e-09 -3.05311e-16 0.992709 0.120537 -2.96394e-16 1 1.6785e-09 -3.05311e-16 -0.120537 0.992709 9.19077e-17 -0.239316 0.970942 1.26964e-16 -0.120537 0.992709 9.19076e-17 -0.239316 0.970942 1.26964e-16 -0.354605 0.935016 1.60169e-16 -0.354605 0.935016 1.60169e-16 -0.464723 0.885456 1.91038e-16 -0.568065 0.822984 2.19121e-16 -0.464723 0.885456 1.91038e-16 -0.568065 0.822984 2.19121e-16 -0.663123 0.748511 2.4401e-16 -0.663123 0.748511 2.4401e-16 -0.748511 0.663123 2.6534e-16 -0.822984 0.568065 2.828e-16 -0.748511 0.663123 2.6534e-16 -0.822984 0.568065 2.828e-16 -0.885456 0.464723 2.96137e-16 -0.885456 0.464723 2.96137e-16 -0.935016 0.354605 3.05156e-16 -0.970942 0.239316 3.09724e-16 -0.935016 0.354605 3.05156e-16 -0.970942 0.239316 3.09724e-16 -0.992709 0.120537 3.09776e-16 -0.992709 0.120537 3.09776e-16 -0.885456 -0.464723 2.44542e-16 -0.935016 -0.354605 2.65787e-16 -0.935016 -0.354605 2.65787e-16 -0.970942 -0.239316 2.83155e-16 -0.992709 -0.120537 2.96394e-16 -0.970942 -0.239316 2.83155e-16 -0.748511 -0.663123 1.91718e-16 -0.663123 -0.748511 1.60908e-16 -0.748511 -0.663123 1.91718e-16 -0.885456 -0.464723 2.44542e-16 -0.822984 -0.568065 2.19732e-16 -0.822984 -0.568065 2.19732e-16 -0.464723 -0.885456 9.27326e-17 -0.464723 -0.885456 9.27325e-17 -0.354605 -0.935016 5.6361e-17 -0.568065 -0.822984 1.27752e-16 -0.663123 -0.748511 1.60908e-16 -0.568065 -0.822984 1.27752e-16 1.36034e-08 -1 -5.55112e-17 -0.120537 -0.992709 -1.83052e-17 -0.120537 -0.992709 -1.83052e-17 -0.239316 -0.970942 1.91677e-17 -0.239316 -0.970942 1.91677e-17 -0.354605 -0.935016 5.6361e-17 0.239315 -0.970942 -1.26964e-16 0.354605 -0.935016 -1.60169e-16 0.239316 -0.970942 -1.26964e-16 1.36034e-08 -1 -5.55112e-17 0.120537 -0.992709 -9.19076e-17 0.120537 -0.992709 -9.19076e-17 0.568065 -0.822984 -2.19121e-16 0.568065 -0.822984 -2.19121e-16 0.663123 -0.748511 -2.4401e-16 0.464723 -0.885456 -1.91038e-16 0.354605 -0.935016 -1.60169e-16 0.464723 -0.885456 -1.91038e-16 0.748511 -0.663123 -2.6534e-16 0.748511 -0.663123 -2.6534e-16 0.822984 -0.568065 -2.828e-16 0.663123 -0.748511 -2.4401e-16 0.822984 -0.568065 -2.828e-16 0.885456 -0.464723 -2.96137e-16 0.935016 -0.354605 -3.05156e-16 0.885456 -0.464723 -2.96137e-16 0.935016 -0.354605 -3.05156e-16 0.970942 -0.239316 -3.09724e-16 0.970942 -0.239316 -3.09724e-16 0.992709 -0.120537 -3.09776e-16 0.992709 -0.120537 -3.09776e-16 0.992709 0.120537 -2.96394e-16 1 1.6785e-09 -3.05311e-16 1 1.6647e-09 -3.05311e-16 0.885456 0.464723 -2.44542e-16 0.935016 0.354605 -2.65787e-16 0.935016 0.354605 -2.65787e-16 0.970942 0.239316 -2.83155e-16 0.992709 0.120537 -2.96394e-16 0.970942 0.239316 -2.83155e-16 0.748511 0.663123 -1.91718e-16 0.663123 0.748511 -1.60908e-16 0.748511 0.663123 -1.91718e-16 0.885456 0.464723 -2.44542e-16 0.822984 0.568065 -2.19732e-16 0.822984 0.568065 -2.19732e-16 0.464723 0.885456 -9.27325e-17 0.464723 0.885456 -9.27326e-17 0.354605 0.935016 -5.63611e-17 0.568065 0.822984 -1.27752e-16 0.663123 0.748511 -1.60908e-16 0.568065 0.822984 -1.27752e-16 -4.53899e-08 1 5.55112e-17 0.120537 0.992709 1.83052e-17 0.120537 0.992709 1.83052e-17 0.239316 0.970942 -1.91677e-17 0.239316 0.970942 -1.91677e-17 0.354605 0.935016 -5.63611e-17 -0.239316 0.970942 1.26964e-16 -0.354605 0.935016 1.60169e-16 -0.239316 0.970942 1.26964e-16 -4.53899e-08 1 5.55112e-17 -0.120537 0.992709 9.19076e-17 -0.120537 0.992709 9.19077e-17 -0.568065 0.822984 2.19121e-16 -0.568065 0.822984 2.19121e-16 -0.663123 0.748511 2.4401e-16 -0.464723 0.885456 1.91038e-16 -0.354605 0.935016 1.60169e-16 -0.464723 0.885456 1.91038e-16 -0.885456 0.464723 2.96137e-16 -0.822984 0.568065 2.828e-16 -0.822984 0.568065 2.828e-16 -0.748511 0.663123 2.6534e-16 -0.748511 0.663123 2.6534e-16 -0.663123 0.748511 2.4401e-16 -0.970942 0.239316 3.09724e-16 -0.992709 0.120537 3.09776e-16 -0.970942 0.239316 3.09724e-16 -0.885456 0.464723 2.96137e-16 -0.935016 0.354605 3.05156e-16 -0.935016 0.354605 3.05156e-16 -0.992709 -0.120537 2.96394e-16 -0.992709 -0.120537 2.96394e-16 -0.970942 -0.239316 2.83155e-16 -1 -8.91013e-08 3.05311e-16 -0.992709 0.120537 3.09776e-16 -1 -8.91013e-08 3.05311e-16 -0.822984 -0.568065 2.19732e-16 -0.885456 -0.464723 2.44542e-16 -0.885456 -0.464723 2.44542e-16 -0.935016 -0.354605 2.65787e-16 -0.935016 -0.354605 2.65787e-16 -0.970942 -0.239316 2.83155e-16 -0.663123 -0.748511 1.60908e-16 -0.568065 -0.822984 1.27752e-16 -0.663123 -0.748511 1.60908e-16 -0.822984 -0.568065 2.19732e-16 -0.748511 -0.663123 1.91718e-16 -0.748511 -0.663123 1.91718e-16 -0.354605 -0.935016 5.6361e-17 -0.354605 -0.935016 5.6361e-17 -0.239316 -0.970942 1.91677e-17 -0.464723 -0.885456 9.27326e-17 -0.568065 -0.822984 1.27752e-16 -0.464723 -0.885456 9.27325e-17 0.120537 -0.992709 -9.19076e-17 1.36034e-08 -1 -5.55112e-17 1.36034e-08 -1 -5.55112e-17 -0.120537 -0.992709 -1.83052e-17 -0.120537 -0.992709 -1.83052e-17 -0.239316 -0.970942 1.91677e-17 0.120537 -0.992709 -9.19076e-17 0.239316 -0.970942 -1.26964e-16 0.239315 -0.970942 -1.26964e-16 0.354605 -0.935016 -1.60169e-16 0.464723 -0.885456 -1.91038e-16 0.354605 -0.935016 -1.60169e-16 0.464723 -0.885456 -1.91038e-16 0.568065 -0.822984 -2.19121e-16 0.568065 -0.822984 -2.19121e-16 0.663123 -0.748511 -2.4401e-16 0.748511 -0.663123 -2.6534e-16 0.663123 -0.748511 -2.4401e-16 0.748511 -0.663123 -2.6534e-16 0.822984 -0.568065 -2.828e-16 0.822984 -0.568065 -2.828e-16 0.885456 -0.464723 -2.96137e-16 0.935016 -0.354605 -3.05156e-16 0.885456 -0.464723 -2.96137e-16 0.935016 -0.354605 -3.05156e-16 0.970942 -0.239316 -3.09724e-16 0.970942 -0.239316 -3.09724e-16 0.992709 -0.120537 -3.09776e-16 0.992709 -0.120537 -3.09776e-16 1 1.6785e-09 1.52656e-16 1 1.6785e-09 1.52656e-16 1 1.6785e-09 1.52656e-16 1 1.6785e-09 1.52656e-16 1 1.6785e-09 1.52656e-16 1 1.6785e-09 1.52656e-16 1 1.6785e-09 1.52656e-16 1 1.6785e-09 1.52656e-16 1 1.6785e-09 1.52656e-16 1 1.6785e-09 1.52656e-16 1 1.6785e-09 1.52656e-16 1 1.6785e-09 1.52656e-16 -1.6785e-09 1 -5.55112e-16 -1.6785e-09 1 -5.55112e-16 -1.6785e-09 1 -5.55112e-16 -1.6785e-09 1 -5.55112e-16 -1.6785e-09 1 -5.55112e-16 -1.6785e-09 1 -5.55112e-16 -1.6785e-09 1 -5.55112e-16 -1.6785e-09 1 -5.55112e-16 -1.6785e-09 1 -5.55112e-16 -1.6785e-09 1 -5.55112e-16 -1.6785e-09 1 -5.55112e-16 -1.6785e-09 1 -5.55112e-16 -1.6785e-09 1 -5.55112e-16 -1.6785e-09 1 -5.55112e-16 -1.6785e-09 1 -5.55112e-16 3.05311e-16 -5.55112e-17 1 3.05311e-16 -5.55112e-17 1 3.05311e-16 -5.55112e-17 1 3.05311e-16 -5.55112e-17 1 3.05311e-16 -5.55112e-17 1 3.05311e-16 -5.55112e-17 1 3.05311e-16 -5.55112e-17 1 3.05311e-16 -5.55112e-17 1 3.05311e-16 -5.55112e-17 1 3.05311e-16 -5.55112e-17 1 3.05311e-16 -5.55112e-17 1 3.05311e-16 -5.55112e-17 1 3.05311e-16 -5.55112e-17 1 3.05311e-16 -5.55112e-17 1 3.05311e-16 -5.55112e-17 1 3.05311e-16 -5.55112e-17 1 3.05311e-16 -5.55112e-17 1 3.05311e-16 -5.55112e-17 1 3.05311e-16 -5.55112e-17 1 3.05311e-16 -5.55112e-17 1 3.05311e-16 -5.55112e-17 1 3.05311e-16 -5.55112e-17 1 3.05311e-16 -5.55112e-17 1 3.05311e-16 -5.55112e-17 1 3.05311e-16 -5.55112e-17 1 3.05311e-16 -5.55112e-17 1 3.05311e-16 -5.55112e-17 1 3.05311e-16 -5.55112e-17 1 3.05311e-16 -5.55112e-17 1 3.05311e-16 -5.55112e-17 1 3.05311e-16 -5.55112e-17 1 3.05311e-16 -5.55112e-17 1 3.05311e-16 -5.55112e-17 1 3.05311e-16 -5.55112e-17 1 3.05311e-16 -5.55112e-17 1 3.05311e-16 -5.55112e-17 1 3.05311e-16 -5.55112e-17 1 3.05311e-16 -5.55112e-17 1 3.05311e-16 -5.55112e-17 1 3.05311e-16 -5.55112e-17 1 3.05311e-16 -5.55112e-17 1 3.05311e-16 -5.55112e-17 1 3.05311e-16 -5.55112e-17 1 3.05311e-16 -5.55112e-17 1 3.05311e-16 -5.55112e-17 1 3.05311e-16 -5.55112e-17 1 3.05311e-16 -5.55112e-17 1 3.05311e-16 -5.55112e-17 1 3.05311e-16 -5.55112e-17 1 3.05311e-16 -5.55112e-17 1 3.05311e-16 -5.55112e-17 1 3.05311e-16 -5.55112e-17 1 3.05311e-16 -5.55112e-17 1 3.05311e-16 -5.55112e-17 1 3.05311e-16 -5.55112e-17 1 3.05311e-16 -5.55112e-17 1 3.05311e-16 -5.55112e-17 1 3.05311e-16 -5.55112e-17 1 3.05311e-16 -5.55112e-17 1 3.05311e-16 -5.55112e-17 1 3.05311e-16 -5.55112e-17 1 3.05311e-16 -5.55112e-17 1 3.05311e-16 -5.55112e-17 1 3.05311e-16 -5.55112e-17 1 3.05311e-16 -5.55112e-17 1 3.05311e-16 -5.55112e-17 1 3.05311e-16 -5.55112e-17 1 3.05311e-16 -5.55112e-17 1 3.05311e-16 -5.55112e-17 1 3.05311e-16 -5.55112e-17 1 3.05311e-16 -5.55112e-17 1 3.05311e-16 -5.55112e-17 1 3.05311e-16 -5.55112e-17 1 3.05311e-16 -5.55112e-17 1 3.05311e-16 -5.55112e-17 1 3.05311e-16 -5.55112e-17 1 3.05311e-16 -5.55112e-17 1 3.05311e-16 -5.55112e-17 1 3.05311e-16 -5.55112e-17 1 3.05311e-16 -5.55112e-17 1 3.05311e-16 -5.55112e-17 1 3.05311e-16 -5.55112e-17 1 3.05311e-16 -5.55112e-17 1 3.05311e-16 -5.55112e-17 1 3.05311e-16 -5.55112e-17 1 3.05311e-16 -5.55112e-17 1 3.05311e-16 -5.55112e-17 1 3.05311e-16 -5.55112e-17 1 1 1.6785e-09 1.52656e-16 1 1.6785e-09 1.52656e-16 1 1.6785e-09 1.52656e-16 1 1.6785e-09 1.52656e-16 1 1.6785e-09 1.52656e-16 1 1.6785e-09 1.52656e-16 1 1.6785e-09 1.52656e-16 1 1.6785e-09 1.52656e-16 1 1.6785e-09 1.52656e-16 1 1.6785e-09 1.52656e-16 -1.6785e-09 1 -5.55112e-16 -1.6785e-09 1 -5.55112e-16 -1.6785e-09 1 -5.55112e-16 -1.6785e-09 1 -5.55112e-16 -1.6785e-09 1 -5.55112e-16 3.05311e-16 -5.55112e-17 1 3.05311e-16 -5.55112e-17 1 3.05311e-16 -5.55112e-17 1 3.05311e-16 -5.55112e-17 1 3.05311e-16 -5.55112e-17 1 3.05311e-16 -5.55112e-17 1 3.05311e-16 -5.55112e-17 1 3.05311e-16 -5.55112e-17 1 3.05311e-16 -5.55112e-17 1 3.05311e-16 -5.55112e-17 1 3.05311e-16 -5.55112e-17 1 3.05311e-16 -5.55112e-17 1 3.05311e-16 -5.55112e-17 1 3.05311e-16 -5.55112e-17 1 3.05311e-16 -5.55112e-17 1 3.05311e-16 -5.55112e-17 1 3.05311e-16 -5.55112e-17 1 3.05311e-16 -5.55112e-17 1 3.05311e-16 -5.55112e-17 1 3.05311e-16 -5.55112e-17 1 3.05311e-16 -5.55112e-17 1 3.05311e-16 -5.55112e-17 1 3.05311e-16 -5.55112e-17 1 3.05311e-16 -5.55112e-17 1 3.05311e-16 -5.55112e-17 1 3.05311e-16 -5.55112e-17 1 3.05311e-16 -5.55112e-17 1 3.05311e-16 -5.55112e-17 1 3.05311e-16 -5.55112e-17 1 3.05311e-16 -5.55112e-17 1 3.05311e-16 -5.55112e-17 1 3.05311e-16 -5.55112e-17 1 3.05311e-16 -5.55112e-17 1 3.05311e-16 -5.55112e-17 1 3.05311e-16 -5.55112e-17 1 3.05311e-16 -5.55112e-17 1 3.05311e-16 -5.55112e-17 1 3.05311e-16 -5.55112e-17 1 3.05311e-16 -5.55112e-17 1 3.05311e-16 -5.55112e-17 1 3.05311e-16 -5.55112e-17 1 3.05311e-16 -5.55112e-17 1 3.05311e-16 -5.55112e-17 1 3.05311e-16 -5.55112e-17 1 3.05311e-16 -5.55112e-17 1 3.05311e-16 -5.55112e-17 1 3.05311e-16 -5.55112e-17 1 3.05311e-16 -5.55112e-17 1 3.05311e-16 -5.55112e-17 1 3.05311e-16 -5.55112e-17 1 3.05311e-16 -5.55112e-17 1 3.05311e-16 -5.55112e-17 1 3.05311e-16 -5.55112e-17 1 3.05311e-16 -5.55112e-17 1 3.05311e-16 -5.55112e-17 1 3.05311e-16 -5.55112e-17 1 3.05311e-16 -5.55112e-17 1 3.05311e-16 -5.55112e-17 1 3.05311e-16 -5.55112e-17 1 3.05311e-16 -5.55112e-17 1 3.05311e-16 -5.55112e-17 1 3.05311e-16 -5.55112e-17 1 3.05311e-16 -5.55112e-17 1 3.05311e-16 -5.55112e-17 1 3.05311e-16 -5.55112e-17 1 3.05311e-16 -5.55112e-17 1 3.05311e-16 -5.55112e-17 1 3.05311e-16 -5.55112e-17 1 3.05311e-16 -5.55112e-17 1 3.05311e-16 -5.55112e-17 1 3.05311e-16 -5.55112e-17 1 3.05311e-16 -5.55112e-17 1 3.05311e-16 -5.55112e-17 1 3.05311e-16 -5.55112e-17 1 3.05311e-16 -5.55112e-17 1 3.05311e-16 -5.55112e-17 1 3.05311e-16 -5.55112e-17 1 3.05311e-16 -5.55112e-17 1 3.05311e-16 -5.55112e-17 1 3.05311e-16 -5.55112e-17 1 3.05311e-16 -5.55112e-17 1 3.05311e-16 -5.55112e-17 1 3.05311e-16 -5.55112e-17 1 3.05311e-16 -5.55112e-17 1 3.05311e-16 -5.55112e-17 1 3.05311e-16 -5.55112e-17 1 3.05311e-16 -5.55112e-17 1 3.05311e-16 -5.55112e-17 1 0.707107 0.707107 2.77556e-16 0.77301 0.634393 2.82952e-16 0.77301 0.634393 2.82952e-16 0.83147 0.55557 2.85624e-16 0.83147 0.55557 2.85624e-16 0.881921 0.471397 2.85544e-16 0.881921 0.471397 2.85544e-16 0.92388 0.382683 2.82715e-16 0.92388 0.382683 2.82715e-16 0.95694 0.290285 2.77163e-16 0.95694 0.290285 2.77163e-16 0.980785 0.19509 2.68942e-16 0.980785 0.19509 2.68942e-16 0.995185 0.0980172 2.58131e-16 0.995185 0.0980172 2.58131e-16 1 7.64092e-09 2.44834e-16 1 7.64092e-09 2.44834e-16 1 7.64092e-09 2.44834e-16 0.707107 0.707107 2.77556e-16 0.634393 0.77301 2.69486e-16 0.634393 0.77301 2.69486e-16 0.55557 0.83147 2.58822e-16 0.471397 0.881921 2.45664e-16 0.55557 0.83147 2.58822e-16 0.382683 0.92388 2.30141e-16 0.471397 0.881921 2.45664e-16 0.382683 0.92388 2.30141e-16 0.290285 0.95694 2.12401e-16 0.19509 0.980785 1.92616e-16 0.290285 0.95694 2.12401e-16 0.0980172 0.995185 1.70976e-16 0.19509 0.980785 1.92616e-16 6.7857e-08 1 1.47689e-16 6.7857e-08 1 1.47689e-16 0.0980172 0.995185 1.70976e-16 -1.70562e-07 1 1.47689e-16 1.6785e-09 -1 5.55112e-16 1.6785e-09 -1 5.55112e-16 1.6785e-09 -1 5.55112e-16 1.6785e-09 -1 5.55112e-16 1.6785e-09 -1 5.55112e-16 0.19509 -0.980785 -1.04856e-16 0.19509 -0.980785 -1.04856e-16 0.0980173 -0.995185 -1.14836e-16 7.1214e-08 -1 -1.2371e-16 -1.67205e-07 -1 -1.2371e-16 0.0980173 -0.995185 -1.14836e-16 0.382683 -0.92388 -8.19723e-17 0.471397 -0.881921 -6.92892e-17 0.471397 -0.881921 -6.92892e-17 0.290285 -0.95694 -9.3866e-17 0.290285 -0.95694 -9.3866e-17 0.382683 -0.92388 -8.19723e-17 0.707107 -0.707107 -2.77556e-17 0.707107 -0.707107 -2.77556e-17 0.634393 -0.77301 -4.20497e-17 0.634393 -0.77301 -4.20497e-17 0.55557 -0.83147 -5.59388e-17 0.55557 -0.83147 -5.59388e-17 0.881921 -0.471397 1.61684e-17 0.83147 -0.55557 1.49429e-18 0.881921 -0.471397 1.61684e-17 0.77301 -0.634393 -1.31942e-17 0.77301 -0.634393 -1.31942e-17 0.83147 -0.55557 1.49429e-18 0.95694 -0.290285 4.49096e-17 0.92388 -0.382683 3.06867e-17 0.95694 -0.290285 4.49096e-17 0.92388 -0.382683 3.06867e-17 0.995185 -0.0980172 7.19249e-17 0.980785 -0.19509 5.86999e-17 0.980785 -0.19509 5.86999e-17 1 -4.28386e-09 8.44573e-17 0.995185 -0.0980172 7.19249e-17 1 -4.28386e-09 8.44573e-17 1 -4.28386e-09 8.44573e-17 7.1214e-08 -1 -1.2371e-16 1.6785e-09 -1 5.55112e-16 1.6785e-09 -1 5.55112e-16 1.6785e-09 -1 5.55112e-16 1.6785e-09 -1 5.55112e-16 1.6785e-09 -1 5.55112e-16 1.6785e-09 -1 5.55112e-16 1.6785e-09 -1 5.55112e-16 1.6785e-09 -1 5.55112e-16 1.6785e-09 -1 5.55112e-16 1.6785e-09 -1 5.55112e-16 1.6785e-09 -1 5.55112e-16 1.6785e-09 -1 5.55112e-16 1.6785e-09 -1 5.55112e-16 1.6785e-09 -1 5.55112e-16 1.6785e-09 -1 5.55112e-16 -1.6785e-09 1 -5.55112e-16 -1.6785e-09 1 -5.55112e-16 -1.6785e-09 1 -5.55112e-16 -1.6785e-09 1 -5.55112e-16 -1.6785e-09 1 -5.55112e-16 3.05311e-16 -5.55112e-17 1 3.05311e-16 -5.55112e-17 1 3.05311e-16 -5.55112e-17 1 3.05311e-16 -5.55112e-17 1 3.05311e-16 -5.55112e-17 1 3.05311e-16 -5.55112e-17 1 3.05311e-16 -5.55112e-17 1 3.05311e-16 -5.55112e-17 1 3.05311e-16 -5.55112e-17 1 3.05311e-16 -5.55112e-17 1 3.05311e-16 -5.55112e-17 1 3.05311e-16 -5.55112e-17 1 3.05311e-16 -5.55112e-17 1 3.05311e-16 -5.55112e-17 1 3.05311e-16 -5.55112e-17 1 3.05311e-16 -5.55112e-17 1 3.05311e-16 -5.55112e-17 1 3.05311e-16 -5.55112e-17 1 3.05311e-16 -5.55112e-17 1 3.05311e-16 -5.55112e-17 1 3.05311e-16 -5.55112e-17 1 3.05311e-16 -5.55112e-17 1 3.05311e-16 -5.55112e-17 1 3.05311e-16 -5.55112e-17 1 3.05311e-16 -5.55112e-17 1 3.05311e-16 -5.55112e-17 1 3.05311e-16 -5.55112e-17 1 3.05311e-16 -5.55112e-17 1 3.05311e-16 -5.55112e-17 1 3.05311e-16 -5.55112e-17 1 3.05311e-16 -5.55112e-17 1 3.05311e-16 -5.55112e-17 1 3.05311e-16 -5.55112e-17 1 3.05311e-16 -5.55112e-17 1 3.05311e-16 -5.55112e-17 1 3.05311e-16 -5.55112e-17 1 3.05311e-16 -5.55112e-17 1 3.05311e-16 -5.55112e-17 1 3.05311e-16 -5.55112e-17 1 3.05311e-16 -5.55112e-17 1 3.05311e-16 -5.55112e-17 1 3.05311e-16 -5.55112e-17 1 3.05311e-16 -5.55112e-17 1 3.05311e-16 -5.55112e-17 1 3.05311e-16 -5.55112e-17 1 3.05311e-16 -5.55112e-17 1 3.05311e-16 -5.55112e-17 1 3.05311e-16 -5.55112e-17 1 3.05311e-16 -5.55112e-17 1 3.05311e-16 -5.55112e-17 1 3.05311e-16 -5.55112e-17 1 3.05311e-16 -5.55112e-17 1 3.05311e-16 -5.55112e-17 1 3.05311e-16 -5.55112e-17 1 3.05311e-16 -5.55112e-17 1 3.05311e-16 -5.55112e-17 1 3.05311e-16 -5.55112e-17 1 3.05311e-16 -5.55112e-17 1 3.05311e-16 -5.55112e-17 1 3.05311e-16 -5.55112e-17 1 3.05311e-16 -5.55112e-17 1 3.05311e-16 -5.55112e-17 1 3.05311e-16 -5.55112e-17 1 3.05311e-16 -5.55112e-17 1 3.05311e-16 -5.55112e-17 1 3.05311e-16 -5.55112e-17 1 3.05311e-16 -5.55112e-17 1 3.05311e-16 -5.55112e-17 1 3.05311e-16 -5.55112e-17 1 3.05311e-16 -5.55112e-17 1 3.05311e-16 -5.55112e-17 1 3.05311e-16 -5.55112e-17 1 3.05311e-16 -5.55112e-17 1 3.05311e-16 -5.55112e-17 1 3.05311e-16 -5.55112e-17 1 3.05311e-16 -5.55112e-17 1 3.05311e-16 -5.55112e-17 1 3.05311e-16 -5.55112e-17 1 3.05311e-16 -5.55112e-17 1 3.05311e-16 -5.55112e-17 1 3.05311e-16 -5.55112e-17 1 3.05311e-16 -5.55112e-17 1 3.05311e-16 -5.55112e-17 1 3.05311e-16 -5.55112e-17 1 3.05311e-16 -5.55112e-17 1 3.05311e-16 -5.55112e-17 1 3.05311e-16 -5.55112e-17 1 -0.19509 0.980785 1.2544e-17 -0.19509 0.980785 1.25441e-17 -0.0980173 0.995185 2.90142e-17 -7.12139e-08 1 4.52049e-17 1.67205e-07 1 4.5205e-17 -0.0980173 0.995185 2.90142e-17 -0.382683 0.92388 -2.05989e-17 -0.471397 0.881921 -3.69525e-17 -0.471397 0.881921 -3.69525e-17 -0.290285 0.95694 -4.0469e-18 -0.290285 0.95694 -4.0469e-18 -0.382683 0.92388 -2.05989e-17 -0.707107 0.707107 -8.32667e-17 -0.707107 0.707107 -8.32667e-17 -0.634393 0.77301 -6.8438e-17 -0.634393 0.77301 -6.8438e-17 -0.55557 0.83147 -5.29502e-17 -0.55557 0.83147 -5.29502e-17 -0.881921 0.471397 -1.2241e-16 -0.83147 0.55557 -1.10383e-16 -0.881921 0.471397 -1.2241e-16 -0.77301 0.634393 -9.72935e-17 -0.77301 0.634393 -9.72935e-17 -0.83147 0.55557 -1.10383e-16 -0.95694 0.290285 -1.42823e-16 -0.92388 0.382683 -1.33258e-16 -0.95694 0.290285 -1.42823e-16 -0.92388 0.382683 -1.33258e-16 -0.995185 0.0980172 -1.57746e-16 -0.980785 0.19509 -1.51012e-16 -0.980785 0.19509 -1.51012e-16 -1 4.28396e-09 -1.62962e-16 -0.995185 0.0980172 -1.57746e-16 -1 4.28396e-09 -1.62962e-16 -1 4.28396e-09 -1.62962e-16 -7.12139e-08 1 4.52049e-17 -1 -1.6785e-09 -1.52656e-16 -1 -1.6785e-09 -1.52656e-16 -1 -1.6785e-09 -1.52656e-16 -1 -1.6785e-09 -1.52656e-16 -1 -1.6785e-09 -1.52656e-16 -1 -1.6785e-09 -1.52656e-16 -1 -1.6785e-09 -1.52656e-16 -1 -1.6785e-09 -1.52656e-16 -1 -1.6785e-09 -1.52656e-16 -1 -1.6785e-09 -1.52656e-16 -0.707107 -0.707107 6.00521e-24 -0.77301 -0.634393 -6.73295e-18 -0.77301 -0.634393 -6.73295e-18 -0.83147 -0.55557 -1.34011e-17 -0.83147 -0.55557 -1.34011e-17 -0.881921 -0.471397 -1.99401e-17 -0.881921 -0.471397 -1.99401e-17 -0.92388 -0.382683 -2.62871e-17 -0.92388 -0.382683 -2.62871e-17 -0.95694 -0.290285 -3.2381e-17 -0.95694 -0.290285 -3.2381e-17 -0.980785 -0.19509 -3.8163e-17 -0.980785 -0.19509 -3.8163e-17 -0.995185 -0.0980172 -4.35775e-17 -0.995185 -0.0980172 -4.35775e-17 -1 -7.64105e-09 -4.85723e-17 -1 -7.64105e-09 -4.85723e-17 -1 -7.64105e-09 -4.85723e-17 -0.707107 -0.707107 -1.03721e-23 -0.634393 -0.77301 6.73294e-18 -0.634393 -0.77301 6.73294e-18 -0.55557 -0.83147 1.34011e-17 -0.471397 -0.881921 1.99401e-17 -0.55557 -0.83147 1.34011e-17 -0.382683 -0.92388 2.62871e-17 -0.471397 -0.881921 1.99401e-17 -0.382683 -0.92388 2.62871e-17 -0.290285 -0.95694 3.2381e-17 -0.19509 -0.980785 3.8163e-17 -0.290285 -0.95694 3.2381e-17 -0.0980172 -0.995185 4.35774e-17 -0.19509 -0.980785 3.8163e-17 -6.78568e-08 -1 4.85723e-17 -6.78568e-08 -1 4.85723e-17 -0.0980172 -0.995185 4.35774e-17 1.70562e-07 -1 4.85723e-17 1 1.6785e-09 1.52656e-16 1 1.6785e-09 1.52656e-16 1 1.6785e-09 1.52656e-16 1 1.6785e-09 1.52656e-16 1 1.6785e-09 1.52656e-16 1 1.6785e-09 1.52656e-16 1 1.6785e-09 1.52656e-16 1 1.6785e-09 1.52656e-16 1 1.6785e-09 1.52656e-16 1 1.6785e-09 1.52656e-16 1 1.6785e-09 1.52656e-16 1 1.6785e-09 1.52656e-16 -1 -1.6785e-09 -1.52656e-16 -1 -1.6785e-09 -1.52656e-16 -1 -1.6785e-09 -1.52656e-16 -1 -1.6785e-09 -1.52656e-16 -1 -1.6785e-09 -1.52656e-16 -1 -1.6785e-09 -1.52656e-16 -1 -1.6785e-09 -1.52656e-16 -1 -1.6785e-09 -1.52656e-16 -1 -1.6785e-09 -1.52656e-16 -1 -1.6785e-09 -1.52656e-16 -1 -1.6785e-09 -1.52656e-16 -1 -1.6785e-09 -1.52656e-16 -1 -1.6785e-09 -1.52656e-16 -1 -1.6785e-09 -1.52656e-16 -1 -1.6785e-09 -1.52656e-16 -1 -1.6785e-09 -1.52656e-16 -1 -1.6785e-09 -1.52656e-16 1.6785e-09 -1 -5.55112e-17 1.6785e-09 -1 -5.55112e-17 1.6785e-09 -1 -5.55112e-17 1.6785e-09 -1 -5.55112e-17 1.6785e-09 -1 -5.55112e-17 1.6785e-09 -1 -5.55112e-17 -3.05311e-16 5.55112e-17 -1 -3.05311e-16 5.55112e-17 -1 -3.05311e-16 5.55112e-17 -1 -3.05311e-16 5.55112e-17 -1 -3.05311e-16 5.55112e-17 -1 -3.05311e-16 5.55112e-17 -1 -3.05311e-16 5.55112e-17 -1 -3.05311e-16 5.55112e-17 -1 -3.05311e-16 5.55112e-17 -1 -3.05311e-16 5.55112e-17 -1 -3.05311e-16 5.55112e-17 -1 -3.05311e-16 5.55112e-17 -1 -3.05311e-16 5.55112e-17 -1 -3.05311e-16 5.55112e-17 -1 -3.05311e-16 5.55112e-17 -1 -3.05311e-16 5.55112e-17 -1 -3.05311e-16 5.55112e-17 -1 -3.05311e-16 5.55112e-17 -1 -3.05311e-16 5.55112e-17 -1 -3.05311e-16 5.55112e-17 -1 -3.05311e-16 5.55112e-17 -1 -3.05311e-16 5.55112e-17 -1 -3.05311e-16 5.55112e-17 -1 -3.05311e-16 5.55112e-17 -1 -3.05311e-16 5.55112e-17 -1 -3.05311e-16 5.55112e-17 -1 -3.05311e-16 5.55112e-17 -1 -3.05311e-16 5.55112e-17 -1 -3.05311e-16 5.55112e-17 -1 -3.05311e-16 5.55112e-17 -1 -3.05311e-16 5.55112e-17 -1 -3.05311e-16 5.55112e-17 -1 -3.05311e-16 5.55112e-17 -1 -3.05311e-16 5.55112e-17 -1 -3.05311e-16 5.55112e-17 -1 -3.05311e-16 5.55112e-17 -1 -3.05311e-16 5.55112e-17 -1 -3.05311e-16 5.55112e-17 -1 -3.05311e-16 5.55112e-17 -1 -3.05311e-16 5.55112e-17 -1 -3.05311e-16 5.55112e-17 -1 -3.05311e-16 5.55112e-17 -1 -3.05311e-16 5.55112e-17 -1 -3.05311e-16 5.55112e-17 -1 -3.05311e-16 5.55112e-17 -1 -3.05311e-16 5.55112e-17 -1 -3.05311e-16 5.55112e-17 -1 -3.05311e-16 5.55112e-17 -1 -3.05311e-16 5.55112e-17 -1 -3.05311e-16 5.55112e-17 -1 -3.05311e-16 5.55112e-17 -1 -3.05311e-16 5.55112e-17 -1 -3.05311e-16 5.55112e-17 -1 -3.05311e-16 5.55112e-17 -1 -3.05311e-16 5.55112e-17 -1 -3.05311e-16 5.55112e-17 -1 -3.05311e-16 5.55112e-17 -1 -3.05311e-16 5.55112e-17 -1 -3.05311e-16 5.55112e-17 -1 -3.05311e-16 5.55112e-17 -1 -3.05311e-16 5.55112e-17 -1 -3.05311e-16 5.55112e-17 -1 -3.05311e-16 5.55112e-17 -1 -3.05311e-16 5.55112e-17 -1 -3.05311e-16 5.55112e-17 -1 -3.05311e-16 5.55112e-17 -1 -3.05311e-16 5.55112e-17 -1 -3.05311e-16 5.55112e-17 -1 -3.05311e-16 5.55112e-17 -1 -3.05311e-16 5.55112e-17 -1 -3.05311e-16 5.55112e-17 -1 -3.05311e-16 5.55112e-17 -1 -3.05311e-16 5.55112e-17 -1 -3.05311e-16 5.55112e-17 -1 -3.05311e-16 5.55112e-17 -1 -3.05311e-16 5.55112e-17 -1 -3.05311e-16 5.55112e-17 -1 -3.05311e-16 5.55112e-17 -1 -3.05311e-16 5.55112e-17 -1 -3.05311e-16 5.55112e-17 -1 -3.05311e-16 5.55112e-17 -1 -3.05311e-16 5.55112e-17 -1 -3.05311e-16 5.55112e-17 -1 -3.05311e-16 5.55112e-17 -1 -3.05311e-16 5.55112e-17 -1 -3.05311e-16 5.55112e-17 -1 -3.05311e-16 5.55112e-17 -1 -3.05311e-16 5.55112e-17 -1 -3.05311e-16 5.55112e-17 -1 -3.05311e-16 5.55112e-17 -1 -3.05311e-16 5.55112e-17 -1 -3.05311e-16 5.55112e-17 -1 -3.05311e-16 5.55112e-17 -1 -3.05311e-16 5.55112e-17 -1 -3.05311e-16 5.55112e-17 -1 -3.05311e-16 5.55112e-17 -1 -3.05311e-16 5.55112e-17 -1 -3.05311e-16 5.55112e-17 -1 -3.05311e-16 5.55112e-17 -1 -3.05311e-16 5.55112e-17 -1 -3.05311e-16 5.55112e-17 -1 -3.05311e-16 5.55112e-17 -1 -3.05311e-16 5.55112e-17 -1 -3.05311e-16 5.55112e-17 -1 -3.05311e-16 5.55112e-17 -1 -3.05311e-16 5.55112e-17 -1 -3.05311e-16 5.55112e-17 -1 -3.05311e-16 5.55112e-17 -1 -3.05311e-16 5.55112e-17 -1 -3.05311e-16 5.55112e-17 -1 -3.05311e-16 5.55112e-17 -1 -3.05311e-16 5.55112e-17 -1 -3.05311e-16 5.55112e-17 -1 -3.05311e-16 5.55112e-17 -1 -3.05311e-16 5.55112e-17 -1 -3.05311e-16 5.55112e-17 -1 -3.05311e-16 5.55112e-17 -1 -3.05311e-16 5.55112e-17 -1 -3.05311e-16 5.55112e-17 -1 -3.05311e-16 5.55112e-17 -1 -3.05311e-16 5.55112e-17 -1 -3.05311e-16 5.55112e-17 -1 -3.05311e-16 5.55112e-17 -1 -3.05311e-16 5.55112e-17 -1 -3.05311e-16 5.55112e-17 -1 -3.05311e-16 5.55112e-17 -1 -3.05311e-16 5.55112e-17 -1 -3.05311e-16 5.55112e-17 -1 -3.05311e-16 5.55112e-17 -1 -3.05311e-16 5.55112e-17 -1 -3.05311e-16 5.55112e-17 -1 -3.05311e-16 5.55112e-17 -1 -3.05311e-16 5.55112e-17 -1 -3.05311e-16 5.55112e-17 -1 -3.05311e-16 5.55112e-17 -1 -3.05311e-16 5.55112e-17 -1 -3.05311e-16 5.55112e-17 -1 -3.05311e-16 5.55112e-17 -1 -3.05311e-16 5.55112e-17 -1 -3.05311e-16 5.55112e-17 -1 -3.05311e-16 5.55112e-17 -1 -3.05311e-16 5.55112e-17 -1 -3.05311e-16 5.55112e-17 -1 -3.05311e-16 5.55112e-17 -1 -3.05311e-16 5.55112e-17 -1 -3.05311e-16 5.55112e-17 -1 -3.05311e-16 5.55112e-17 -1 -3.05311e-16 5.55112e-17 -1 -3.05311e-16 5.55112e-17 -1 -3.05311e-16 5.55112e-17 -1 -3.05311e-16 5.55112e-17 -1 -3.05311e-16 5.55112e-17 -1 -3.05311e-16 5.55112e-17 -1 -3.05311e-16 5.55112e-17 -1 -3.05311e-16 5.55112e-17 -1 -3.05311e-16 5.55112e-17 -1 -3.05311e-16 5.55112e-17 -1 -3.05311e-16 5.55112e-17 -1 -3.05311e-16 5.55112e-17 -1 -3.05311e-16 5.55112e-17 -1 -3.05311e-16 5.55112e-17 -1 -3.05311e-16 5.55112e-17 -1 -3.05311e-16 5.55112e-17 -1 -3.05311e-16 5.55112e-17 -1 -3.05311e-16 5.55112e-17 -1 -3.05311e-16 5.55112e-17 -1 -3.05311e-16 5.55112e-17 -1 -3.05311e-16 5.55112e-17 -1 -3.05311e-16 5.55112e-17 -1 -3.05311e-16 5.55112e-17 -1 -3.05311e-16 5.55112e-17 -1 -3.05311e-16 5.55112e-17 -1 -3.05311e-16 5.55112e-17 -1 -3.05311e-16 5.55112e-17 -1 -3.05311e-16 5.55112e-17 -1 -3.05311e-16 5.55112e-17 -1 -3.05311e-16 5.55112e-17 -1 -3.05311e-16 5.55112e-17 -1 -3.05311e-16 5.55112e-17 -1 -3.05311e-16 5.55112e-17 -1 -3.05311e-16 5.55112e-17 -1 -3.05311e-16 5.55112e-17 -1 -3.05311e-16 5.55112e-17 -1 -3.05311e-16 5.55112e-17 -1 -3.05311e-16 5.55112e-17 -1 -3.05311e-16 5.55112e-17 -1 -3.05311e-16 5.55112e-17 -1 -3.05311e-16 5.55112e-17 -1 -3.05311e-16 5.55112e-17 -1 -3.05311e-16 5.55112e-17 -1 -3.05311e-16 5.55112e-17 -1 -3.05311e-16 5.55112e-17 -1 -3.05311e-16 5.55112e-17 -1 -3.05311e-16 5.55112e-17 -1 -3.05311e-16 5.55112e-17 -1 -3.05311e-16 5.55112e-17 -1 -3.05311e-16 5.55112e-17 -1 -3.05311e-16 5.55112e-17 -1 -3.05311e-16 5.55112e-17 -1 -3.05311e-16 5.55112e-17 -1 -3.05311e-16 5.55112e-17 -1 -3.05311e-16 5.55112e-17 -1 -3.05311e-16 5.55112e-17 -1 -3.05311e-16 5.55112e-17 -1 -3.05311e-16 5.55112e-17 -1 -3.05311e-16 5.55112e-17 -1 -3.05311e-16 5.55112e-17 -1 -3.05311e-16 5.55112e-17 -1 -3.05311e-16 5.55112e-17 -1 -3.05311e-16 5.55112e-17 -1 -3.05311e-16 5.55112e-17 -1 -3.05311e-16 5.55112e-17 -1 -3.05311e-16 5.55112e-17 -1 -3.05311e-16 5.55112e-17 -1 -3.05311e-16 5.55112e-17 -1 -3.05311e-16 5.55112e-17 -1 -3.05311e-16 5.55112e-17 -1 -3.05311e-16 5.55112e-17 -1 -3.05311e-16 5.55112e-17 -1 -3.05311e-16 5.55112e-17 -1 -3.05311e-16 5.55112e-17 -1 -3.05311e-16 5.55112e-17 -1 -3.05311e-16 5.55112e-17 -1 -3.05311e-16 5.55112e-17 -1 -3.05311e-16 5.55112e-17 -1 -3.05311e-16 5.55112e-17 -1 -3.05311e-16 5.55112e-17 -1 -3.05311e-16 5.55112e-17 -1 -3.05311e-16 5.55112e-17 -1 -3.05311e-16 5.55112e-17 -1 -3.05311e-16 5.55112e-17 -1 -3.05311e-16 5.55112e-17 -1 -3.05311e-16 5.55112e-17 -1 -3.05311e-16 5.55112e-17 -1 -3.05311e-16 5.55112e-17 -1 -3.05311e-16 5.55112e-17 -1 -3.05311e-16 5.55112e-17 -1 -3.05311e-16 5.55112e-17 -1 -3.05311e-16 5.55112e-17 -1 -3.05311e-16 5.55112e-17 -1 -3.05311e-16 5.55112e-17 -1 -3.05311e-16 5.55112e-17 -1 -3.05311e-16 5.55112e-17 -1 -3.05311e-16 5.55112e-17 -1 -3.05311e-16 5.55112e-17 -1 -3.05311e-16 5.55112e-17 -1 -3.05311e-16 5.55112e-17 -1 -3.05311e-16 5.55112e-17 -1 -3.05311e-16 5.55112e-17 -1 -3.05311e-16 5.55112e-17 -1 -3.05311e-16 5.55112e-17 -1 -3.05311e-16 5.55112e-17 -1 -3.05311e-16 5.55112e-17 -1 -3.05311e-16 5.55112e-17 -1 -3.05311e-16 5.55112e-17 -1 -3.05311e-16 5.55112e-17 -1 -3.05311e-16 5.55112e-17 -1 -3.05311e-16 5.55112e-17 -1 -3.05311e-16 5.55112e-17 -1 -3.05311e-16 5.55112e-17 -1 -3.05311e-16 5.55112e-17 -1 -3.05311e-16 5.55112e-17 -1 -3.05311e-16 5.55112e-17 -1 -3.05311e-16 5.55112e-17 -1 -3.05311e-16 5.55112e-17 -1 -3.05311e-16 5.55112e-17 -1 -3.05311e-16 5.55112e-17 -1 -3.05311e-16 5.55112e-17 -1 -3.05311e-16 5.55112e-17 -1 -3.05311e-16 5.55112e-17 -1 -3.05311e-16 5.55112e-17 -1 -3.05311e-16 5.55112e-17 -1 -3.05311e-16 5.55112e-17 -1 -3.05311e-16 5.55112e-17 -1 -3.05311e-16 5.55112e-17 -1 -3.05311e-16 5.55112e-17 -1 -3.05311e-16 5.55112e-17 -1 -3.05311e-16 5.55112e-17 -1 -3.05311e-16 5.55112e-17 -1 -3.05311e-16 5.55112e-17 -1 -3.05311e-16 5.55112e-17 -1 -3.05311e-16 5.55112e-17 -1 -3.05311e-16 5.55112e-17 -1 -3.05311e-16 5.55112e-17 -1 -3.05311e-16 5.55112e-17 -1 -3.05311e-16 5.55112e-17 -1 -3.05311e-16 5.55112e-17 -1 -3.05311e-16 5.55112e-17 -1 -3.05311e-16 5.55112e-17 -1 -3.05311e-16 5.55112e-17 -1 -3.05311e-16 5.55112e-17 -1 -3.05311e-16 5.55112e-17 -1 -3.05311e-16 5.55112e-17 -1 -3.05311e-16 5.55112e-17 -1 -3.05311e-16 5.55112e-17 -1 -3.05311e-16 5.55112e-17 -1 -3.05311e-16 5.55112e-17 -1 -3.05311e-16 5.55112e-17 -1 -3.05311e-16 5.55112e-17 -1 -3.05311e-16 5.55112e-17 -1 -3.05311e-16 5.55112e-17 -1 -3.05311e-16 5.55112e-17 -1 -3.05311e-16 5.55112e-17 -1 -3.05311e-16 5.55112e-17 -1 -3.05311e-16 5.55112e-17 -1 -3.05311e-16 5.55112e-17 -1 -3.05311e-16 5.55112e-17 -1 -3.05311e-16 5.55112e-17 -1 -3.05311e-16 5.55112e-17 -1 -3.05311e-16 5.55112e-17 -1 -3.05311e-16 5.55112e-17 -1 -3.05311e-16 5.55112e-17 -1 -3.05311e-16 5.55112e-17 -1 -3.05311e-16 5.55112e-17 -1 -3.05311e-16 5.55112e-17 -1 -3.05311e-16 5.55112e-17 -1 -3.05311e-16 5.55112e-17 -1 -3.05311e-16 5.55112e-17 -1 -3.05311e-16 5.55112e-17 -1 -3.05311e-16 5.55112e-17 -1 -3.05311e-16 5.55112e-17 -1 -3.05311e-16 5.55112e-17 -1 -3.05311e-16 5.55112e-17 -1 -3.05311e-16 5.55112e-17 -1 -3.05311e-16 5.55112e-17 -1 -3.05311e-16 5.55112e-17 -1 -3.05311e-16 5.55112e-17 -1 -3.05311e-16 5.55112e-17 -1 -3.05311e-16 5.55112e-17 -1 -3.05311e-16 5.55112e-17 -1 -3.05311e-16 5.55112e-17 -1 -3.05311e-16 5.55112e-17 -1 -3.05311e-16 5.55112e-17 -1 -3.05311e-16 5.55112e-17 -1 -3.05311e-16 5.55112e-17 -1 -3.05311e-16 5.55112e-17 -1 -3.05311e-16 5.55112e-17 -1 -3.05311e-16 5.55112e-17 -1 -3.05311e-16 5.55112e-17 -1 -3.05311e-16 5.55112e-17 -1 -3.05311e-16 5.55112e-17 -1 -3.05311e-16 5.55112e-17 -1 -3.05311e-16 5.55112e-17 -1 -3.05311e-16 5.55112e-17 -1 -3.05311e-16 5.55112e-17 -1 -3.05311e-16 5.55112e-17 -1 -3.05311e-16 5.55112e-17 -1 -3.05311e-16 5.55112e-17 -1 -3.05311e-16 5.55112e-17 -1 -3.05311e-16 5.55112e-17 -1 -3.05311e-16 5.55112e-17 -1 -3.05311e-16 5.55112e-17 -1 -3.05311e-16 5.55112e-17 -1 -3.05311e-16 5.55112e-17 -1 -3.05311e-16 5.55112e-17 -1 -3.05311e-16 5.55112e-17 -1 -3.05311e-16 5.55112e-17 -1 -3.05311e-16 5.55112e-17 -1 -3.05311e-16 5.55112e-17 -1 -3.05311e-16 5.55112e-17 -1 -3.05311e-16 5.55112e-17 -1 -3.05311e-16 5.55112e-17 -1 -3.05311e-16 5.55112e-17 -1 -3.05311e-16 5.55112e-17 -1 -3.05311e-16 5.55112e-17 -1 -3.05311e-16 5.55112e-17 -1 -3.05311e-16 5.55112e-17 -1 -3.05311e-16 5.55112e-17 -1 -3.05311e-16 5.55112e-17 -1 -3.05311e-16 5.55112e-17 -1 -3.05311e-16 5.55112e-17 -1 -3.05311e-16 5.55112e-17 -1 -3.05311e-16 5.55112e-17 -1 -3.05311e-16 5.55112e-17 -1 -3.05311e-16 5.55112e-17 -1 -3.05311e-16 5.55112e-17 -1 -3.05311e-16 5.55112e-17 -1 -3.05311e-16 5.55112e-17 -1 -3.05311e-16 5.55112e-17 -1 -3.05311e-16 5.55112e-17 -1 -3.05311e-16 5.55112e-17 -1 -3.05311e-16 5.55112e-17 -1 -3.05311e-16 5.55112e-17 -1 -3.05311e-16 5.55112e-17 -1 -3.05311e-16 5.55112e-17 -1 -3.05311e-16 5.55112e-17 -1 -3.05311e-16 5.55112e-17 -1 -3.05311e-16 5.55112e-17 -1 -3.05311e-16 5.55112e-17 -1 -3.05311e-16 5.55112e-17 -1 -3.05311e-16 5.55112e-17 -1 -3.05311e-16 5.55112e-17 -1 -3.05311e-16 5.55112e-17 -1 -3.05311e-16 5.55112e-17 -1 -3.05311e-16 5.55112e-17 -1 -3.05311e-16 5.55112e-17 -1 3.05311e-16 -5.55112e-17 1 3.05311e-16 -5.55112e-17 1 3.05311e-16 -5.55112e-17 1 3.05311e-16 -5.55112e-17 1 3.05311e-16 -5.55112e-17 1 3.05311e-16 -5.55112e-17 1 3.05311e-16 -5.55112e-17 1 3.05311e-16 -5.55112e-17 1 3.05311e-16 -5.55112e-17 1 3.05311e-16 -5.55112e-17 1 3.05311e-16 -5.55112e-17 1 3.05311e-16 -5.55112e-17 1 3.05311e-16 -5.55112e-17 1 3.05311e-16 -5.55112e-17 1 3.05311e-16 -5.55112e-17 1 3.05311e-16 -5.55112e-17 1 3.05311e-16 -5.55112e-17 1 3.05311e-16 -5.55112e-17 1 3.05311e-16 -5.55112e-17 1 3.05311e-16 -5.55112e-17 1 3.05311e-16 -5.55112e-17 1 3.05311e-16 -5.55112e-17 1 3.05311e-16 -5.55112e-17 1 3.05311e-16 -5.55112e-17 1 3.05311e-16 -5.55112e-17 1 3.05311e-16 -5.55112e-17 1 3.05311e-16 -5.55112e-17 1 3.05311e-16 -5.55112e-17 1 3.05311e-16 -5.55112e-17 1 3.05311e-16 -5.55112e-17 1 3.05311e-16 -5.55112e-17 1 3.05311e-16 -5.55112e-17 1 3.05311e-16 -5.55112e-17 1 3.05311e-16 -5.55112e-17 1 3.05311e-16 -5.55112e-17 1 3.05311e-16 -5.55112e-17 1 3.05311e-16 -5.55112e-17 1 3.05311e-16 -5.55112e-17 1 3.05311e-16 -5.55112e-17 1 3.05311e-16 -5.55112e-17 1 3.05311e-16 -5.55112e-17 1 3.05311e-16 -5.55112e-17 1 3.05311e-16 -5.55112e-17 1 3.05311e-16 -5.55112e-17 1 3.05311e-16 -5.55112e-17 1 3.05311e-16 -5.55112e-17 1 3.05311e-16 -5.55112e-17 1 3.05311e-16 -5.55112e-17 1 3.05311e-16 -5.55112e-17 1 3.05311e-16 -5.55112e-17 1 3.05311e-16 -5.55112e-17 1 3.05311e-16 -5.55112e-17 1 3.05311e-16 -5.55112e-17 1 3.05311e-16 -5.55112e-17 1 3.05311e-16 -5.55112e-17 1 3.05311e-16 -5.55112e-17 1 3.05311e-16 -5.55112e-17 1 3.05311e-16 -5.55112e-17 1 3.05311e-16 -5.55112e-17 1 3.05311e-16 -5.55112e-17 1 3.05311e-16 -5.55112e-17 1 3.05311e-16 -5.55112e-17 1 3.05311e-16 -5.55112e-17 1 3.05311e-16 -5.55112e-17 1 3.05311e-16 -5.55112e-17 1 3.05311e-16 -5.55112e-17 1 3.05311e-16 -5.55112e-17 1 3.05311e-16 -5.55112e-17 1 3.05311e-16 -5.55112e-17 1 3.05311e-16 -5.55112e-17 1 3.05311e-16 -5.55112e-17 1 3.05311e-16 -5.55112e-17 1 3.05311e-16 -5.55112e-17 1 3.05311e-16 -5.55112e-17 1 3.05311e-16 -5.55112e-17 1 3.05311e-16 -5.55112e-17 1 3.05311e-16 -5.55112e-17 1 3.05311e-16 -5.55112e-17 1 3.05311e-16 -5.55112e-17 1 3.05311e-16 -5.55112e-17 1 3.05311e-16 -5.55112e-17 1 3.05311e-16 -5.55112e-17 1 3.05311e-16 -5.55112e-17 1 3.05311e-16 -5.55112e-17 1 3.05311e-16 -5.55112e-17 1 3.05311e-16 -5.55112e-17 1 3.05311e-16 -5.55112e-17 1 3.05311e-16 -5.55112e-17 1 3.05311e-16 -5.55112e-17 1 3.05311e-16 -5.55112e-17 1 3.05311e-16 -5.55112e-17 1 3.05311e-16 -5.55112e-17 1 3.05311e-16 -5.55112e-17 1 3.05311e-16 -5.55112e-17 1 3.05311e-16 -5.55112e-17 1 3.05311e-16 -5.55112e-17 1 3.05311e-16 -5.55112e-17 1 3.05311e-16 -5.55112e-17 1 3.05311e-16 -5.55112e-17 1 3.05311e-16 -5.55112e-17 1 3.05311e-16 -5.55112e-17 1 3.05311e-16 -5.55112e-17 1 3.05311e-16 -5.55112e-17 1 3.05311e-16 -5.55112e-17 1 3.05311e-16 -5.55112e-17 1 3.05311e-16 -5.55112e-17 1 3.05311e-16 -5.55112e-17 1 3.05311e-16 -5.55112e-17 1 3.05311e-16 -5.55112e-17 1 3.05311e-16 -5.55112e-17 1 3.05311e-16 -5.55112e-17 1 3.05311e-16 -5.55112e-17 1 3.05311e-16 -5.55112e-17 1 3.05311e-16 -5.55112e-17 1 3.05311e-16 -5.55112e-17 1 3.05311e-16 -5.55112e-17 1 3.05311e-16 -5.55112e-17 1 3.05311e-16 -5.55112e-17 1 3.05311e-16 -5.55112e-17 1 3.05311e-16 -5.55112e-17 1 3.05311e-16 -5.55112e-17 1 3.05311e-16 -5.55112e-17 1 3.05311e-16 -5.55112e-17 1 3.05311e-16 -5.55112e-17 1 3.05311e-16 -5.55112e-17 1 3.05311e-16 -5.55112e-17 1 3.05311e-16 -5.55112e-17 1 3.05311e-16 -5.55112e-17 1 3.05311e-16 -5.55112e-17 1 3.05311e-16 -5.55112e-17 1 3.05311e-16 -5.55112e-17 1 3.05311e-16 -5.55112e-17 1 3.05311e-16 -5.55112e-17 1 3.05311e-16 -5.55112e-17 1 3.05311e-16 -5.55112e-17 1 3.05311e-16 -5.55112e-17 1 3.05311e-16 -5.55112e-17 1 3.05311e-16 -5.55112e-17 1 3.05311e-16 -5.55112e-17 1 3.05311e-16 -5.55112e-17 1 3.05311e-16 -5.55112e-17 1 3.05311e-16 -5.55112e-17 1 3.05311e-16 -5.55112e-17 1 3.05311e-16 -5.55112e-17 1 3.05311e-16 -5.55112e-17 1 3.05311e-16 -5.55112e-17 1 3.05311e-16 -5.55112e-17 1 3.05311e-16 -5.55112e-17 1 3.05311e-16 -5.55112e-17 1 3.05311e-16 -5.55112e-17 1 3.05311e-16 -5.55112e-17 1 3.05311e-16 -5.55112e-17 1 3.05311e-16 -5.55112e-17 1 3.05311e-16 -5.55112e-17 1 3.05311e-16 -5.55112e-17 1 3.05311e-16 -5.55112e-17 1 3.05311e-16 -5.55112e-17 1 3.05311e-16 -5.55112e-17 1 3.05311e-16 -5.55112e-17 1 3.05311e-16 -5.55112e-17 1 3.05311e-16 -5.55112e-17 1 3.05311e-16 -5.55112e-17 1 3.05311e-16 -5.55112e-17 1 3.05311e-16 -5.55112e-17 1 3.05311e-16 -5.55112e-17 1 3.05311e-16 -5.55112e-17 1 3.05311e-16 -5.55112e-17 1 3.05311e-16 -5.55112e-17 1 3.05311e-16 -5.55112e-17 1 3.05311e-16 -5.55112e-17 1 3.05311e-16 -5.55112e-17 1 3.05311e-16 -5.55112e-17 1 3.05311e-16 -5.55112e-17 1 3.05311e-16 -5.55112e-17 1 3.05311e-16 -5.55112e-17 1 3.05311e-16 -5.55112e-17 1 3.05311e-16 -5.55112e-17 1 3.05311e-16 -5.55112e-17 1 3.05311e-16 -5.55112e-17 1 3.05311e-16 -5.55112e-17 1 3.05311e-16 -5.55112e-17 1 3.05311e-16 -5.55112e-17 1 3.05311e-16 -5.55112e-17 1 3.05311e-16 -5.55112e-17 1 3.05311e-16 -5.55112e-17 1 3.05311e-16 -5.55112e-17 1 3.05311e-16 -5.55112e-17 1 3.05311e-16 -5.55112e-17 1 3.05311e-16 -5.55112e-17 1 3.05311e-16 -5.55112e-17 1 3.05311e-16 -5.55112e-17 1 3.05311e-16 -5.55112e-17 1 3.05311e-16 -5.55112e-17 1 3.05311e-16 -5.55112e-17 1 3.05311e-16 -5.55112e-17 1 3.05311e-16 -5.55112e-17 1 3.05311e-16 -5.55112e-17 1 3.05311e-16 -5.55112e-17 1 3.05311e-16 -5.55112e-17 1 3.05311e-16 -5.55112e-17 1 3.05311e-16 -5.55112e-17 1 3.05311e-16 -5.55112e-17 1 3.05311e-16 -5.55112e-17 1 3.05311e-16 -5.55112e-17 1 3.05311e-16 -5.55112e-17 1 3.05311e-16 -5.55112e-17 1 3.05311e-16 -5.55112e-17 1 3.05311e-16 -5.55112e-17 1 3.05311e-16 -5.55112e-17 1 3.05311e-16 -5.55112e-17 1 3.05311e-16 -5.55112e-17 1 3.05311e-16 -5.55112e-17 1 3.05311e-16 -5.55112e-17 1 3.05311e-16 -5.55112e-17 1 3.05311e-16 -5.55112e-17 1 3.05311e-16 -5.55112e-17 1 3.05311e-16 -5.55112e-17 1 3.05311e-16 -5.55112e-17 1 3.05311e-16 -5.55112e-17 1 3.05311e-16 -5.55112e-17 1 3.05311e-16 -5.55112e-17 1 3.05311e-16 -5.55112e-17 1 3.05311e-16 -5.55112e-17 1 3.05311e-16 -5.55112e-17 1 3.05311e-16 -5.55112e-17 1 3.05311e-16 -5.55112e-17 1 3.05311e-16 -5.55112e-17 1 3.05311e-16 -5.55112e-17 1 3.05311e-16 -5.55112e-17 1 3.05311e-16 -5.55112e-17 1 3.05311e-16 -5.55112e-17 1 3.05311e-16 -5.55112e-17 1 3.05311e-16 -5.55112e-17 1 3.05311e-16 -5.55112e-17 1 3.05311e-16 -5.55112e-17 1 3.05311e-16 -5.55112e-17 1 3.05311e-16 -5.55112e-17 1 3.05311e-16 -5.55112e-17 1 3.05311e-16 -5.55112e-17 1 3.05311e-16 -5.55112e-17 1 3.05311e-16 -5.55112e-17 1 3.05311e-16 -5.55112e-17 1 3.05311e-16 -5.55112e-17 1 3.05311e-16 -5.55112e-17 1 3.05311e-16 -5.55112e-17 1 3.05311e-16 -5.55112e-17 1 3.05311e-16 -5.55112e-17 1 3.05311e-16 -5.55112e-17 1 3.05311e-16 -5.55112e-17 1 3.05311e-16 -5.55112e-17 1 3.05311e-16 -5.55112e-17 1 3.05311e-16 -5.55112e-17 1 3.05311e-16 -5.55112e-17 1 3.05311e-16 -5.55112e-17 1 3.05311e-16 -5.55112e-17 1 3.05311e-16 -5.55112e-17 1 3.05311e-16 -5.55112e-17 1 3.05311e-16 -5.55112e-17 1 3.05311e-16 -5.55112e-17 1 3.05311e-16 -5.55112e-17 1 3.05311e-16 -5.55112e-17 1 3.05311e-16 -5.55112e-17 1 3.05311e-16 -5.55112e-17 1 3.05311e-16 -5.55112e-17 1 3.05311e-16 -5.55112e-17 1 3.05311e-16 -5.55112e-17 1 3.05311e-16 -5.55112e-17 1 3.05311e-16 -5.55112e-17 1 3.05311e-16 -5.55112e-17 1 3.05311e-16 -5.55112e-17 1 3.05311e-16 -5.55112e-17 1 3.05311e-16 -5.55112e-17 1 3.05311e-16 -5.55112e-17 1 3.05311e-16 -5.55112e-17 1 3.05311e-16 -5.55112e-17 1 3.05311e-16 -5.55112e-17 1 3.05311e-16 -5.55112e-17 1 3.05311e-16 -5.55112e-17 1 3.05311e-16 -5.55112e-17 1 3.05311e-16 -5.55112e-17 1 3.05311e-16 -5.55112e-17 1 3.05311e-16 -5.55112e-17 1 3.05311e-16 -5.55112e-17 1 3.05311e-16 -5.55112e-17 1 3.05311e-16 -5.55112e-17 1 3.05311e-16 -5.55112e-17 1 3.05311e-16 -5.55112e-17 1 3.05311e-16 -5.55112e-17 1 3.05311e-16 -5.55112e-17 1 3.05311e-16 -5.55112e-17 1 3.05311e-16 -5.55112e-17 1 3.05311e-16 -5.55112e-17 1 3.05311e-16 -5.55112e-17 1 3.05311e-16 -5.55112e-17 1 3.05311e-16 -5.55112e-17 1 3.05311e-16 -5.55112e-17 1 3.05311e-16 -5.55112e-17 1 3.05311e-16 -5.55112e-17 1 3.05311e-16 -5.55112e-17 1 3.05311e-16 -5.55112e-17 1 3.05311e-16 -5.55112e-17 1 3.05311e-16 -5.55112e-17 1 3.05311e-16 -5.55112e-17 1 3.05311e-16 -5.55112e-17 1 3.05311e-16 -5.55112e-17 1 3.05311e-16 -5.55112e-17 1 3.05311e-16 -5.55112e-17 1 3.05311e-16 -5.55112e-17 1 3.05311e-16 -5.55112e-17 1 3.05311e-16 -5.55112e-17 1 3.05311e-16 -5.55112e-17 1 3.05311e-16 -5.55112e-17 1 3.05311e-16 -5.55112e-17 1 3.05311e-16 -5.55112e-17 1 3.05311e-16 -5.55112e-17 1 3.05311e-16 -5.55112e-17 1 3.05311e-16 -5.55112e-17 1 3.05311e-16 -5.55112e-17 1 3.05311e-16 -5.55112e-17 1 3.05311e-16 -5.55112e-17 1 3.05311e-16 -5.55112e-17 1 3.05311e-16 -5.55112e-17 1 3.05311e-16 -5.55112e-17 1 3.05311e-16 -5.55112e-17 1 3.05311e-16 -5.55112e-17 1 3.05311e-16 -5.55112e-17 1 3.05311e-16 -5.55112e-17 1 3.05311e-16 -5.55112e-17 1 3.05311e-16 -5.55112e-17 1 3.05311e-16 -5.55112e-17 1 3.05311e-16 -5.55112e-17 1 3.05311e-16 -5.55112e-17 1 3.05311e-16 -5.55112e-17 1 3.05311e-16 -5.55112e-17 1 3.05311e-16 -5.55112e-17 1 3.05311e-16 -5.55112e-17 1 3.05311e-16 -5.55112e-17 1 3.05311e-16 -5.55112e-17 1 3.05311e-16 -5.55112e-17 1 3.05311e-16 -5.55112e-17 1 3.05311e-16 -5.55112e-17 1 3.05311e-16 -5.55112e-17 1 3.05311e-16 -5.55112e-17 1 3.05311e-16 -5.55112e-17 1 3.05311e-16 -5.55112e-17 1 3.05311e-16 -5.55112e-17 1 3.05311e-16 -5.55112e-17 1 3.05311e-16 -5.55112e-17 1 3.05311e-16 -5.55112e-17 1 3.05311e-16 -5.55112e-17 1 3.05311e-16 -5.55112e-17 1 3.05311e-16 -5.55112e-17 1 3.05311e-16 -5.55112e-17 1 3.05311e-16 -5.55112e-17 1 3.05311e-16 -5.55112e-17 1 3.05311e-16 -5.55112e-17 1 3.05311e-16 -5.55112e-17 1 3.05311e-16 -5.55112e-17 1 3.05311e-16 -5.55112e-17 1 3.05311e-16 -5.55112e-17 1 3.05311e-16 -5.55112e-17 1 3.05311e-16 -5.55112e-17 1 3.05311e-16 -5.55112e-17 1 3.05311e-16 -5.55112e-17 1 3.05311e-16 -5.55112e-17 1 3.05311e-16 -5.55112e-17 1 3.05311e-16 -5.55112e-17 1 3.05311e-16 -5.55112e-17 1 3.05311e-16 -5.55112e-17 1 3.05311e-16 -5.55112e-17 1 -1.52656e-16 -5.55112e-17 1 -1.52656e-16 -5.55112e-17 1 -1.52656e-16 -5.55112e-17 1 -1.52656e-16 -5.55112e-17 1 -1.52656e-16 -5.55112e-17 1 -1.52656e-16 -5.55112e-17 1 -1.52656e-16 -5.55112e-17 1 -1.52656e-16 -5.55112e-17 1 -1.52656e-16 -5.55112e-17 1 -1.52656e-16 -5.55112e-17 1 -1.52656e-16 -5.55112e-17 1 -1.52656e-16 -5.55112e-17 1 -1.52656e-16 -5.55112e-17 1 -1.52656e-16 -5.55112e-17 1 -1.52656e-16 -5.55112e-17 1 -1.52656e-16 -5.55112e-17 1 -1.52656e-16 -5.55112e-17 1 -1.52656e-16 -5.55112e-17 1 -1.52656e-16 -5.55112e-17 1 -1.52656e-16 -5.55112e-17 1 -1.52656e-16 -5.55112e-17 1 -1.52656e-16 -5.55112e-17 1 -1.52656e-16 -5.55112e-17 1 -1.52656e-16 -5.55112e-17 1 -1.52656e-16 -5.55112e-17 1 -1.52656e-16 -5.55112e-17 1 -1.52656e-16 -5.55112e-17 1 -1.52656e-16 -5.55112e-17 1 -1.52656e-16 -5.55112e-17 1 -1.52656e-16 -5.55112e-17 1 -1.52656e-16 -5.55112e-17 1 -1.52656e-16 -5.55112e-17 1 -1.52656e-16 -5.55112e-17 1 -1.52656e-16 -5.55112e-17 1 -1.52656e-16 -5.55112e-17 1 -1.52656e-16 -5.55112e-17 1 -1.52656e-16 -5.55112e-17 1 -1.52656e-16 -5.55112e-17 1 -1.52656e-16 -5.55112e-17 1 -1.52656e-16 -5.55112e-17 1 -1.52656e-16 -5.55112e-17 1 -1.52656e-16 -5.55112e-17 1 -1.52656e-16 -5.55112e-17 1 -1.52656e-16 -5.55112e-17 1 -1.52656e-16 -5.55112e-17 1 -1.52656e-16 -5.55112e-17 1 -1.52656e-16 -5.55112e-17 1 -1.52656e-16 -5.55112e-17 1 -1.52656e-16 -5.55112e-17 1 -1.52656e-16 -5.55112e-17 1 -1.52656e-16 -5.55112e-17 1 -1.52656e-16 -5.55112e-17 1 -1.52656e-16 -5.55112e-17 1 -1.52656e-16 -5.55112e-17 1 -1.52656e-16 -5.55112e-17 1 -1.52656e-16 -5.55112e-17 1 -1.52656e-16 -5.55112e-17 1 -1.52656e-16 -5.55112e-17 1 -1.52656e-16 -5.55112e-17 1 -1.52656e-16 -5.55112e-17 1 -1.52656e-16 -5.55112e-17 1 -1.52656e-16 -5.55112e-17 1 -1.52656e-16 -5.55112e-17 1 -1.52656e-16 -5.55112e-17 1 -1.52656e-16 -5.55112e-17 1 -1.52656e-16 -5.55112e-17 1 -1.52656e-16 -5.55112e-17 1 -1.52656e-16 -5.55112e-17 1 -1.52656e-16 -5.55112e-17 1 -1.52656e-16 -5.55112e-17 1 -1.52656e-16 -5.55112e-17 1 -1.52656e-16 -5.55112e-17 1 -1.52656e-16 -5.55112e-17 1 -1.52656e-16 -5.55112e-17 1 -1.52656e-16 -5.55112e-17 1 -1.52656e-16 -5.55112e-17 1 -1.52656e-16 -5.55112e-17 1 -1.52656e-16 -5.55112e-17 1 -1.52656e-16 -5.55112e-17 1 -1.52656e-16 -5.55112e-17 1 -1.52656e-16 -5.55112e-17 1 -1.52656e-16 -5.55112e-17 1 -1.52656e-16 -5.55112e-17 1 -1.52656e-16 -5.55112e-17 1 -1.52656e-16 -5.55112e-17 1 -1.52656e-16 -5.55112e-17 1 -1.52656e-16 -5.55112e-17 1 -1.52656e-16 -5.55112e-17 1 -1.52656e-16 -5.55112e-17 1 -1.52656e-16 -5.55112e-17 1 -1.52656e-16 -5.55112e-17 1 -1.52656e-16 -5.55112e-17 1 -1.52656e-16 -5.55112e-17 1 -1.52656e-16 -5.55112e-17 1 -1.52656e-16 -5.55112e-17 1 -1.52656e-16 -5.55112e-17 1 -1.52656e-16 -5.55112e-17 1 -1.52656e-16 -5.55112e-17 1 -1.52656e-16 -5.55112e-17 1 -1.52656e-16 -5.55112e-17 1 -1.52656e-16 -5.55112e-17 1 -1.52656e-16 -5.55112e-17 1 -1.52656e-16 -5.55112e-17 1 -1.52656e-16 -5.55112e-17 1 -1.52656e-16 -5.55112e-17 1 -1.52656e-16 -5.55112e-17 1 -1.52656e-16 -5.55112e-17 1 -1.52656e-16 -5.55112e-17 1 -1.52656e-16 -5.55112e-17 1 -1.52656e-16 -5.55112e-17 1 -1.52656e-16 -5.55112e-17 1 -1.52656e-16 -5.55112e-17 1 -1.52656e-16 -5.55112e-17 1 -1.52656e-16 -5.55112e-17 1 -1.52656e-16 -5.55112e-17 1 -1.52656e-16 -5.55112e-17 1 -1.52656e-16 -5.55112e-17 1 -1.52656e-16 -5.55112e-17 1 -1.52656e-16 -5.55112e-17 1 -1.52656e-16 -5.55112e-17 1 -1.52656e-16 -5.55112e-17 1 -1.52656e-16 -5.55112e-17 1 -1.52656e-16 -5.55112e-17 1 -1.52656e-16 -5.55112e-17 1 -1.52656e-16 -5.55112e-17 1 -1.52656e-16 -5.55112e-17 1 -1.52656e-16 -5.55112e-17 1 -1.52656e-16 -5.55112e-17 1 -1.52656e-16 -5.55112e-17 1 -1.52656e-16 -5.55112e-17 1 -1.52656e-16 -5.55112e-17 1 -1.52656e-16 -5.55112e-17 1 -1.52656e-16 -5.55112e-17 1 -1.52656e-16 -5.55112e-17 1 -1.52656e-16 -5.55112e-17 1 -1.52656e-16 -5.55112e-17 1 -1.52656e-16 -5.55112e-17 1 -1.52656e-16 -5.55112e-17 1 -1.52656e-16 -5.55112e-17 1 -1.52656e-16 -5.55112e-17 1 -1.52656e-16 -5.55112e-17 1 -1.52656e-16 -5.55112e-17 1 -1.52656e-16 -5.55112e-17 1 -1.52656e-16 -5.55112e-17 1 -1.52656e-16 -5.55112e-17 1 -1.52656e-16 -5.55112e-17 1 -1.52656e-16 -5.55112e-17 1 -1.52656e-16 -5.55112e-17 1 -1.52656e-16 -5.55112e-17 1 -1.52656e-16 -5.55112e-17 1 -1.52656e-16 -5.55112e-17 1 -1.52656e-16 -5.55112e-17 1 -1.52656e-16 -5.55112e-17 1 -1.52656e-16 -5.55112e-17 1 -1.52656e-16 -5.55112e-17 1 -1.52656e-16 -5.55112e-17 1 -1.52656e-16 -5.55112e-17 1 -1.52656e-16 -5.55112e-17 1 -1.52656e-16 -5.55112e-17 1 -1.52656e-16 -5.55112e-17 1 -1.52656e-16 -5.55112e-17 1 -1.52656e-16 -5.55112e-17 1 -1.52656e-16 -5.55112e-17 1 -1.52656e-16 -5.55112e-17 1 -1.52656e-16 -5.55112e-17 1 -1.52656e-16 -5.55112e-17 1 -1.52656e-16 -5.55112e-17 1 -1.52656e-16 -5.55112e-17 1 0.884437 -0.133308 0.447214 0.85469 -0.263637 0.447214 0.877933 -0.170977 0.447214 0.89259 -0.0573062 0.447214 0.894427 -7.81933e-08 0.447214 0.89259 0.0573062 0.447214 0.884437 0.133308 0.447214 0.85469 0.263637 0.447214 0.877933 0.170978 0.447214 0.848861 0.281842 0.447214 0.805851 0.388077 0.447214 0.805851 0.388077 0.447214 0.749609 0.487941 0.447214 0.73901 0.503849 0.447214 0.681058 0.579793 0.447214 0.601324 0.662125 0.447214 0.655662 0.608365 0.447214 0.511717 0.733584 0.447214 0.557666 0.699291 0.447214 0.447214 0.774597 0.447214 0.413707 0.792999 0.447214 0.308904 0.839392 0.447214 0.326771 0.832599 0.447214 0.199029 0.872002 0.447214 0.199029 0.872002 0.447214 0.0858855 0.890294 0.447214 0.0668407 0.891926 0.447214 -0.0668406 0.891926 0.447214 -0.0286679 0.893968 0.447214 -0.14275 0.882962 0.447214 -0.199029 0.872002 0.447214 -0.254489 0.857459 0.447214 -0.326771 0.832599 0.447214 -0.447214 0.774597 0.447214 -0.362049 0.817876 0.447214 -0.463664 0.764863 0.447214 -0.557666 0.699291 0.447214 -0.557666 0.699291 0.447214 -0.642511 0.622237 0.447214 -0.655662 0.608365 0.447214 -0.716806 0.534966 0.447214 -0.779331 0.438911 0.447214 -0.73901 0.503849 0.447214 -0.82906 0.335649 0.447214 -0.805851 0.388077 0.447214 -0.85469 0.263637 0.447214 -0.865175 0.226876 0.447214 -0.887084 0.114377 0.447214 -0.884437 0.133307 0.447214 -0.894427 5.19203e-11 0.447214 -0.894427 1.36341e-22 0.447214 0.848861 -0.281841 0.447214 0.805851 -0.388077 0.447214 0.805851 -0.388078 0.447214 0.73901 -0.503849 0.447214 0.749609 -0.487941 0.447214 0.681058 -0.579793 0.447214 0.655661 -0.608365 0.447214 0.557666 -0.699291 0.447214 0.601324 -0.662125 0.447214 0.447214 -0.774597 0.447214 0.511717 -0.733584 0.447214 0.413707 -0.792999 0.447214 0.326771 -0.832599 0.447214 0.199029 -0.872002 0.447214 0.308904 -0.839392 0.447214 0.199029 -0.872002 0.447214 0.0858857 -0.890294 0.447214 -0.0286676 -0.893968 0.447214 0.0668408 -0.891926 0.447214 -0.0668408 -0.891926 0.447214 -0.199029 -0.872002 0.447214 -0.14275 -0.882962 0.447214 -0.254489 -0.857459 0.447214 -0.326771 -0.832599 0.447214 -0.447214 -0.774597 0.447214 -0.362049 -0.817876 0.447214 -0.557666 -0.699291 0.447214 -0.463664 -0.764863 0.447214 -0.642511 -0.622238 0.447214 -0.557666 -0.699291 0.447214 -0.655661 -0.608365 0.447214 -0.716806 -0.534966 0.447214 -0.73901 -0.503849 0.447214 -0.779331 -0.438911 0.447214 -0.82906 -0.335649 0.447214 -0.805851 -0.388077 0.447214 -0.85469 -0.263637 0.447214 -0.865175 -0.226876 0.447214 -0.884437 -0.133308 0.447214 -0.887084 -0.114377 0.447214 0.884437 -0.133308 0.447214 0.85469 -0.263637 0.447214 0.877933 -0.170977 0.447214 0.89259 -0.0573062 0.447214 0.894427 -7.81933e-08 0.447214 0.89259 0.0573062 0.447214 0.884437 0.133308 0.447214 0.85469 0.263637 0.447214 0.877933 0.170978 0.447214 0.848861 0.281842 0.447214 0.805851 0.388077 0.447214 0.805851 0.388077 0.447214 0.749609 0.487941 0.447214 0.73901 0.503849 0.447214 0.681058 0.579793 0.447214 0.601324 0.662125 0.447214 0.655662 0.608365 0.447214 0.511717 0.733584 0.447214 0.557666 0.699291 0.447214 0.447214 0.774597 0.447214 0.413707 0.792999 0.447214 0.308904 0.839392 0.447214 0.326771 0.832599 0.447214 0.199029 0.872002 0.447214 0.199029 0.872002 0.447214 0.0858855 0.890294 0.447214 0.0668407 0.891926 0.447214 -0.0668406 0.891926 0.447214 -0.0286679 0.893968 0.447214 -0.14275 0.882962 0.447214 -0.199029 0.872002 0.447214 -0.254489 0.857459 0.447214 -0.326771 0.832599 0.447214 -0.447214 0.774597 0.447214 -0.362049 0.817876 0.447214 -0.463664 0.764863 0.447214 -0.557666 0.699291 0.447214 -0.557666 0.699291 0.447214 -0.642511 0.622237 0.447214 -0.655662 0.608365 0.447214 -0.716806 0.534966 0.447214 -0.779331 0.438911 0.447214 -0.73901 0.503849 0.447214 -0.82906 0.335649 0.447214 -0.805851 0.388077 0.447214 -0.85469 0.263637 0.447214 -0.865175 0.226876 0.447214 -0.887084 0.114377 0.447214 -0.884437 0.133307 0.447214 -0.894427 5.1921e-11 0.447214 -0.894427 1.36341e-22 0.447214 0.848861 -0.281841 0.447214 0.805851 -0.388077 0.447214 0.805851 -0.388078 0.447214 0.73901 -0.503849 0.447214 0.749609 -0.487941 0.447214 0.681058 -0.579793 0.447214 0.655661 -0.608365 0.447214 0.557666 -0.699291 0.447214 0.601324 -0.662125 0.447214 0.447214 -0.774597 0.447214 0.511717 -0.733584 0.447214 0.413707 -0.792999 0.447214 0.326771 -0.832599 0.447214 0.199029 -0.872002 0.447214 0.308904 -0.839392 0.447214 0.199029 -0.872002 0.447214 0.0858857 -0.890294 0.447214 -0.0286676 -0.893968 0.447214 0.0668408 -0.891926 0.447214 -0.0668408 -0.891926 0.447214 -0.199029 -0.872002 0.447214 -0.14275 -0.882962 0.447214 -0.254489 -0.857459 0.447214 -0.326771 -0.832599 0.447214 -0.447214 -0.774597 0.447214 -0.362049 -0.817876 0.447214 -0.557666 -0.699291 0.447214 -0.463664 -0.764863 0.447214 -0.642511 -0.622238 0.447214 -0.557666 -0.699291 0.447214 -0.655661 -0.608365 0.447214 -0.716806 -0.534966 0.447214 -0.73901 -0.503849 0.447214 -0.779331 -0.438911 0.447214 -0.82906 -0.335649 0.447214 -0.805851 -0.388077 0.447214 -0.85469 -0.263637 0.447214 -0.865175 -0.226876 0.447214 -0.884437 -0.133308 0.447214 -0.887084 -0.114377 0.447214 0.884437 -0.133308 0.447214 0.85469 -0.263637 0.447214 0.877933 -0.170977 0.447214 0.89259 -0.0573062 0.447214 0.894427 -7.81933e-08 0.447214 0.89259 0.0573062 0.447214 0.884437 0.133308 0.447214 0.85469 0.263637 0.447214 0.877933 0.170978 0.447214 0.848861 0.281842 0.447214 0.805851 0.388077 0.447214 0.805851 0.388077 0.447214 0.749609 0.487941 0.447214 0.73901 0.503849 0.447214 0.681058 0.579793 0.447214 0.601324 0.662125 0.447214 0.655662 0.608365 0.447214 0.511717 0.733584 0.447214 0.557666 0.699291 0.447214 0.447214 0.774597 0.447214 0.413707 0.792999 0.447214 0.308904 0.839392 0.447214 0.326771 0.832599 0.447214 0.199029 0.872002 0.447214 0.199029 0.872002 0.447214 0.0858855 0.890294 0.447214 0.0668407 0.891926 0.447214 -0.0668406 0.891926 0.447214 -0.0286679 0.893968 0.447214 -0.14275 0.882962 0.447214 -0.199029 0.872002 0.447214 -0.254489 0.857459 0.447214 -0.326771 0.832599 0.447214 -0.447214 0.774597 0.447214 -0.362049 0.817876 0.447214 -0.463664 0.764863 0.447214 -0.557666 0.699291 0.447214 -0.557666 0.699291 0.447214 -0.642511 0.622237 0.447214 -0.655662 0.608365 0.447214 -0.716806 0.534966 0.447214 -0.779331 0.438911 0.447214 -0.73901 0.503849 0.447214 -0.82906 0.335649 0.447214 -0.805851 0.388077 0.447214 -0.85469 0.263637 0.447214 -0.865175 0.226876 0.447214 -0.887084 0.114377 0.447214 -0.884437 0.133307 0.447214 -0.894427 5.19199e-11 0.447214 -0.894427 -1.25256e-23 0.447214 0.848861 -0.281841 0.447214 0.805851 -0.388077 0.447214 0.805851 -0.388078 0.447214 0.73901 -0.503849 0.447214 0.749609 -0.487941 0.447214 0.681058 -0.579793 0.447214 0.655661 -0.608365 0.447214 0.557666 -0.699291 0.447214 0.601324 -0.662125 0.447214 0.447214 -0.774597 0.447214 0.511717 -0.733584 0.447214 0.413707 -0.792999 0.447214 0.326771 -0.832599 0.447214 0.199029 -0.872002 0.447214 0.308904 -0.839392 0.447214 0.199029 -0.872002 0.447214 0.0858857 -0.890294 0.447214 -0.0286676 -0.893968 0.447214 0.0668408 -0.891926 0.447214 -0.0668408 -0.891926 0.447214 -0.199029 -0.872002 0.447214 -0.14275 -0.882962 0.447214 -0.254489 -0.857459 0.447214 -0.326771 -0.832599 0.447214 -0.447214 -0.774597 0.447214 -0.362049 -0.817876 0.447214 -0.557666 -0.699291 0.447214 -0.463664 -0.764863 0.447214 -0.642511 -0.622238 0.447214 -0.557666 -0.699291 0.447214 -0.655661 -0.608365 0.447214 -0.716806 -0.534966 0.447214 -0.73901 -0.503849 0.447214 -0.779331 -0.438911 0.447214 -0.82906 -0.335649 0.447214 -0.805851 -0.388077 0.447214 -0.85469 -0.263637 0.447214 -0.865175 -0.226876 0.447214 -0.884437 -0.133308 0.447214 -0.887084 -0.114377 0.447214 0.884437 -0.133308 0.447214 0.85469 -0.263637 0.447214 0.877933 -0.170977 0.447214 0.89259 -0.0573062 0.447214 0.894427 -7.81933e-08 0.447214 0.89259 0.0573062 0.447214 0.884437 0.133308 0.447214 0.85469 0.263637 0.447214 0.877933 0.170978 0.447214 0.848861 0.281842 0.447214 0.805851 0.388077 0.447214 0.805851 0.388077 0.447214 0.749609 0.487941 0.447214 0.73901 0.503849 0.447214 0.681058 0.579793 0.447214 0.601324 0.662125 0.447214 0.655662 0.608365 0.447214 0.511717 0.733584 0.447214 0.557666 0.699291 0.447214 0.447214 0.774597 0.447214 0.413707 0.792999 0.447214 0.308904 0.839392 0.447214 0.326771 0.832599 0.447214 0.199029 0.872002 0.447214 0.199029 0.872002 0.447214 0.0858855 0.890294 0.447214 0.0668407 0.891926 0.447214 -0.0668406 0.891926 0.447214 -0.0286679 0.893968 0.447214 -0.14275 0.882962 0.447214 -0.199029 0.872002 0.447214 -0.254489 0.857459 0.447214 -0.326771 0.832599 0.447214 -0.447214 0.774597 0.447214 -0.362049 0.817876 0.447214 -0.463664 0.764863 0.447214 -0.557666 0.699291 0.447214 -0.557666 0.699291 0.447214 -0.642511 0.622237 0.447214 -0.655662 0.608365 0.447214 -0.716806 0.534966 0.447214 -0.779331 0.438911 0.447214 -0.73901 0.503849 0.447214 -0.82906 0.335649 0.447214 -0.805851 0.388077 0.447214 -0.85469 0.263637 0.447214 -0.865175 0.226876 0.447214 -0.887084 0.114377 0.447214 -0.884437 0.133307 0.447214 -0.894427 5.19188e-11 0.447214 -0.894427 3.55898e-23 0.447214 0.848861 -0.281841 0.447214 0.805851 -0.388077 0.447214 0.805851 -0.388078 0.447214 0.73901 -0.503849 0.447214 0.749609 -0.487941 0.447214 0.681058 -0.579793 0.447214 0.655661 -0.608365 0.447214 0.557666 -0.699291 0.447214 0.601324 -0.662125 0.447214 0.447214 -0.774597 0.447214 0.511717 -0.733584 0.447214 0.413707 -0.792999 0.447214 0.326771 -0.832599 0.447214 0.199029 -0.872002 0.447214 0.308904 -0.839392 0.447214 0.199029 -0.872002 0.447214 0.0858857 -0.890294 0.447214 -0.0286676 -0.893968 0.447214 0.0668408 -0.891926 0.447214 -0.0668408 -0.891926 0.447214 -0.199029 -0.872002 0.447214 -0.14275 -0.882962 0.447214 -0.254489 -0.857459 0.447214 -0.326771 -0.832599 0.447214 -0.447214 -0.774597 0.447214 -0.362049 -0.817876 0.447214 -0.557666 -0.699291 0.447214 -0.463664 -0.764863 0.447214 -0.642511 -0.622238 0.447214 -0.557666 -0.699291 0.447214 -0.655661 -0.608365 0.447214 -0.716806 -0.534966 0.447214 -0.73901 -0.503849 0.447214 -0.779331 -0.438911 0.447214 -0.82906 -0.335649 0.447214 -0.805851 -0.388077 0.447214 -0.85469 -0.263637 0.447214 -0.865175 -0.226876 0.447214 -0.884437 -0.133308 0.447214 -0.887084 -0.114377 0.447214 0.998871 -0.0475106 -2.78593e-16 1 -4.28395e-09 -3.05311e-16 1 -4.28395e-09 -3.05311e-16 0.989796 -0.142493 -2.23097e-16 0.996195 -0.0871557 -2.55768e-16 0.984808 -0.173648 -2.04279e-16 0.995473 -0.0950447 -2.51169e-16 0.958754 -0.284236 -1.34936e-16 0.971483 -0.23711 -1.64982e-16 0.965926 -0.258819 -1.51235e-16 0.981821 -0.189809 -1.94396e-16 0.906308 -0.422618 -4.21058e-17 0.925945 -0.377659 -7.30585e-17 0.939693 -0.34202 -9.70395e-17 0.943579 -0.331149 -1.04261e-16 0.866025 -0.5 1.31485e-17 0.857946 -0.51374 2.32427e-17 0.883191 -0.469013 -9.29357e-18 0.905842 -0.423615 -4.14104e-17 0.819152 -0.573577 6.83026e-17 0.766044 -0.642788 1.22937e-16 0.8 -0.6 8.88178e-17 0.83021 -0.557451 5.59752e-17 0.687976 -0.725734 1.92816e-16 0.642788 -0.766044 2.2899e-16 0.624426 -0.781084 2.42944e-16 0.746639 -0.665229 1.41319e-16 0.707107 -0.707107 1.76635e-16 0.409128 -0.912477 3.81615e-16 0.484505 -0.874788 3.3768e-16 0.422618 -0.906308 3.74072e-16 0.5 -0.866025 3.28085e-16 0.556442 -0.830887 2.91347e-16 0.573576 -0.819152 2.79601e-16 0.330844 -0.943685 4.2284e-16 0.34202 -0.939693 4.17212e-16 0.258819 -0.965926 4.57176e-16 0.173648 -0.984808 4.93661e-16 0.250212 -0.968191 4.61062e-16 0.0871558 -0.996195 5.26389e-16 0.167802 -0.985821 4.96009e-16 0.0841998 -0.996449 5.27433e-16 -1.67205e-07 -1 5.55112e-16 7.12139e-08 -1 5.55112e-16 -4.28396e-09 -1 5.55112e-16 -0.0841998 -0.996449 5.78847e-16 -4.28396e-09 -1 5.55112e-16 -0.173648 -0.984808 5.99695e-16 -0.167802 -0.985821 5.98472e-16 -0.0871557 -0.996195 5.79609e-16 -0.422618 -0.906308 6.32132e-16 -0.409128 -0.912477 6.31438e-16 -0.34202 -0.939693 6.26057e-16 -0.258819 -0.965926 6.15217e-16 -0.330844 -0.943685 6.24861e-16 -0.250212 -0.968191 6.13846e-16 -0.573577 -0.819152 6.2984e-16 -0.642788 -0.766044 6.2149e-16 -0.624426 -0.781084 6.24233e-16 -0.484505 -0.874788 6.3353e-16 -0.5 -0.866025 6.33396e-16 -0.556442 -0.830887 6.31123e-16 -0.8 -0.6 5.77316e-16 -0.766044 -0.642788 5.90701e-16 -0.819152 -0.573576 5.68495e-16 -0.746639 -0.665229 5.97234e-16 -0.687976 -0.725734 6.1291e-16 -0.707107 -0.707107 6.08411e-16 -0.906308 -0.422618 5.11306e-16 -0.905858 -0.423582 5.11704e-16 -0.883161 -0.469069 5.30025e-16 -0.866025 -0.5 5.41963e-16 -0.857936 -0.513757 5.4713e-16 -0.83021 -0.557451 5.6292e-16 -0.925967 -0.377604 4.92321e-16 -0.943576 -0.331156 4.71913e-16 -0.939693 -0.34202 4.76758e-16 -0.958752 -0.284244 4.50505e-16 -0.965926 -0.258819 4.38582e-16 -0.984808 -0.173648 3.97067e-16 -0.971492 -0.237072 4.28209e-16 -0.989808 -0.142406 3.81251e-16 -0.981826 -0.189786 4.05115e-16 -0.995475 -0.0950187 3.56676e-16 -0.996195 -0.0871558 3.52531e-16 -0.998871 -0.0475107 3.3134e-16 -1 -7.12139e-08 3.05311e-16 -1 -7.12139e-08 3.05311e-16 -0.998871 0.0475106 2.78593e-16 -1 4.28395e-09 3.05311e-16 -1 4.28395e-09 3.05311e-16 -0.989796 0.142493 2.23097e-16 -0.996195 0.0871557 2.55768e-16 -0.984808 0.173648 2.04279e-16 -0.995473 0.0950447 2.51169e-16 -0.958754 0.284236 1.34936e-16 -0.971483 0.23711 1.64982e-16 -0.965926 0.258819 1.51235e-16 -0.981821 0.189809 1.94396e-16 -0.906308 0.422618 4.21058e-17 -0.925945 0.377659 7.30585e-17 -0.939693 0.34202 9.70395e-17 -0.943579 0.331149 1.04261e-16 -0.866025 0.5 -1.31485e-17 -0.857946 0.51374 -2.32427e-17 -0.883191 0.469013 9.29357e-18 -0.905842 0.423615 4.14104e-17 -0.8 0.6 -8.88178e-17 -0.766044 0.642788 -1.22937e-16 -0.746639 0.665229 -1.41319e-16 -0.83021 0.557451 -5.59752e-17 -0.819152 0.573577 -6.83026e-17 -0.687976 0.725734 -1.92816e-16 -0.642788 0.766044 -2.2899e-16 -0.624426 0.781084 -2.42944e-16 -0.707107 0.707107 -1.76635e-16 -0.409128 0.912477 -3.81615e-16 -0.484505 0.874788 -3.3768e-16 -0.422618 0.906308 -3.74072e-16 -0.5 0.866025 -3.28085e-16 -0.556442 0.830887 -2.91347e-16 -0.573576 0.819152 -2.79601e-16 -0.330844 0.943685 -4.2284e-16 -0.34202 0.939693 -4.17212e-16 -0.258819 0.965926 -4.57176e-16 -0.173648 0.984808 -4.93661e-16 -0.250212 0.968191 -4.61062e-16 -0.0871558 0.996195 -5.26389e-16 -0.167802 0.985821 -4.96009e-16 -0.0841998 0.996449 -5.27433e-16 1.67205e-07 1 -5.55112e-16 -7.1214e-08 1 -5.55112e-16 0.925967 0.377604 -4.92321e-16 0.906308 0.422618 -5.11306e-16 0.939693 0.34202 -4.76758e-16 0.8 0.6 -5.77316e-16 0.766044 0.642788 -5.90701e-16 0.819152 0.573576 -5.68495e-16 0.943576 0.331156 -4.71913e-16 0.958752 0.284244 -4.50505e-16 0.965926 0.258819 -4.38582e-16 0.971492 0.237072 -4.28209e-16 0.981826 0.189786 -4.05115e-16 0.984808 0.173648 -3.97067e-16 0.989808 0.142406 -3.81251e-16 0.996195 0.0871558 -3.52531e-16 0.995475 0.0950187 -3.56676e-16 0.998871 0.0475107 -3.3134e-16 1 7.12139e-08 -3.05311e-16 1 7.12139e-08 -3.05311e-16 0.905858 0.423582 -5.11704e-16 0.866025 0.5 -5.41963e-16 0.883161 0.469069 -5.30025e-16 0.857936 0.513757 -5.4713e-16 0.83021 0.557451 -5.6292e-16 0.687976 0.725734 -6.1291e-16 0.707107 0.707107 -6.08411e-16 0.746639 0.665229 -5.97234e-16 0.484505 0.874788 -6.3353e-16 0.5 0.866025 -6.33396e-16 0.556442 0.830887 -6.31123e-16 0.624426 0.781084 -6.24233e-16 0.573577 0.819152 -6.2984e-16 0.642788 0.766044 -6.2149e-16 0.330844 0.943685 -6.24861e-16 0.250212 0.968191 -6.13846e-16 0.258819 0.965926 -6.15217e-16 0.422618 0.906308 -6.32132e-16 0.409128 0.912477 -6.31438e-16 0.34202 0.939693 -6.26057e-16 0.167802 0.985821 -5.98472e-16 0.0871557 0.996195 -5.79609e-16 0.173648 0.984808 -5.99695e-16 4.28395e-09 1 -5.55112e-16 0.0841998 0.996449 -5.78847e-16 4.28395e-09 1 -5.55112e-16 0.587785 0.809017 -6.28552e-16 0.707107 0.707107 -6.08411e-16 0.707107 0.707107 -6.08411e-16 0.453991 0.891007 -6.33216e-16 0.587785 0.809017 -6.28552e-16 0.453991 0.891007 -6.33216e-16 0.309017 0.951057 -6.22289e-16 0.156435 0.987688 -5.96038e-16 0.309017 0.951057 -6.22289e-16 6.7857e-08 1 -5.55112e-16 0.156434 0.987688 -5.96038e-16 -1.70562e-07 1 -5.55111e-16 0.809017 0.587785 -5.73288e-16 0.809017 0.587785 -5.73288e-16 0.891007 0.45399 -5.2405e-16 0.951057 0.309017 -4.61907e-16 0.891007 0.45399 -5.2405e-16 0.987688 0.156435 -3.88391e-16 0.951057 0.309017 -4.61907e-16 0.987688 0.156435 -3.88391e-16 1 7.64094e-09 -3.05311e-16 1 7.64094e-09 -3.05311e-16 -0.187061 0.43368 0.881436 -0.0985076 0.443175 0.891006 -0.116388 0.300938 0.946515 -0.264621 0.54803 0.793498 -0.218788 0.545548 0.809017 -8.26609e-09 -8.59503e-09 1 0.107474 0.113671 0.987688 -9.34139e-09 -7.41223e-09 1 -0.067051 0.301655 0.951056 -0.0541026 0.154997 0.986432 4.65107e-10 -1.19158e-08 1 2.05465e-09 -1.17465e-08 1 -0.00876165 0.156189 0.987688 -1.1328e-09 -1.1871e-08 1 3.60728e-09 -1.13662e-08 1 -0.0339434 0.152708 0.987688 -0.0254273 0.453278 0.891006 -0.127539 0.573781 0.809017 -0.0329209 0.586862 0.809017 0.0752669 0.70309 0.707107 0.0625659 0.584446 0.809017 -0.039604 0.705997 0.707107 -0.153429 0.690261 0.707107 0.156401 0.566595 0.809017 0.1208 0.437624 0.891006 0.398207 0.863678 0.309017 0.499192 0.738038 0.453991 0.373064 0.809145 0.453991 0.246105 0.533782 0.809017 0.329311 0.486873 0.809017 0.254351 0.376049 0.891006 0.485796 0.513811 0.707107 0.40382 0.427108 0.809017 0.396161 0.58571 0.707107 0.51916 0.275615 0.809017 0.430171 0.145121 0.891006 0.400987 0.212878 0.891006 0.138171 0.0733529 0.987688 -1.02488e-08 -6.09623e-09 1 0.124465 0.0947634 0.987688 -1.18177e-08 -1.59494e-09 1 0.154369 0.0253372 0.987688 0.156435 2.87122e-08 0.987688 0.304937 0.0500504 0.951056 0.309017 5.67174e-08 0.951056 -1.19249e-08 -2.24422e-15 1 0.3119 0.329887 0.891006 0.55581 0.587863 0.587785 0.453257 0.670124 0.587785 0.215267 0.779852 0.587785 0.338735 0.734689 0.587785 0.296065 0.642141 0.707107 0.872374 0.463132 0.156434 0.891006 0.453991 8.74228e-08 0.935868 0.315721 0.156434 0.532836 0.787778 0.309017 0.612139 0.64744 0.453991 0.987688 0.156434 8.74228e-08 0.974647 0.159973 0.156434 0.951056 0.309017 8.74228e-08 0.840019 0.445955 0.309017 0.756698 0.576122 0.309017 0.785844 0.598312 0.156434 0.987688 -2.89685e-07 0.156434 1 1.83541e-07 8.74228e-08 0.18815 0.681615 0.707107 0.0861146 0.804421 0.587785 -0.0453118 0.807747 0.587785 -0.263203 0.656296 0.707107 -0.175542 0.789743 0.587785 -0.0532672 0.949564 0.309017 -0.0499039 0.889608 0.453991 -0.193332 0.869779 0.453991 -0.301136 0.750883 0.587785 -0.143859 0.978976 0.144608 0.105133 0.982077 0.156434 -0.347304 0.641289 0.684199 -0.430276 0.711199 0.55593 -0.367251 0.826929 0.42581 -0.26948 0.919053 0.287615 0.0166514 0.155546 0.987688 -0.0173076 0.308532 0.951056 0.0876435 0.129578 0.987688 -7.04225e-09 -9.62339e-09 1 -2.71034e-09 -1.16128e-08 1 0.0416248 0.150795 0.987688 0.0328928 0.307261 0.951056 0.0483243 0.451411 0.891006 0.101234 0.945653 0.309017 0.0948418 0.885944 0.453991 -1.08043e-07 1 8.74228e-08 -4.23919e-09 -1.11459e-08 1 0.065499 0.142062 0.987688 0.0822247 0.297877 0.951056 0.190086 0.41228 0.891006 0.237083 0.858885 0.453991 0.253062 0.916771 0.309017 0.156434 0.987688 8.74228e-08 0.262809 0.952082 0.156434 -5.69185e-09 -1.04788e-08 1 0.129385 0.280626 0.951056 0.309017 0.951057 8.74228e-08 0.413544 0.896944 0.156434 0.292804 0.0987792 0.951056 0.173129 0.255965 0.951056 0.453991 0.891006 8.74228e-08 0.553359 0.818121 0.156434 -1.09721e-08 -4.67069e-09 1 0.148227 0.0500053 0.987688 0.212301 0.224544 0.951056 0.70892 0.539745 0.453991 0.653394 0.691075 0.309017 0.587785 0.809017 8.74228e-08 0.678561 0.717693 0.156434 0.361213 0.275014 0.891006 0.245866 0.187193 0.951056 0.467665 0.356063 0.809017 0.562602 0.428344 0.707107 0.643686 0.490079 0.587785 0.707107 0.707107 8.74228e-08 0.272939 0.1449 0.951056 0.624551 0.331566 0.707107 0.714563 0.379352 0.587785 0.78698 0.417797 0.453991 0.809017 0.587785 8.74228e-08 -1.14982e-08 -3.16122e-09 1 0.556946 0.187889 0.809017 0.670007 0.226031 0.707107 0.766571 0.258608 0.587785 0.844259 0.284816 0.453991 0.901158 0.304011 0.309017 0.938499 0.154039 0.309017 0.447996 0.0735315 0.891006 0.580024 0.0952018 0.809017 0.69777 0.114528 0.707107 0.798335 0.131034 0.587785 0.879242 0.144313 0.453991 0.453991 8.33261e-08 0.891006 0.587785 -1.72395e-07 0.809017 0.707107 1.29783e-07 0.707107 0.809017 1.48488e-07 0.587785 0.891007 1.63537e-07 0.453991 0.951057 1.74558e-07 0.309017 0.951057 1.59635e-09 0.309017 0.949069 1.59301e-09 0.31507 0.909195 1.52608e-09 0.41637 1 1.6785e-09 -1.68883e-07 0.994365 1.66904e-09 0.106015 0.987688 1.65783e-09 0.156434 0.794051 1.33281e-09 0.607852 0.718183 1.20547e-09 0.695854 0.707107 1.18688e-09 0.707107 0.809017 1.35793e-09 0.587785 0.891007 1.49555e-09 0.453991 0.857629 1.43953e-09 0.514269 0.529437 8.88658e-10 0.84835 0.416541 6.99163e-10 0.909117 0.45399 7.62022e-10 0.891007 0.587785 9.86596e-10 0.809017 0.630226 1.05783e-09 0.776412 0.290027 4.8681e-10 0.957018 0.150469 2.52562e-10 0.988615 0.156435 2.62575e-10 0.987688 0.309017 5.18684e-10 0.951057 5.96244e-09 -4.55032e-17 1 5.96244e-09 -4.55032e-17 1 0.977386 1.64054e-09 0.211462 1 1.6785e-09 6.95355e-08 -0.707107 0.707107 -1.76635e-16 -0.707107 0.707107 -1.76635e-16 -0.587785 0.809017 -2.69637e-16 -0.45399 0.891007 -3.56e-16 -0.587785 0.809017 -2.69637e-16 -0.309017 0.951057 -4.33596e-16 -0.45399 0.891007 -3.56e-16 -0.309017 0.951057 -4.33596e-16 -0.156435 0.987688 -5.00516e-16 -7.64093e-09 1 -5.55112e-16 -0.156435 0.987688 -5.00516e-16 -7.64093e-09 1 -5.55112e-16 -0.809017 0.587785 -7.92842e-17 -0.809017 0.587785 -7.92844e-17 -0.891007 0.453991 2.0019e-17 -0.951057 0.309017 1.18829e-16 -0.891007 0.453991 2.0019e-17 -0.987688 0.156435 2.14714e-16 -0.951057 0.309017 1.18829e-16 -0.987688 0.156434 2.14714e-16 -1 6.7857e-08 3.05311e-16 -1 -1.70562e-07 3.05311e-16 -0.150469 -2.52562e-10 0.988615 -0.156435 -2.62575e-10 0.987688 -5.96245e-09 -6.55191e-17 1 -0.629746 -1.05703e-09 0.776801 -0.717985 -1.20514e-09 0.696059 -0.707107 -1.18688e-09 0.707107 -0.309017 -5.18684e-10 0.951057 -0.289741 -4.8633e-10 0.957105 -0.415635 -6.97642e-10 0.909532 -0.951057 -1.59635e-09 0.309017 -0.909095 -1.52591e-09 0.416589 -0.948947 -1.59281e-09 0.315435 -0.891007 -1.49555e-09 0.453991 -0.977362 -1.6405e-09 0.211574 -0.987688 -1.65783e-09 0.156435 -1 -1.6785e-09 6.95354e-08 -0.994365 -1.66904e-09 0.106015 -1 -1.6785e-09 -1.68883e-07 -0.857426 -1.43919e-09 0.514608 -0.793877 -1.33252e-09 0.608078 -0.809017 -1.35793e-09 0.587785 -0.587785 -9.86596e-10 0.809017 -0.45399 -7.62022e-10 0.891007 -0.529116 -8.8812e-10 0.84855 -5.96245e-09 -6.55191e-17 1 -0.124108 0.0952313 0.987688 -0.106937 0.114176 0.987688 9.20501e-09 -7.58093e-09 1 -4.18131e-09 -1.11678e-08 1 0.0355226 0.152348 0.987688 0.0598649 0.144527 0.987688 -0.707107 -7.27359e-09 0.707107 -0.697662 0.115185 0.707107 -0.579934 0.0957475 0.809017 -0.587785 -6.0462e-09 0.809017 -0.556591 0.188937 0.809017 -0.809017 -8.32188e-09 0.587785 -0.891007 -9.16526e-09 0.453991 -0.951057 -9.78296e-09 0.309017 -0.879106 0.145141 0.453991 -0.798211 0.131785 0.587785 -0.987688 -1.01598e-08 0.156434 -0.974496 0.16089 0.156434 -0.938354 0.154923 0.309017 -1 -1.02864e-08 8.74228e-08 -0.148133 0.0502842 0.987688 1.14749e-08 -3.2448e-09 1 -0.154345 0.0254825 0.987688 -0.30489 0.0503375 0.951056 -0.453991 -4.66994e-09 0.891006 -0.447927 0.073953 0.891006 6.79489e-09 -9.7996e-09 1 8.0765e-09 -8.77342e-09 1 -0.309017 -3.17868e-09 0.951056 1.18119e-08 -1.63792e-09 1 -0.156435 -1.60915e-09 0.987688 1.19249e-08 6.71531e-17 1 -0.669581 0.227292 0.707107 -0.51838 0.27708 0.809017 -0.623613 0.333328 0.707107 -0.466321 0.357821 0.809017 -0.242583 0.535392 0.809017 -0.392847 0.587938 0.707107 -0.291828 0.644078 0.707107 -0.560986 0.430459 0.707107 -0.401805 0.429003 0.809017 -0.252224 0.377479 0.891006 -0.326556 0.488725 0.809017 -0.641836 0.492498 0.587785 -0.553038 0.590472 0.587785 -0.483373 0.516092 0.707107 -0.183013 0.683013 0.707107 -0.057613 0.584955 0.809017 -0.15213 0.567757 0.809017 -0.117501 0.438521 0.891006 -0.187365 0.413524 0.891006 0.0296924 0.453019 0.891006 -0.0444989 0.451805 0.891006 0.239738 0.38553 0.891006 0.163182 0.262418 0.951056 0.173735 0.419433 0.891006 0.34402 0.290635 0.89285 0.203749 0.232331 0.951056 0.299337 0.341328 0.891006 -9.41041e-09 -7.32441e-09 1 0.133723 0.0865259 0.987234 -1.03273e-08 -5.96244e-09 1 0.250208 0.183786 0.950589 0.120926 0.099241 0.987688 0.103144 0.117614 0.987688 0.0826081 0.132845 0.987688 6.56915e-10 -1.19068e-08 1 -0.0153333 0.155681 0.987688 0.0102313 0.1561 0.987688 -5.67562e-09 -1.04876e-08 1 -0.310345 0.331351 0.891006 -0.367725 0.811586 0.453991 -0.495017 0.740845 0.453991 -0.528379 0.790775 0.309017 -0.0968104 0.982932 0.156434 -0.0932198 0.946477 0.309017 -0.255632 0.954034 0.156434 1.09205e-08 -4.79017e-09 1 -0.137963 0.0737427 0.987688 -0.292618 0.0993303 0.951056 -0.429897 0.14593 0.891006 -0.843721 0.286405 0.453991 -0.935272 0.317482 0.156434 -0.900584 0.305707 0.309017 -0.766083 0.26005 0.587785 -0.987688 0.156435 8.74228e-08 -0.951057 0.309017 8.74228e-08 1.0159e-08 -6.24474e-09 1 -0.272529 0.14567 0.951056 -0.400384 0.21401 0.891006 -0.785798 0.420018 0.453991 -0.871063 0.465593 0.156434 -0.838757 0.448325 0.309017 -0.713489 0.381368 0.587785 -0.891006 0.453991 8.74228e-08 -9.84747e-10 -1.18842e-08 1 -2.60775e-09 -1.16363e-08 1 -0.24516 0.188118 0.951056 -0.360175 0.276372 0.891006 -0.706883 0.54241 0.453991 -0.783586 0.601267 0.156434 -0.754524 0.578966 0.309017 -0.809017 0.587785 8.74228e-08 -0.0869104 0.130071 0.987688 -0.211242 0.22554 0.951056 -0.609085 0.650314 0.453991 -0.675176 0.720878 0.156434 -0.650135 0.694142 0.309017 -0.707107 0.707107 8.74228e-08 5.38448e-09 -1.064e-08 1 -0.0645616 0.142491 0.987688 -0.171681 0.256938 0.951056 -0.449466 0.672673 0.587785 -0.246151 0.91865 0.309017 -0.407626 0.89965 0.156434 -0.54873 0.821233 0.156434 -0.587785 0.809017 8.74228e-08 3.872e-09 -1.12788e-08 1 -0.0404882 0.151104 0.987688 -0.127534 0.281473 0.951056 -0.333887 0.736904 0.587785 -0.392508 0.866283 0.309017 -0.45399 0.891007 8.74228e-08 2.28612e-09 -1.17037e-08 1 -0.0799795 0.298488 0.951056 -0.209389 0.78145 0.587785 -0.23061 0.860646 0.453991 -0.309017 0.951056 8.74228e-08 -8.31518e-09 -8.54755e-09 1 -7.06234e-09 -9.60865e-09 1 -0.030289 0.307529 0.951056 -0.0693086 0.703702 0.707107 -0.0792975 0.805121 0.587785 -0.0873339 0.886716 0.453991 0.0582745 0.889099 0.453991 -0.156434 0.987688 8.74228e-08 0.0384429 0.586527 0.809017 0.0202107 0.308355 0.951056 0.0462469 0.705593 0.707107 0.0529122 0.807285 0.587785 0.183709 0.787883 0.587785 0.0622022 0.94902 0.309017 3.3425e-08 1 8.74228e-08 0.064598 0.985574 0.156434 0.103091 0.442131 0.891006 0.0701705 0.300945 0.951056 0.133472 0.57243 0.809017 0.160567 0.688635 0.707107 0.270598 0.653282 0.707107 0.129862 0.982772 0.131514 0.202326 0.867731 0.453991 0.248008 0.932824 0.261402 0.224936 0.543043 0.809017 0.118256 0.285495 0.951056 0.31039 0.499148 0.809017 0.309597 0.747434 0.587785 0.344547 0.854939 0.387772 0.3734 0.600477 0.707107 0.446229 0.643455 0.621969 0.412191 0.75588 0.508669 0.410229 0.405166 0.817039 0.44524 0.524431 0.725764 -0.587785 -0.809017 6.28552e-16 -0.707107 -0.707107 6.08411e-16 -0.707107 -0.707107 6.08411e-16 -0.587785 -0.809017 6.28552e-16 -0.453991 -0.891007 6.33216e-16 -0.453991 -0.891007 6.33216e-16 -0.309017 -0.951057 6.22289e-16 -0.309017 -0.951057 6.22289e-16 -0.156435 -0.987688 5.96038e-16 -0.156434 -0.987688 5.96038e-16 -6.7857e-08 -1 5.55112e-16 1.70562e-07 -1 5.55111e-16 -0.809017 -0.587785 5.73288e-16 -0.809017 -0.587785 5.73288e-16 -0.891007 -0.45399 5.2405e-16 -0.951057 -0.309017 4.61907e-16 -0.891007 -0.45399 5.2405e-16 -0.987688 -0.156435 3.88391e-16 -0.951057 -0.309017 4.61907e-16 -0.987688 -0.156435 3.88391e-16 -1 -7.64095e-09 3.05311e-16 -1 -7.64095e-09 3.05311e-16 -0.209389 -0.78145 0.587785 -0.183013 -0.683013 0.707107 -0.0792975 -0.805121 0.587785 0.31039 -0.499148 0.809017 0.224936 -0.543043 0.809017 0.173735 -0.419433 0.891006 -0.495017 -0.740845 0.453991 -0.367725 -0.811586 0.453991 -0.392508 -0.866283 0.309017 -0.974496 -0.16089 0.156434 -0.935272 -0.317482 0.156434 -0.951056 -0.309017 8.74228e-08 -0.871063 -0.465593 0.156434 -0.891007 -0.45399 8.74228e-08 -0.987688 -0.156434 8.74228e-08 -0.528379 -0.790775 0.309017 -0.609085 -0.650314 0.453991 -0.838757 -0.448325 0.309017 -0.754524 -0.578967 0.309017 -0.783586 -0.601267 0.156434 -0.333887 -0.736904 0.587785 -0.291828 -0.644078 0.707107 -0.553038 -0.590472 0.587785 -0.449466 -0.672673 0.587785 -0.187365 -0.413524 0.891006 -0.15213 -0.567757 0.809017 -0.242583 -0.535392 0.809017 -0.392847 -0.587938 0.707107 -0.483373 -0.516092 0.707107 -0.401805 -0.429003 0.809017 9.20501e-09 7.58093e-09 1 -0.106937 -0.114176 0.987688 -0.124108 -0.0952313 0.987688 -0.326556 -0.488725 0.809017 -0.252224 -0.377479 0.891006 -0.30489 -0.0503375 0.951056 -0.309017 1.93339e-08 0.951056 -0.156435 9.78743e-09 0.987688 -0.51838 -0.27708 0.809017 -0.429897 -0.145931 0.891006 -0.400384 -0.21401 0.891006 1.18119e-08 1.63793e-09 1 1.19249e-08 -8.01599e-16 1 -0.154345 -0.0254825 0.987688 -0.137963 -0.0737427 0.987688 1.0159e-08 6.24474e-09 1 -1 6.25657e-08 8.74228e-08 -0.987688 6.17954e-08 0.156434 -0.117501 -0.438521 0.891006 -0.057613 -0.584955 0.809017 -0.0693085 -0.703702 0.707107 0.046247 -0.705593 0.707107 0.160567 -0.688635 0.707107 0.038443 -0.586527 0.809017 0.0529122 -0.807285 0.587785 0.103091 -0.442131 0.891006 0.133472 -0.57243 0.809017 0.0296924 -0.453019 0.891006 0.183708 -0.787883 0.587785 0.270598 -0.653282 0.707107 0.062202 -0.94902 0.309017 0.0582746 -0.889099 0.453991 0.202327 -0.867731 0.453991 0.129862 -0.982772 0.131514 -0.0968103 -0.982932 0.156434 0.344221 -0.855018 0.387887 0.309597 -0.747434 0.587785 0.3734 -0.600477 0.707107 0.299337 -0.341328 0.891006 0.239738 -0.38553 0.891006 5.38448e-09 1.064e-08 1 -0.0645616 -0.142491 0.987688 -0.0869103 -0.130071 0.987688 0.343955 -0.290541 0.892906 0.410204 -0.405111 0.817079 0.0598649 -0.144527 0.987688 0.0355226 -0.152348 0.987688 -4.18131e-09 1.11678e-08 1 0.103144 -0.117614 0.987688 0.082608 -0.132845 0.987688 -7.06234e-09 9.60865e-09 1 0.120926 -0.099241 0.987688 -8.31518e-09 8.54755e-09 1 0.250233 -0.183713 0.950596 0.133723 -0.086526 0.987234 -2.60775e-09 1.16363e-08 1 -9.84748e-10 1.18842e-08 1 -1.03272e-08 5.96244e-09 1 -9.41041e-09 7.32441e-09 1 0.203749 -0.232331 0.951056 -5.67562e-09 1.04876e-08 1 0.163182 -0.262418 0.951056 0.445211 -0.524474 0.72575 6.79489e-09 9.7996e-09 1 8.0765e-09 8.77342e-09 1 0.118256 -0.285495 0.951056 0.446084 -0.643399 0.622131 0.412022 -0.755931 0.508729 0.0102313 -0.1561 0.987688 0.0701705 -0.300945 0.951056 6.56914e-10 1.19068e-08 1 -0.0153333 -0.155681 0.987688 0.0202107 -0.308355 0.951056 0.247346 -0.932958 0.261553 2.28613e-09 1.17037e-08 1 -0.0404882 -0.151104 0.987688 -0.030289 -0.307529 0.951056 -0.0444988 -0.451805 0.891006 -0.0932198 -0.946477 0.309017 -0.0873339 -0.886716 0.453991 1.00355e-07 -1 8.74228e-08 3.872e-09 1.12788e-08 1 -0.0799795 -0.298488 0.951056 -0.310345 -0.331351 0.891006 -0.246152 -0.91865 0.309017 -0.156434 -0.987688 8.74228e-08 -0.255633 -0.954034 0.156434 -0.230609 -0.860646 0.453991 -0.292618 -0.0993304 0.951056 -0.127534 -0.281473 0.951056 -0.309017 -0.951056 8.74228e-08 -0.407626 -0.89965 0.156434 -0.171681 -0.256938 0.951056 -0.453991 -0.891006 8.74228e-08 -0.54873 -0.821233 0.156434 1.09205e-08 4.79017e-09 1 -0.148133 -0.0502843 0.987688 -0.211242 -0.22554 0.951056 -0.706883 -0.54241 0.453991 -0.650135 -0.694142 0.309017 -0.587785 -0.809017 8.74228e-08 -0.675176 -0.720878 0.156434 -0.360175 -0.276372 0.891006 -0.24516 -0.188118 0.951056 -0.466321 -0.357821 0.809017 -0.560986 -0.430459 0.707107 -0.641836 -0.492498 0.587785 -0.707107 -0.707107 8.74228e-08 -0.272529 -0.14567 0.951056 -0.623613 -0.333328 0.707107 -0.713489 -0.381368 0.587785 -0.785798 -0.420018 0.453991 -0.809017 -0.587785 8.74228e-08 1.14749e-08 3.2448e-09 1 -0.556591 -0.188937 0.809017 -0.669581 -0.227292 0.707107 -0.766082 -0.26005 0.587785 -0.843721 -0.286405 0.453991 -0.900584 -0.305707 0.309017 -0.938354 -0.154923 0.309017 -0.447927 -0.0739531 0.891006 -0.579934 -0.0957476 0.809017 -0.697662 -0.115185 0.707107 -0.798211 -0.131785 0.587785 -0.879106 -0.145141 0.453991 -0.453991 2.84042e-08 0.891006 -0.587785 3.67752e-08 0.809017 -0.707107 4.42406e-08 0.707107 -0.809017 5.06167e-08 0.587785 -0.891007 5.57464e-08 0.453991 -0.951057 5.95035e-08 0.309017 -0.951057 -1.59635e-09 0.309017 -0.949069 -1.59301e-09 0.31507 -0.909195 -1.52608e-09 0.41637 -1 -1.6785e-09 -1.68883e-07 -0.994365 -1.66904e-09 0.106015 -0.987688 -1.65783e-09 0.156434 -0.794051 -1.33281e-09 0.607852 -0.718183 -1.20547e-09 0.695854 -0.707107 -1.18688e-09 0.707107 -0.809017 -1.35793e-09 0.587785 -0.891007 -1.49555e-09 0.453991 -0.857629 -1.43953e-09 0.514269 -0.529437 -8.88658e-10 0.84835 -0.416541 -6.99163e-10 0.909117 -0.45399 -7.62022e-10 0.891007 -0.587785 -9.86596e-10 0.809017 -0.630226 -1.05783e-09 0.776412 -0.290027 -4.8681e-10 0.957018 -0.150469 -2.52562e-10 0.988615 -0.156435 -2.62575e-10 0.987688 -0.309017 -5.18684e-10 0.951057 -5.96245e-09 -6.55191e-17 1 -5.96245e-09 -6.55191e-17 1 -0.977386 -1.64054e-09 0.211462 -1 -1.6785e-09 6.95354e-08 0.587785 -0.809017 2.69637e-16 0.707107 -0.707107 1.76635e-16 0.587785 -0.809017 2.69637e-16 0.309017 -0.951057 4.33596e-16 0.156435 -0.987688 5.00516e-16 0.309017 -0.951057 4.33596e-16 0.453991 -0.891007 3.56e-16 0.453991 -0.891007 3.56e-16 0.156434 -0.987688 5.00516e-16 7.12139e-08 -1 5.55112e-16 -1.67205e-07 -1 5.55112e-16 0.707107 -0.707107 1.76635e-16 0.809017 -0.587785 7.92843e-17 0.809017 -0.587785 7.92843e-17 0.891007 -0.45399 -2.00191e-17 0.951057 -0.309017 -1.1883e-16 0.891007 -0.45399 -2.00191e-17 0.987688 -0.156435 -2.14714e-16 0.951057 -0.309017 -1.1883e-16 0.987688 -0.156435 -2.14714e-16 1 -4.28395e-09 -3.05311e-16 1 -4.28395e-09 -3.05311e-16 0.150469 2.52562e-10 0.988615 0.156435 2.62575e-10 0.987688 5.96244e-09 -4.55032e-17 1 0.629746 1.05703e-09 0.776801 0.717985 1.20514e-09 0.696059 0.707107 1.18688e-09 0.707107 0.309017 5.18684e-10 0.951057 0.289741 4.8633e-10 0.957105 0.415635 6.97642e-10 0.909532 0.951057 1.59635e-09 0.309017 0.909095 1.52591e-09 0.416589 0.948947 1.59281e-09 0.315435 0.891007 1.49555e-09 0.453991 0.977362 1.6405e-09 0.211574 0.987688 1.65783e-09 0.156435 1 1.6785e-09 6.95355e-08 0.994365 1.66904e-09 0.106015 1 1.6785e-09 -1.68883e-07 0.857426 1.43919e-09 0.514608 0.793877 1.33252e-09 0.608078 0.809017 1.35793e-09 0.587785 0.587785 9.86596e-10 0.809017 0.45399 7.62022e-10 0.891007 0.529116 8.8812e-10 0.84855 5.96244e-09 -4.55032e-17 1 0.124108 -0.0952313 0.987688 0.106937 -0.114176 0.987688 -9.20501e-09 7.58093e-09 1 4.18131e-09 1.11678e-08 1 -0.0355226 -0.152348 0.987688 -0.0598649 -0.144527 0.987688 0.707107 7.27357e-09 0.707107 0.697662 -0.115185 0.707107 0.579934 -0.0957475 0.809017 0.587785 6.04618e-09 0.809017 0.556591 -0.188937 0.809017 0.809017 8.32186e-09 0.587785 0.891007 9.16523e-09 0.453991 0.951057 9.78293e-09 0.309017 0.879106 -0.145141 0.453991 0.798211 -0.131785 0.587785 0.987688 1.01597e-08 0.156434 0.974496 -0.16089 0.156434 0.938354 -0.154923 0.309017 1 1.02864e-08 8.74228e-08 0.148133 -0.0502842 0.987688 -1.14749e-08 3.2448e-09 1 0.154345 -0.0254825 0.987688 0.30489 -0.0503375 0.951056 0.453991 4.66992e-09 0.891006 0.447927 -0.073953 0.891006 -6.79489e-09 9.7996e-09 1 -8.0765e-09 8.77342e-09 1 0.309017 3.17867e-09 0.951056 -1.18119e-08 1.63792e-09 1 0.156435 1.60915e-09 0.987688 -1.19249e-08 -1.78175e-16 1 0.669581 -0.227292 0.707107 0.51838 -0.27708 0.809017 0.623613 -0.333328 0.707107 0.466321 -0.357821 0.809017 0.242583 -0.535392 0.809017 0.392847 -0.587938 0.707107 0.291828 -0.644078 0.707107 0.560986 -0.430459 0.707107 0.401805 -0.429003 0.809017 0.252224 -0.377479 0.891006 0.326556 -0.488725 0.809017 0.641836 -0.492498 0.587785 0.553038 -0.590472 0.587785 0.483373 -0.516092 0.707107 0.183013 -0.683013 0.707107 0.057613 -0.584955 0.809017 0.15213 -0.567757 0.809017 0.117501 -0.438521 0.891006 0.187365 -0.413524 0.891006 -0.0296924 -0.453019 0.891006 0.0444989 -0.451805 0.891006 -0.239738 -0.38553 0.891006 -0.163182 -0.262418 0.951056 -0.173735 -0.419433 0.891006 -0.34402 -0.290635 0.89285 -0.203749 -0.232331 0.951056 -0.299337 -0.341328 0.891006 9.41041e-09 7.32441e-09 1 -0.133723 -0.0865259 0.987234 1.03272e-08 5.96244e-09 1 -0.250208 -0.183786 0.950589 -0.120926 -0.099241 0.987688 -0.103144 -0.117614 0.987688 -0.0826081 -0.132845 0.987688 -6.56915e-10 1.19068e-08 1 0.0153333 -0.155681 0.987688 -0.0102313 -0.1561 0.987688 5.67561e-09 1.04876e-08 1 0.310345 -0.331351 0.891006 0.367725 -0.811586 0.453991 0.495017 -0.740845 0.453991 0.528379 -0.790775 0.309017 0.0968104 -0.982932 0.156434 0.0932198 -0.946477 0.309017 0.255632 -0.954034 0.156434 -1.09205e-08 4.79017e-09 1 0.137963 -0.0737427 0.987688 0.292618 -0.0993303 0.951056 0.429897 -0.14593 0.891006 0.843721 -0.286405 0.453991 0.935272 -0.317482 0.156434 0.900584 -0.305707 0.309017 0.766083 -0.26005 0.587785 0.987688 -0.156435 8.74228e-08 0.951057 -0.309017 8.74228e-08 -1.0159e-08 6.24474e-09 1 0.272529 -0.14567 0.951056 0.400384 -0.21401 0.891006 0.785798 -0.420018 0.453991 0.871063 -0.465593 0.156434 0.838757 -0.448325 0.309017 0.713489 -0.381368 0.587785 0.891006 -0.453991 8.74228e-08 9.84747e-10 1.18842e-08 1 2.60775e-09 1.16363e-08 1 0.24516 -0.188118 0.951056 0.360175 -0.276372 0.891006 0.706883 -0.54241 0.453991 0.783586 -0.601267 0.156434 0.754524 -0.578966 0.309017 0.809017 -0.587785 8.74228e-08 0.0869104 -0.130071 0.987688 0.211242 -0.22554 0.951056 0.609085 -0.650314 0.453991 0.675176 -0.720878 0.156434 0.650135 -0.694142 0.309017 0.707107 -0.707107 8.74228e-08 -5.38448e-09 1.064e-08 1 0.0645616 -0.142491 0.987688 0.171681 -0.256938 0.951056 0.449466 -0.672673 0.587785 0.246151 -0.91865 0.309017 0.407626 -0.89965 0.156434 0.54873 -0.821233 0.156434 0.587785 -0.809017 8.74228e-08 -3.872e-09 1.12788e-08 1 0.0404882 -0.151104 0.987688 0.127534 -0.281473 0.951056 0.333887 -0.736904 0.587785 0.392508 -0.866283 0.309017 0.45399 -0.891007 8.74228e-08 -2.28612e-09 1.17037e-08 1 0.0799795 -0.298488 0.951056 0.209389 -0.78145 0.587785 0.23061 -0.860646 0.453991 0.309017 -0.951056 8.74228e-08 8.31518e-09 8.54755e-09 1 7.06234e-09 9.60865e-09 1 0.030289 -0.307529 0.951056 0.0693086 -0.703702 0.707107 0.0792975 -0.805121 0.587785 0.0873339 -0.886716 0.453991 -0.0582745 -0.889099 0.453991 0.156434 -0.987688 8.74228e-08 -0.0384429 -0.586527 0.809017 -0.0202107 -0.308355 0.951056 -0.0462469 -0.705593 0.707107 -0.0529122 -0.807285 0.587785 -0.183709 -0.787883 0.587785 -0.0622022 -0.94902 0.309017 -3.3425e-08 -1 8.74228e-08 -0.064598 -0.985574 0.156434 -0.103091 -0.442131 0.891006 -0.0701705 -0.300945 0.951056 -0.133472 -0.57243 0.809017 -0.160567 -0.688635 0.707107 -0.270598 -0.653282 0.707107 -0.129862 -0.982772 0.131514 -0.202326 -0.867731 0.453991 -0.248008 -0.932824 0.261402 -0.224936 -0.543043 0.809017 -0.118256 -0.285495 0.951056 -0.31039 -0.499148 0.809017 -0.309597 -0.747434 0.587785 -0.344547 -0.854939 0.387772 -0.3734 -0.600477 0.707107 -0.446229 -0.643455 0.621969 -0.412191 -0.75588 0.508669 -0.410229 -0.405166 0.817039 -0.44524 -0.524431 0.725764 -0.587785 0.809017 -2.69637e-16 -0.707107 0.707107 -1.76635e-16 -0.587785 0.809017 -2.69637e-16 -0.453991 0.891007 -3.56e-16 -0.453991 0.891007 -3.56e-16 -0.309017 0.951057 -4.33596e-16 -0.309017 0.951057 -4.33596e-16 -0.156435 0.987688 -5.00516e-16 -0.156434 0.987688 -5.00516e-16 -7.12139e-08 1 -5.55112e-16 1.67205e-07 1 -5.55112e-16 -0.707107 0.707107 -1.76635e-16 -0.809017 0.587785 -7.92843e-17 -0.809017 0.587785 -7.92843e-17 -0.891007 0.45399 2.00191e-17 -0.951057 0.309017 1.1883e-16 -0.891007 0.45399 2.00191e-17 -0.987688 0.156435 2.14714e-16 -0.951057 0.309017 1.1883e-16 -0.987688 0.156435 2.14714e-16 -1 4.28397e-09 3.05311e-16 -1 4.28397e-09 3.05311e-16 0.707107 -0.707107 1.76635e-16 0.707107 -0.707107 1.76635e-16 0.587785 -0.809017 2.69637e-16 0.45399 -0.891007 3.56e-16 0.587785 -0.809017 2.69637e-16 0.309017 -0.951057 4.33596e-16 0.45399 -0.891007 3.56e-16 0.309017 -0.951057 4.33596e-16 0.156435 -0.987688 5.00516e-16 7.64092e-09 -1 5.55112e-16 0.156435 -0.987688 5.00516e-16 7.64092e-09 -1 5.55112e-16 0.809017 -0.587785 7.92842e-17 0.809017 -0.587785 7.92844e-17 0.891007 -0.453991 -2.0019e-17 0.951057 -0.309017 -1.18829e-16 0.891007 -0.453991 -2.0019e-17 0.987688 -0.156435 -2.14714e-16 0.951057 -0.309017 -1.18829e-16 0.987688 -0.156434 -2.14714e-16 1 -6.7857e-08 -3.05311e-16 1 1.70562e-07 -3.05311e-16 0.587785 -0.809017 2.69637e-16 0.587785 -0.809017 2.69637e-16 0.707107 -0.707107 1.76635e-16 0.707107 -0.707107 1.76635e-16 0.453991 -0.891007 3.56e-16 0.309017 -0.951057 4.33596e-16 0.453991 -0.891007 3.56e-16 0.309017 -0.951057 4.33596e-16 0.156435 -0.987688 5.00516e-16 7.12139e-08 -1 5.55112e-16 0.156434 -0.987688 5.00516e-16 -1.67205e-07 -1 5.55112e-16 0.809017 -0.587785 7.92843e-17 0.809017 -0.587785 7.92843e-17 0.891007 -0.45399 -2.00191e-17 0.951057 -0.309017 -1.1883e-16 0.891007 -0.45399 -2.00191e-17 0.987688 -0.156435 -2.14714e-16 0.951057 -0.309017 -1.1883e-16 0.987688 -0.156435 -2.14714e-16 1 -4.28397e-09 -3.05311e-16 1 -4.28397e-09 -3.05311e-16 0.707107 0.707107 -6.08411e-16 0.707107 0.707107 -6.08411e-16 0.587785 0.809017 -6.28552e-16 0.45399 0.891007 -6.33216e-16 0.587785 0.809017 -6.28552e-16 0.309017 0.951057 -6.22289e-16 0.45399 0.891007 -6.33216e-16 0.309017 0.951057 -6.22289e-16 0.156435 0.987688 -5.96038e-16 4.28395e-09 1 -5.55112e-16 0.156435 0.987688 -5.96038e-16 4.28395e-09 1 -5.55112e-16 0.809017 0.587785 -5.73288e-16 0.809017 0.587785 -5.73288e-16 0.891007 0.453991 -5.2405e-16 0.951057 0.309017 -4.61907e-16 0.891007 0.453991 -5.2405e-16 0.987688 0.156435 -3.88391e-16 0.951057 0.309017 -4.61907e-16 0.987688 0.156434 -3.88391e-16 1 7.12139e-08 -3.05311e-16 1 -1.67205e-07 -3.05311e-16 -0.707107 -0.707107 6.08411e-16 -0.707107 -0.707107 6.08411e-16 -0.809017 -0.587785 5.73288e-16 -0.891007 -0.45399 5.2405e-16 -0.809017 -0.587785 5.73288e-16 -0.951057 -0.309017 4.61907e-16 -0.891007 -0.45399 5.2405e-16 -0.951057 -0.309017 4.61907e-16 -0.987688 -0.156435 3.88391e-16 -1 -7.64088e-09 3.05311e-16 -0.987688 -0.156435 3.88391e-16 -1 -7.64088e-09 3.05311e-16 -0.587785 -0.809017 6.28552e-16 -0.587785 -0.809017 6.28552e-16 -0.453991 -0.891007 6.33216e-16 -0.309017 -0.951057 6.22289e-16 -0.453991 -0.891007 6.33216e-16 -0.156435 -0.987688 5.96038e-16 -0.309017 -0.951057 6.22289e-16 -0.156434 -0.987688 5.96038e-16 -6.7857e-08 -1 5.55112e-16 1.70562e-07 -1 5.55111e-16 0.707107 0.707107 -6.08411e-16 0.707107 0.707107 -6.08411e-16 0.809017 0.587785 -5.73288e-16 0.891007 0.45399 -5.2405e-16 0.809017 0.587785 -5.73288e-16 0.951057 0.309017 -4.61907e-16 0.891007 0.45399 -5.2405e-16 0.951057 0.309017 -4.61907e-16 0.987688 0.156435 -3.88391e-16 1 7.6409e-09 -3.05311e-16 0.987688 0.156435 -3.88391e-16 1 7.6409e-09 -3.05311e-16 0.587785 0.809017 -6.28552e-16 0.587785 0.809017 -6.28552e-16 0.453991 0.891007 -6.33216e-16 0.309017 0.951057 -6.22289e-16 0.453991 0.891007 -6.33216e-16 0.156435 0.987688 -5.96038e-16 0.309017 0.951057 -6.22289e-16 0.156434 0.987688 -5.96038e-16 6.7857e-08 1 -5.55112e-16 -1.70562e-07 1 -5.55111e-16 -0.707107 -0.707107 6.08411e-16 -0.707107 -0.707107 6.08411e-16 -0.587785 -0.809017 6.28552e-16 -0.45399 -0.891007 6.33216e-16 -0.587785 -0.809017 6.28552e-16 -0.309017 -0.951057 6.22289e-16 -0.45399 -0.891007 6.33216e-16 -0.309017 -0.951057 6.22289e-16 -0.156435 -0.987688 5.96038e-16 -4.28395e-09 -1 5.55112e-16 -0.156435 -0.987688 5.96038e-16 -4.28395e-09 -1 5.55112e-16 -0.809017 -0.587785 5.73288e-16 -0.809017 -0.587785 5.73288e-16 -0.891007 -0.453991 5.2405e-16 -0.951057 -0.309017 4.61907e-16 -0.891007 -0.453991 5.2405e-16 -0.987688 -0.156435 3.88391e-16 -0.951057 -0.309017 4.61907e-16 -0.987688 -0.156434 3.88391e-16 -1 -7.12139e-08 3.05311e-16 -1 1.67205e-07 3.05311e-16 -0.707107 0.707107 -1.76635e-16 -0.707107 0.707107 -1.76635e-16 -0.587785 0.809017 -2.69637e-16 -0.45399 0.891007 -3.56e-16 -0.587785 0.809017 -2.69637e-16 -0.309017 0.951057 -4.33596e-16 -0.45399 0.891007 -3.56e-16 -0.309017 0.951057 -4.33596e-16 -0.156435 0.987688 -5.00516e-16 -7.64094e-09 1 -5.55112e-16 -0.156435 0.987688 -5.00516e-16 -7.64094e-09 1 -5.55112e-16 -0.809017 0.587785 -7.92842e-17 -0.809017 0.587785 -7.92844e-17 -0.891007 0.453991 2.0019e-17 -0.951057 0.309017 1.18829e-16 -0.891007 0.453991 2.0019e-17 -0.987688 0.156435 2.14714e-16 -0.951057 0.309017 1.18829e-16 -0.987688 0.156434 2.14714e-16 -1 6.7857e-08 3.05311e-16 -1 -1.70562e-07 3.05311e-16 -3.05311e-16 5.55112e-17 -1 -3.05311e-16 5.55112e-17 -1 -3.05311e-16 5.55112e-17 -1 -3.05311e-16 5.55112e-17 -1 -3.05311e-16 5.55112e-17 -1 -3.05311e-16 5.55112e-17 -1 -3.05311e-16 5.55112e-17 -1 -3.05311e-16 5.55112e-17 -1 -3.05311e-16 5.55112e-17 -1 -3.05311e-16 5.55112e-17 -1 -3.05311e-16 5.55112e-17 -1 -3.05311e-16 5.55112e-17 -1 -3.05311e-16 5.55112e-17 -1 -3.05311e-16 5.55112e-17 -1 -3.05311e-16 5.55112e-17 -1 -3.05311e-16 5.55112e-17 -1 -3.05311e-16 5.55112e-17 -1 -3.05311e-16 5.55112e-17 -1 -3.05311e-16 5.55112e-17 -1 -3.05311e-16 5.55112e-17 -1 -3.05311e-16 5.55112e-17 -1 -3.05311e-16 5.55112e-17 -1 -3.05311e-16 5.55112e-17 -1 -3.05311e-16 5.55112e-17 -1 -3.05311e-16 5.55112e-17 -1 -3.05311e-16 5.55112e-17 -1 -3.05311e-16 5.55112e-17 -1 -3.05311e-16 5.55112e-17 -1 -3.05311e-16 5.55112e-17 -1 -3.05311e-16 5.55112e-17 -1 -3.05311e-16 5.55112e-17 -1 -3.05311e-16 5.55112e-17 -1 -3.05311e-16 5.55112e-17 -1 -3.05311e-16 5.55112e-17 -1 -3.05311e-16 5.55112e-17 -1 -3.05311e-16 5.55112e-17 -1 -3.05311e-16 5.55112e-17 -1 -3.05311e-16 5.55112e-17 -1 -3.05311e-16 5.55112e-17 -1 -3.05311e-16 5.55112e-17 -1 -3.05311e-16 5.55112e-17 -1 -3.05311e-16 5.55112e-17 -1 -3.05311e-16 5.55112e-17 -1 -3.05311e-16 5.55112e-17 -1 -3.05311e-16 5.55112e-17 -1 -3.05311e-16 5.55112e-17 -1 -3.05311e-16 5.55112e-17 -1 -3.05311e-16 5.55112e-17 -1 -3.05311e-16 5.55112e-17 -1 -3.05311e-16 5.55112e-17 -1 -3.05311e-16 5.55112e-17 -1 -3.05311e-16 5.55112e-17 -1 -3.05311e-16 5.55112e-17 -1 -3.05311e-16 5.55112e-17 -1 -3.05311e-16 5.55112e-17 -1 -3.05311e-16 5.55112e-17 -1 -3.05311e-16 5.55112e-17 -1 -3.05311e-16 5.55112e-17 -1 -3.05311e-16 5.55112e-17 -1 -3.05311e-16 5.55112e-17 -1 -3.05311e-16 5.55112e-17 -1 -3.05311e-16 5.55112e-17 -1 -3.05311e-16 5.55112e-17 -1 -3.05311e-16 5.55112e-17 -1 -3.05311e-16 5.55112e-17 -1 -3.05311e-16 5.55112e-17 -1 -3.05311e-16 5.55112e-17 -1 -3.05311e-16 5.55112e-17 -1 -3.05311e-16 5.55112e-17 -1 -3.05311e-16 5.55112e-17 -1 -3.05311e-16 5.55112e-17 -1 -3.05311e-16 5.55112e-17 -1 -3.05311e-16 5.55112e-17 -1 -3.05311e-16 5.55112e-17 -1 -3.05311e-16 5.55112e-17 -1 -3.05311e-16 5.55112e-17 -1 -3.05311e-16 5.55112e-17 -1 -3.05311e-16 5.55112e-17 -1 -3.05311e-16 5.55112e-17 -1 -3.05311e-16 5.55112e-17 -1 -3.05311e-16 5.55112e-17 -1 -3.05311e-16 5.55112e-17 -1 -3.05311e-16 5.55112e-17 -1 -3.05311e-16 5.55112e-17 -1 -3.05311e-16 5.55112e-17 -1 -3.05311e-16 5.55112e-17 -1 -3.05311e-16 5.55112e-17 -1 -3.05311e-16 5.55112e-17 -1 -3.05311e-16 5.55112e-17 -1 -3.05311e-16 5.55112e-17 -1 -3.05311e-16 5.55112e-17 -1 -3.05311e-16 5.55112e-17 -1 -3.05311e-16 5.55112e-17 -1 -3.05311e-16 5.55112e-17 -1 -3.05311e-16 5.55112e-17 -1 -3.05311e-16 5.55112e-17 -1 -3.05311e-16 5.55112e-17 -1 -3.05311e-16 5.55112e-17 -1 -3.05311e-16 5.55112e-17 -1 -3.05311e-16 5.55112e-17 -1 -3.05311e-16 5.55112e-17 -1 -3.05311e-16 5.55112e-17 -1 -3.05311e-16 5.55112e-17 -1 -3.05311e-16 5.55112e-17 -1 -3.05311e-16 5.55112e-17 -1 -3.05311e-16 5.55112e-17 -1 -3.05311e-16 5.55112e-17 -1 -3.05311e-16 5.55112e-17 -1 -3.05311e-16 5.55112e-17 -1 -3.05311e-16 5.55112e-17 -1 -3.05311e-16 5.55112e-17 -1 -3.05311e-16 5.55112e-17 -1 -3.05311e-16 5.55112e-17 -1 -3.05311e-16 5.55112e-17 -1 -3.05311e-16 5.55112e-17 -1 -3.05311e-16 5.55112e-17 -1 -3.05311e-16 5.55112e-17 -1 -3.05311e-16 5.55112e-17 -1 -3.05311e-16 5.55112e-17 -1 -3.05311e-16 5.55112e-17 -1 -3.05311e-16 5.55112e-17 -1 -3.05311e-16 5.55112e-17 -1 -3.05311e-16 5.55112e-17 -1 -3.05311e-16 5.55112e-17 -1 -3.05311e-16 5.55112e-17 -1 -3.05311e-16 5.55112e-17 -1 -3.05311e-16 5.55112e-17 -1 -3.05311e-16 5.55112e-17 -1 -3.05311e-16 5.55112e-17 -1 -3.05311e-16 5.55112e-17 -1 -3.05311e-16 5.55112e-17 -1 -3.05311e-16 5.55112e-17 -1 -3.05311e-16 5.55112e-17 -1 -3.05311e-16 5.55112e-17 -1 -3.05311e-16 5.55112e-17 -1 -3.05311e-16 5.55112e-17 -1 -3.05311e-16 5.55112e-17 -1 -3.05311e-16 5.55112e-17 -1 -3.05311e-16 5.55112e-17 -1 -3.05311e-16 5.55112e-17 -1 -3.05311e-16 5.55112e-17 -1 -3.05311e-16 5.55112e-17 -1 -3.05311e-16 5.55112e-17 -1 -3.05311e-16 5.55112e-17 -1 -3.05311e-16 5.55112e-17 -1 -3.05311e-16 5.55112e-17 -1 -3.05311e-16 5.55112e-17 -1 -3.05311e-16 5.55112e-17 -1 -3.05311e-16 5.55112e-17 -1 -3.05311e-16 5.55112e-17 -1 -3.05311e-16 5.55112e-17 -1 -3.05311e-16 5.55112e-17 -1 -3.05311e-16 5.55112e-17 -1 -3.05311e-16 5.55112e-17 -1 -3.05311e-16 5.55112e-17 -1 -3.05311e-16 5.55112e-17 -1 -3.05311e-16 5.55112e-17 -1 -3.05311e-16 5.55112e-17 -1 -3.05311e-16 5.55112e-17 -1 -3.05311e-16 5.55112e-17 -1 -3.05311e-16 5.55112e-17 -1 -3.05311e-16 5.55112e-17 -1 -3.05311e-16 5.55112e-17 -1 -3.05311e-16 5.55112e-17 -1 -3.05311e-16 5.55112e-17 -1 -3.05311e-16 5.55112e-17 -1 -3.05311e-16 5.55112e-17 -1 -3.05311e-16 5.55112e-17 -1 -3.05311e-16 5.55112e-17 -1 -3.05311e-16 5.55112e-17 -1 -3.05311e-16 5.55112e-17 -1 -3.05311e-16 5.55112e-17 -1 -3.05311e-16 5.55112e-17 -1 -3.05311e-16 5.55112e-17 -1 -3.05311e-16 5.55112e-17 -1 -3.05311e-16 5.55112e-17 -1 -3.05311e-16 5.55112e-17 -1 -3.05311e-16 5.55112e-17 -1 -3.05311e-16 5.55112e-17 -1 -3.05311e-16 5.55112e-17 -1 -3.05311e-16 5.55112e-17 -1 -3.05311e-16 5.55112e-17 -1 -3.05311e-16 5.55112e-17 -1 -3.05311e-16 5.55112e-17 -1 -3.05311e-16 5.55112e-17 -1 -3.05311e-16 5.55112e-17 -1 -3.05311e-16 5.55112e-17 -1 -3.05311e-16 5.55112e-17 -1 -3.05311e-16 5.55112e-17 -1 -3.05311e-16 5.55112e-17 -1 -3.05311e-16 5.55112e-17 -1 -3.05311e-16 5.55112e-17 -1 -3.05311e-16 5.55112e-17 -1 -3.05311e-16 5.55112e-17 -1 -3.05311e-16 5.55112e-17 -1 -3.05311e-16 5.55112e-17 -1 -3.05311e-16 5.55112e-17 -1 -3.05311e-16 5.55112e-17 -1 -3.05311e-16 5.55112e-17 -1 -3.05311e-16 5.55112e-17 -1 -3.05311e-16 5.55112e-17 -1 -3.05311e-16 5.55112e-17 -1 -3.05311e-16 5.55112e-17 -1 -3.05311e-16 5.55112e-17 -1 -3.05311e-16 5.55112e-17 -1 -3.05311e-16 5.55112e-17 -1 -3.05311e-16 5.55112e-17 -1 -3.05311e-16 5.55112e-17 -1 -3.05311e-16 5.55112e-17 -1 -3.05311e-16 5.55112e-17 -1 -3.05311e-16 5.55112e-17 -1 -3.05311e-16 5.55112e-17 -1 -3.05311e-16 5.55112e-17 -1 -3.05311e-16 5.55112e-17 -1 -3.05311e-16 5.55112e-17 -1 -3.05311e-16 5.55112e-17 -1 -3.05311e-16 5.55112e-17 -1 -3.05311e-16 5.55112e-17 -1 -3.05311e-16 5.55112e-17 -1 -3.05311e-16 5.55112e-17 -1 -3.05311e-16 5.55112e-17 -1 -3.05311e-16 5.55112e-17 -1 -3.05311e-16 5.55112e-17 -1 -3.05311e-16 5.55112e-17 -1 -3.05311e-16 5.55112e-17 -1 -3.05311e-16 5.55112e-17 -1 -3.05311e-16 5.55112e-17 -1 -3.05311e-16 5.55112e-17 -1 -3.05311e-16 5.55112e-17 -1 -3.05311e-16 5.55112e-17 -1 -3.05311e-16 5.55112e-17 -1 -3.05311e-16 5.55112e-17 -1 -3.05311e-16 5.55112e-17 -1 -3.05311e-16 5.55112e-17 -1 -3.05311e-16 5.55112e-17 -1 -3.05311e-16 5.55112e-17 -1 -3.05311e-16 5.55112e-17 -1 -3.05311e-16 5.55112e-17 -1 -3.05311e-16 5.55112e-17 -1 -3.05311e-16 5.55112e-17 -1 -3.05311e-16 5.55112e-17 -1 -3.05311e-16 5.55112e-17 -1 -3.05311e-16 5.55112e-17 -1 -3.05311e-16 5.55112e-17 -1 -3.05311e-16 5.55112e-17 -1 -3.05311e-16 5.55112e-17 -1 -3.05311e-16 5.55112e-17 -1 -3.05311e-16 5.55112e-17 -1 -3.05311e-16 5.55112e-17 -1 -3.05311e-16 5.55112e-17 -1 -3.05311e-16 5.55112e-17 -1 -3.05311e-16 5.55112e-17 -1 -3.05311e-16 5.55112e-17 -1 -3.05311e-16 5.55112e-17 -1 -3.05311e-16 5.55112e-17 -1 -3.05311e-16 5.55112e-17 -1 -3.05311e-16 5.55112e-17 -1 -3.05311e-16 5.55112e-17 -1 -3.05311e-16 5.55112e-17 -1 -3.05311e-16 5.55112e-17 -1 -3.05311e-16 5.55112e-17 -1 -3.05311e-16 5.55112e-17 -1 -3.05311e-16 5.55112e-17 -1 -3.05311e-16 5.55112e-17 -1 -3.05311e-16 5.55112e-17 -1 -3.05311e-16 5.55112e-17 -1 -3.05311e-16 5.55112e-17 -1 -3.05311e-16 5.55112e-17 -1 -3.05311e-16 5.55112e-17 -1 -3.05311e-16 5.55112e-17 -1 -3.05311e-16 5.55112e-17 -1 -3.05311e-16 5.55112e-17 -1 -3.05311e-16 5.55112e-17 -1 -3.05311e-16 5.55112e-17 -1 -3.05311e-16 5.55112e-17 -1 -3.05311e-16 5.55112e-17 -1 -3.05311e-16 5.55112e-17 -1 -3.05311e-16 5.55112e-17 -1 -3.05311e-16 5.55112e-17 -1 -3.05311e-16 5.55112e-17 -1 -3.05311e-16 5.55112e-17 -1 -3.05311e-16 5.55112e-17 -1 -3.05311e-16 5.55112e-17 -1 -3.05311e-16 5.55112e-17 -1 -3.05311e-16 5.55112e-17 -1 -3.05311e-16 5.55112e-17 -1 -3.05311e-16 5.55112e-17 -1 -3.05311e-16 5.55112e-17 -1 -3.05311e-16 5.55112e-17 -1 -3.05311e-16 5.55112e-17 -1 -3.05311e-16 5.55112e-17 -1 -3.05311e-16 5.55112e-17 -1 -3.05311e-16 5.55112e-17 -1 -3.05311e-16 5.55112e-17 -1 -3.05311e-16 5.55112e-17 -1 -3.05311e-16 5.55112e-17 -1 -3.05311e-16 5.55112e-17 -1 -3.05311e-16 5.55112e-17 -1 -3.05311e-16 5.55112e-17 -1 -3.05311e-16 5.55112e-17 -1 -3.05311e-16 5.55112e-17 -1 -3.05311e-16 5.55112e-17 -1 -3.05311e-16 5.55112e-17 -1 -3.05311e-16 5.55112e-17 -1 -3.05311e-16 5.55112e-17 -1 -3.05311e-16 5.55112e-17 -1 -3.05311e-16 5.55112e-17 -1 -3.05311e-16 5.55112e-17 -1 -3.05311e-16 5.55112e-17 -1 -3.05311e-16 5.55112e-17 -1 -3.05311e-16 5.55112e-17 -1 -3.05311e-16 5.55112e-17 -1 -3.05311e-16 5.55112e-17 -1 -3.05311e-16 5.55112e-17 -1 -3.05311e-16 5.55112e-17 -1 -3.05311e-16 5.55112e-17 -1 -3.05311e-16 5.55112e-17 -1 -3.05311e-16 5.55112e-17 -1 -3.05311e-16 5.55112e-17 -1 -3.05311e-16 5.55112e-17 -1 -3.05311e-16 5.55112e-17 -1 -3.05311e-16 5.55112e-17 -1 -3.05311e-16 5.55112e-17 -1 -3.05311e-16 5.55112e-17 -1 -3.05311e-16 5.55112e-17 -1 -3.05311e-16 5.55112e-17 -1 -3.05311e-16 5.55112e-17 -1 -3.05311e-16 5.55112e-17 -1 -3.05311e-16 5.55112e-17 -1 -3.05311e-16 5.55112e-17 -1 -3.05311e-16 5.55112e-17 -1 -3.05311e-16 5.55112e-17 -1 -3.05311e-16 5.55112e-17 -1 -3.05311e-16 5.55112e-17 -1 -3.05311e-16 5.55112e-17 -1 -3.05311e-16 5.55112e-17 -1 -3.05311e-16 5.55112e-17 -1 -3.05311e-16 5.55112e-17 -1 -3.05311e-16 5.55112e-17 -1 -3.05311e-16 5.55112e-17 -1 -3.05311e-16 5.55112e-17 -1 -3.05311e-16 5.55112e-17 -1 -3.05311e-16 5.55112e-17 -1 -3.05311e-16 5.55112e-17 -1 -3.05311e-16 5.55112e-17 -1 -3.05311e-16 5.55112e-17 -1 -3.05311e-16 5.55112e-17 -1 -3.05311e-16 5.55112e-17 -1 -3.05311e-16 5.55112e-17 -1 -3.05311e-16 5.55112e-17 -1 -3.05311e-16 5.55112e-17 -1 -3.05311e-16 5.55112e-17 -1 -3.05311e-16 5.55112e-17 -1 -3.05311e-16 5.55112e-17 -1 -3.05311e-16 5.55112e-17 -1 -3.05311e-16 5.55112e-17 -1 -3.05311e-16 5.55112e-17 -1 -3.05311e-16 5.55112e-17 -1 -3.05311e-16 5.55112e-17 -1</float_array>
          <technique_common>
            <accessor count="4190" source="#ID24" stride="3">
              <param name="X" type="float"/>
              <param name="Y" type="float"/>
              <param name="Z" type="float"/>
            </accessor>
          </technique_common>
        </source>
        <vertices id="ID25">
          <input semantic="POSITION" source="#ID21"/>
          <input semantic="NORMAL" source="#ID23"/>
        </vertices>
        <triangles count="4532" material="ID10">
          <input offset="0" semantic="VERTEX" source="#ID25"/>
          <p>0 1 2 3 1 0 4 1 3 1 4 5 6 7 8 7 6 9 10 11 12 13 14 15 16 17 18 16 11 10 19 20 21 20 17 21 22 23 24 22 21 23 25 14 26 23 26 24 14 13 27 28 14 25 29 27 30 31 30 27 32 29 33 29 30 34 35 36 29 29 37 38 36 37 29 32 39 29 29 38 33 40 41 29 40 29 39 42 43 44 41 27 29 45 46 47 48 49 42 50 42 51 52 42 53 52 51 42 53 42 54 42 55 56 54 42 56 47 48 42 55 42 49 46 57 47 47 57 58 59 60 61 62 63 64 65 66 59 65 59 61 59 67 68 66 67 59 69 59 70 59 68 70 71 58 59 71 59 69 10 17 16 29 72 42 47 73 74 45 47 74 47 75 76 73 47 76 77 75 42 47 42 75 42 44 77 43 42 72 29 78 79 72 29 79 78 29 34 27 13 31 15 14 28 23 25 26 19 21 22 18 17 20 10 12 80 81 80 12 82 83 80 82 80 81 84 80 85 83 85 80 86 63 59 87 88 84 87 84 85 63 62 84 88 63 84 89 63 86 64 63 89 59 90 91 86 59 91 58 92 59 90 59 92 93 94 58 58 94 92 95 96 58 58 96 93 57 97 58 58 97 95 98 99 100 101 102 103 103 104 101 100 105 98 106 101 107 101 106 102 107 101 98 98 105 107 108 109 110 108 111 112 113 109 108 108 114 115 113 108 115 108 116 117 114 108 117 108 118 119 116 108 119 120 112 121 118 108 120 122 121 112 112 120 108 123 124 125 126 127 125 123 125 127 128 129 130 131 132 133 134 135 136 137 138 139 140 141 142 143 144 145 146 147 148 149 150 151 152 153 154 155 156 157 158 159 160 161 162 163 164 165 166 167 168 169 170 171 172 173 174 175 176 177 178 179 180 181 182 183 184 185 183 186 182 184 187 187 188 189 189 182 187 190 191 188 189 188 191 192 190 193 190 192 191 193 194 195 195 192 193 196 197 194 195 194 197 198 196 199 196 198 197 199 200 201 201 198 199 131 202 200 201 200 202 178 185 186 131 133 202 183 185 184 179 177 176 176 178 186 171 181 180 181 177 179 170 172 175 171 180 172 174 173 164 170 175 174 165 168 166 173 165 164 169 160 167 168 167 166 161 159 158 158 160 169 153 163 162 163 159 161 152 154 157 153 162 154 156 155 146 152 157 156 147 150 148 155 147 146 151 142 149 150 149 148 143 141 140 140 142 151 135 145 144 145 141 143 134 136 137 135 144 136 139 138 130 134 137 139 128 132 129 138 128 130 131 129 132 203 204 205 206 207 208 209 210 204 205 204 210 211 209 212 209 211 210 212 213 214 214 211 212 215 216 213 214 213 216 217 215 218 215 217 216 218 219 220 220 217 218 221 222 219 220 219 222 223 221 224 221 223 222 225 223 224 225 224 226 205 227 203 228 227 229 227 228 203 229 230 231 231 228 229 232 233 230 231 230 233 234 232 235 232 234 233 235 236 237 237 234 235 238 239 236 237 236 239 240 238 241 238 240 239 241 242 243 243 240 241 243 242 208 244 245 246 242 206 208 247 248 249 250 251 252 253 254 255 256 257 258 259 260 261 262 263 264 265 266 267 268 269 270 271 272 273 265 273 272 271 274 275 274 271 273 276 277 275 275 274 276 226 277 278 276 278 277 225 226 278 267 266 269 265 272 266 268 270 261 267 269 268 259 262 260 270 259 261 263 254 264 262 264 260 258 253 255 255 254 263 247 257 256 257 253 258 249 248 251 247 256 248 250 252 244 249 251 250 245 207 246 252 245 244 206 246 207 279 280 281 282 283 284 285 286 280 281 280 286 287 285 288 285 287 286 288 289 290 290 287 288 291 292 289 290 289 292 293 291 294 291 293 292 294 295 296 296 293 294 297 298 295 296 295 298 299 297 300 297 299 298 299 300 301 281 302 279 302 303 279 303 304 305 304 303 302 306 307 305 305 304 306 308 307 309 306 309 307 308 310 311 310 308 309 312 313 311 311 310 312 314 313 315 312 315 313 314 316 317 316 314 315 318 283 317 317 316 318 318 284 283 319 320 321 322 323 324 325 326 327 328 329 330 331 332 333 334 335 336 337 338 339 340 341 342 343 344 345 346 345 347 348 343 349 343 348 344 349 350 351 351 348 349 352 353 350 351 350 353 300 352 301 352 300 353 346 347 337 345 344 347 339 338 340 346 337 339 341 333 342 338 341 340 331 336 332 333 332 342 326 335 334 334 336 331 329 325 327 325 335 326 328 330 319 329 327 330 321 320 324 328 319 321 322 282 323 320 322 324 284 323 282 354 355 356 357 358 359 360 361 355 356 355 361 362 360 363 360 362 361 363 364 365 365 362 363 366 367 364 365 364 367 368 366 369 366 368 367 369 370 371 371 368 369 372 373 370 371 370 373 374 372 375 372 374 373 376 374 375 376 375 377 356 378 354 379 378 380 378 379 354 380 381 382 382 379 380 383 384 381 382 381 384 385 383 386 383 385 384 386 387 388 388 385 386 389 390 387 388 387 390 391 389 392 389 391 390 392 393 394 394 391 392 394 393 359 395 396 397 393 357 359 398 399 400 401 402 403 404 405 406 407 408 409 410 411 412 413 414 415 416 417 418 419 420 421 422 423 424 416 424 423 422 425 426 425 422 424 427 428 426 426 425 427 377 428 429 427 429 428 376 377 429 418 417 420 416 423 417 419 421 412 418 420 419 410 413 411 421 410 412 414 405 415 413 415 411 409 404 406 406 405 414 398 408 407 408 404 409 400 399 402 398 407 399 401 403 395 400 402 401 396 358 397 403 396 395 357 397 358 430 431 432 433 434 435 430 436 437 436 430 432 438 439 437 437 436 438 440 439 441 438 441 439 440 442 443 442 440 441 444 445 443 443 442 444 446 445 447 444 447 445 446 448 449 448 446 447 450 451 449 449 448 450 452 451 453 450 453 451 452 454 455 454 452 453 456 457 455 455 454 456 458 457 459 456 459 457 460 458 459 461 432 431 462 461 463 431 463 461 462 464 465 464 462 463 466 467 465 465 464 466 468 467 469 466 469 467 468 470 471 470 468 469 472 473 471 471 470 472 474 473 475 472 475 473 474 476 477 476 474 475 478 479 477 477 476 478 480 479 481 478 481 479 480 482 483 482 480 481 484 434 483 483 482 484 484 435 434 485 486 487 488 489 490 491 492 493 494 495 496 497 498 499 500 501 502 503 504 505 506 507 508 509 510 511 512 513 514 515 516 517 518 519 520 521 522 523 522 521 524 525 526 523 523 522 525 527 526 528 525 528 526 527 529 530 529 527 528 531 532 530 530 529 531 460 532 533 531 533 532 458 460 533 524 517 516 521 517 524 518 520 515 515 520 516 509 519 510 510 519 518 513 511 514 513 509 511 512 503 505 512 514 503 504 507 506 505 504 506 499 498 508 507 499 508 500 502 497 497 502 498 491 501 492 492 501 500 495 493 496 495 491 493 494 485 487 494 496 485 486 488 490 487 486 490 433 435 489 488 433 489 534 535 536 537 538 539 534 540 541 540 534 536 542 543 541 541 540 542 544 543 545 542 545 543 544 546 547 546 544 545 548 549 547 547 546 548 550 549 551 548 551 549 550 552 553 552 550 551 554 555 553 553 552 554 556 555 557 554 557 555 556 558 559 558 556 557 560 561 559 559 558 560 562 561 563 560 563 561 564 562 563 565 536 535 566 565 567 535 567 565 566 568 569 568 566 567 570 571 569 569 568 570 572 571 573 570 573 571 572 574 575 574 572 573 576 577 575 575 574 576 578 577 579 576 579 577 578 580 581 580 578 579 582 583 581 581 580 582 584 583 585 582 585 583 584 586 587 586 584 585 588 538 587 587 586 588 588 539 538 589 590 591 592 593 594 595 596 597 598 599 600 601 602 603 604 605 606 607 608 609 610 611 612 613 614 615 616 617 618 619 620 621 622 623 624 625 626 627 626 625 628 629 630 627 627 626 629 631 630 632 629 632 630 631 633 634 633 631 632 635 636 634 634 633 635 564 636 637 635 637 636 562 564 637 628 621 620 625 621 628 622 624 619 619 624 620 613 623 614 614 623 622 617 615 618 617 613 615 616 607 609 616 618 607 608 611 610 609 608 610 603 602 612 611 603 612 604 606 601 601 606 602 595 605 596 596 605 604 599 597 600 599 595 597 598 589 591 598 600 589 590 592 594 591 590 594 537 539 593 592 537 593 638 639 640 641 642 643 638 644 645 644 638 640 646 647 645 645 644 646 648 647 649 646 649 647 648 650 651 650 648 649 652 653 651 651 650 652 654 653 655 652 655 653 654 656 657 656 654 655 658 659 657 657 656 658 660 659 661 658 661 659 660 662 663 662 660 661 664 665 663 663 662 664 666 665 667 664 667 665 668 666 667 669 640 639 670 669 671 639 671 669 670 672 673 672 670 671 674 675 673 673 672 674 676 675 677 674 677 675 676 678 679 678 676 677 680 681 679 679 678 680 682 681 683 680 683 681 682 684 685 684 682 683 686 687 685 685 684 686 688 687 689 686 689 687 688 690 691 690 688 689 692 642 691 691 690 692 692 643 642 693 694 695 696 697 698 699 700 701 702 703 704 705 706 707 708 709 710 711 712 713 714 715 716 717 718 719 720 721 722 723 724 725 726 727 728 729 730 731 730 729 732 733 734 731 731 730 733 735 734 736 733 736 734 735 737 738 737 735 736 739 740 738 738 737 739 668 740 741 739 741 740 666 668 741 732 725 724 729 725 732 726 728 723 723 728 724 717 727 718 718 727 726 721 719 722 721 717 719 720 711 713 720 722 711 712 715 714 713 712 714 707 706 716 715 707 716 708 710 705 705 710 706 699 709 700 700 709 708 703 701 704 703 699 701 702 693 695 702 704 693 694 696 698 695 694 698 641 643 697 696 641 697 742 743 744 745 746 747 748 749 750 751 752 753 754 755 756 757 758 759 760 761 762 763 764 765 766 767 768 769 770 771 772 773 774 775 776 777 778 779 780 781 782 783 784 785 786 787 788 789 790 791 792 793 794 795 796 797 798 799 800 801 802 803 804 805 806 807 808 809 810 811 812 813 814 815 816 817 818 819 820 821 822 817 823 824 823 817 819 825 826 824 824 823 825 827 826 828 825 828 826 827 829 830 829 827 828 831 832 830 830 829 831 833 832 834 831 834 832 833 835 836 835 833 834 837 838 836 836 835 837 839 838 840 837 840 838 839 841 842 841 839 840 843 844 842 842 841 843 743 844 845 843 845 844 744 743 845 821 820 818 819 818 820 813 812 822 821 813 822 814 816 811 811 816 812 805 815 806 806 815 814 809 807 810 809 805 807 808 799 801 808 810 799 800 803 802 801 800 802 795 794 804 803 795 804 796 798 793 793 798 794 787 797 788 788 797 796 791 789 792 791 787 789 790 781 783 790 792 781 782 785 784 783 782 784 777 776 786 785 777 786 778 780 775 775 780 776 769 779 770 770 779 778 773 771 774 773 769 771 772 763 765 772 774 763 764 767 766 765 764 766 759 758 768 767 759 768 760 762 757 757 762 758 751 761 752 752 761 760 755 753 756 755 751 753 754 745 747 754 756 745 746 748 750 747 746 750 742 744 749 748 742 749 846 847 848 849 850 851 846 848 852 853 848 854 853 852 848 855 856 848 854 848 856 857 856 855 856 857 849 849 857 850 858 859 860 860 861 862 863 864 860 865 861 860 866 865 860 860 867 863 860 862 867 858 860 868 868 860 864 869 870 859 860 859 870 871 869 859 871 872 869 873 874 875 876 877 878 875 879 880 873 875 880 881 882 875 883 875 882 884 885 886 884 886 881 887 888 889 887 886 890 891 892 889 892 893 894 895 896 892 897 898 899 900 897 894 901 902 899 903 874 904 905 874 906 907 874 905 908 874 903 908 906 874 909 910 874 904 874 910 911 912 874 874 912 909 913 914 915 916 876 917 913 918 919 918 913 920 921 913 922 913 919 922 923 924 913 923 913 921 913 925 926 924 925 913 913 926 927 928 929 927 930 877 876 931 932 933 934 876 935 934 930 876 935 876 936 876 937 938 936 876 938 876 939 940 937 876 940 932 931 941 902 932 941 932 939 942 942 933 932 939 943 944 942 939 944 945 943 876 939 876 943 876 916 945 876 913 915 917 876 915 913 946 947 914 913 947 927 948 913 946 913 948 927 929 949 927 949 948 927 950 951 952 927 951 928 927 952 953 911 874 950 927 911 911 954 955 950 911 955 911 956 957 954 911 957 958 911 953 956 911 958 874 873 959 953 874 959 883 879 875 886 882 881 886 885 890 887 889 886 891 889 888 895 892 891 892 896 893 894 893 960 900 898 897 960 900 894 898 901 899 902 941 899 961 962 963 963 964 961 965 966 963 964 967 968 964 968 961 969 962 970 962 961 970 963 962 965 971 972 973 974 975 973 971 973 975 976 977 978 979 980 981 982 983 977 977 976 982 982 984 985 983 982 985 982 986 984 986 987 988 988 984 986 987 989 990 988 987 990 991 989 992 987 992 989 993 992 994 992 993 991 995 993 994 996 997 998 999 997 1000 1001 1000 997 1002 998 997 1002 997 999 997 1003 1004 997 996 1003 1004 1005 997 1006 1007 997 1008 997 1005 1009 980 979 1010 979 1011 1012 979 1013 1012 1009 979 1014 979 1015 1014 1013 979 979 1016 1011 1010 1015 979 1017 1018 1019 1020 1017 1021 1022 1023 1024 1023 1022 1025 1026 1022 1027 1022 1024 1027 1028 1029 1022 1028 1022 1026 1022 1030 1031 1029 1030 1022 1022 1031 1032 1033 1032 1034 976 978 1035 1036 997 1008 1035 1037 1038 1038 976 1035 1038 1039 1040 1037 1039 1038 1041 1020 1038 1038 1040 1041 1041 1017 1020 1042 1017 1019 1021 1017 1042 1022 1043 1018 1018 1017 1022 1032 1044 1022 1043 1022 1044 1032 1033 1045 1032 1045 1044 1032 1046 1047 1048 1032 1047 1034 1032 1048 1016 1049 1046 1046 1032 1016 1016 1050 1051 1049 1016 1051 979 1052 1053 1016 1054 1055 1050 1016 1055 979 1056 1016 1054 1016 1056 979 1053 1057 979 1057 1056 997 1007 979 1052 979 1007 1006 997 1058 997 1036 1059 1058 997 1059 1036 1008 1060 995 1061 1008 1060 1008 1061 1062 1063 995 995 1063 1061 994 1062 995 1064 1065 1066 1067 1066 1068 1065 1068 1066 1069 1070 1067 1067 1068 1069 1070 1071 1072 1071 1070 1069 1073 1072 1074 1071 1074 1072 1075 1076 1073 1073 1074 1075 1076 1077 1078 1077 1076 1075 1079 1080 1078 1077 1079 1078 1081 1079 1077 1065 1064 1082 1083 1082 1064 1084 1083 1085 1083 1084 1082 1086 1087 1085 1084 1085 1087 1086 1088 1089 1089 1087 1086 1090 1088 1091 1088 1090 1089 1092 1093 1091 1090 1091 1093 1092 1094 1095 1095 1093 1092 1094 1096 1097 1094 1098 1095 1099 1098 1097 1094 1097 1098 1100 1101 1102 1103 1104 1101 1103 1101 1100 1105 1106 1107 1108 1109 1110 1108 1110 1107 1111 1112 1113 1114 1115 1116 1117 1118 1119 1120 1121 1122 1123 1124 1125 1126 1127 1128 1129 1130 1131 1132 1131 1130 1133 1134 1135 1129 1131 1135 1133 1136 1137 1137 1134 1133 1138 1136 1133 1137 1136 1139 1134 1129 1135 1123 1132 1130 1125 1124 1128 1132 1123 1125 1127 1126 1118 1128 1124 1126 1120 1117 1119 1117 1127 1118 1113 1122 1121 1121 1120 1119 1111 1116 1112 1113 1112 1122 1114 1106 1115 1111 1114 1116 1105 1107 1110 1115 1106 1105 1108 1107 1140 1141 1142 1143 1141 1144 1142 1145 1143 1146 1142 1146 1143 1147 1148 1149 1150 1151 1149 1149 1152 1153 1154 1149 1155 1154 1147 1149 1149 1153 1155 1149 1151 1145 1148 1150 1149 1145 1146 1149 1156 1157 1158 1159 1160 1157 1159 1157 1156 1161 1162 1163 1164 1165 1166 1162 1167 1168 1161 1167 1162 1169 1162 1170 1162 1168 1170 1171 1172 1162 1171 1162 1169 1173 1162 1172 1162 1173 1174 1175 1176 1177 1178 1179 1180 1181 1179 1178 1182 1179 1183 1182 1180 1179 1184 1179 1185 1184 1183 1179 1186 1179 1187 1186 1185 1179 1188 1175 1177 1189 1187 1179 1190 1176 1175 1164 1191 1192 1193 1194 1195 1196 1165 1197 1198 1199 1164 1200 1197 1201 1197 1202 1201 1203 1197 1165 1197 1203 1204 1164 1166 1205 1206 1207 1192 1191 1164 1208 1209 1210 1193 1211 1212 1194 1210 1213 1214 1215 1200 1216 1217 1200 1218 1219 1200 1220 1219 1218 1200 1220 1200 1221 1222 1216 1200 1221 1200 1215 1223 1200 1224 1223 1222 1200 1225 1179 1162 1226 1179 1227 1214 1175 1188 1174 1228 1229 1189 1230 1190 1190 1175 1189 1179 1231 1189 1230 1189 1231 1179 1226 1232 1179 1232 1231 1227 1179 1225 1162 1233 1234 1225 1162 1234 1162 1235 1236 1233 1162 1236 1237 1235 1174 1162 1174 1235 1174 1229 1237 1224 1238 1174 1239 1174 1238 1228 1174 1239 1240 1200 1241 1224 1242 1243 1238 1224 1243 1224 1244 1245 1242 1224 1245 1224 1240 1246 1244 1224 1246 1224 1200 1240 1200 1201 1247 1241 1200 1247 1197 1204 1202 1166 1165 1196 1164 1205 1198 1208 1164 1199 1191 1206 1192 1211 1192 1207 1211 1194 1193 1211 1207 1212 1195 1209 1193 1209 1213 1210 1214 1188 1210 1248 1249 1250 1251 1252 1253 1251 1253 1250 1254 1255 1256 1257 1258 1259 1260 1261 1262 1263 1264 1265 1266 1267 1268 1269 1270 1271 1272 1273 1274 1275 1274 1273 1276 1277 1278 1272 1274 1278 1276 1279 1280 1280 1277 1276 1281 1279 1276 1280 1279 1282 1277 1272 1278 1275 1273 1266 1266 1268 1275 1271 1267 1269 1271 1268 1267 1260 1270 1261 1261 1270 1269 1264 1263 1262 1262 1263 1260 1256 1255 1265 1264 1256 1265 1254 1257 1259 1255 1254 1259 1258 1249 1248 1258 1257 1249 1251 1250 1283 1253 1248 1250 1284 1285 1286 1287 1288 1284 1289 1290 1291 1292 1286 1289 1291 1292 1289 1292 1287 1284 1292 1284 1286 1286 1285 1293 1294 1295 1296 1297 1296 1298 1295 1298 1296 1299 1300 1297 1297 1298 1299 1300 1301 1302 1301 1300 1299 1303 1302 1304 1301 1304 1302 1305 1306 1303 1303 1304 1305 1306 1307 1308 1307 1306 1305 1309 1310 1308 1307 1309 1308 1311 1309 1307 1295 1294 1312 1313 1312 1294 1314 1313 1315 1313 1314 1312 1316 1317 1315 1314 1315 1317 1316 1318 1319 1319 1317 1316 1320 1318 1321 1318 1320 1319 1322 1323 1321 1320 1321 1323 1322 1324 1325 1325 1323 1322 1324 1326 1327 1324 1328 1325 1329 1328 1327 1324 1327 1328 1330 1331 1332 1333 1330 1334 1331 1330 1333 1334 1330 1335 1336 1337 1338 1336 1338 1339 1338 1340 1341 1338 1341 1339 1342 1343 1344 1342 1345 1346 1347 1342 1346 1343 1342 1347 1348 1349 1350 1349 1348 1351 1350 1349 1352 1349 1351 1353 1354 1355 1356 1354 1357 1358 1355 1354 1358 1359 1360 1361 1362 1363 1364 1359 1362 1360 1362 1364 1360 1365 1366 1367 1368 1369 1370 1371 1372 1373 1374 1375 1376 1377 1378 1379 1373 1380 1381 1371 1373 1381 1382 1383 1384 1385 1386 1373 1373 1386 1380 1387 1388 1389 1390 1391 1392 1393 1373 1394 1393 1385 1373 1379 1395 1377 1378 1396 1397 1373 1398 1399 1394 1373 1399 1396 1400 1401 1400 1402 1403 1373 1404 1405 1406 1407 1408 1409 1410 1402 1366 1365 1411 1412 1413 1414 1412 1411 1415 1416 1417 1418 1417 1414 1419 1420 1421 1422 1416 1421 1417 1420 1423 1424 1425 1423 1426 1423 1427 1424 1428 1423 1429 1423 1430 1426 1423 1431 1432 1432 1433 1423 1434 1435 1436 1437 1438 1439 1440 1441 1442 1443 1440 1442 1444 1445 1446 1446 1441 1444 1446 1447 1448 1447 1446 1449 1450 1451 1452 1451 1450 1448 1452 1453 1454 1455 1456 1457 1458 1459 1460 1453 1460 1454 1461 1462 1463 1459 1458 1461 1464 1465 1466 1465 1463 1462 1467 1468 1442 1469 1470 1442 1471 1469 1442 1472 1473 1442 1472 1442 1470 1442 1468 1474 1467 1442 1473 1475 1442 1476 1442 1474 1476 1477 1478 1479 1437 1477 1479 1480 1481 1482 1477 1483 1478 1437 1479 1438 1484 1485 1486 1487 1488 1489 1488 1485 1489 1487 1490 1491 1492 1493 1494 1493 1495 1496 1493 1496 1497 1498 1499 1500 1501 1493 1502 1499 1503 1368 1503 1499 1498 1369 1368 1503 1498 1500 1504 1384 1505 1382 1506 1507 1508 1509 1389 1510 1511 1512 1513 1384 1514 1515 1516 1517 1518 1519 1520 1521 1522 1523 1524 1524 1525 1522 1455 1526 1456 1525 1455 1457 1526 1527 1456 1528 1529 1530 1526 1529 1531 1526 1531 1527 1529 1532 1530 1533 1534 1535 1536 1537 1538 1539 1536 1540 1541 1536 1542 1543 1544 1536 1536 1541 1545 1543 1536 1545 1546 1547 1536 1547 1542 1536 1539 1546 1536 1548 1536 1549 1540 1536 1538 1550 1532 1551 1552 1536 1553 1525 1524 1455 1531 1529 1528 1554 1523 1555 1554 1524 1523 1556 1557 1558 1555 1559 1554 1560 1511 1561 1562 1519 1563 1564 1565 1566 1567 1565 1560 1568 1569 1570 1518 1517 1564 1571 1572 1573 1572 1574 1575 1576 1577 1578 1572 1571 1576 1577 1377 1579 1409 1580 1581 1582 1580 1583 1584 1581 1580 1585 1586 1384 1587 1588 1583 1586 1589 1384 1590 1505 1384 1590 1384 1589 1384 1591 1592 1384 1383 1591 1593 1594 1595 1592 1596 1384 1569 1568 1597 1598 1599 1600 1601 1597 1602 1598 1603 1604 1570 1509 1605 1606 1607 1587 1608 1609 1603 1610 1611 1612 1607 1613 1614 1602 1508 1601 1615 1611 1610 1616 1617 1612 1615 1517 1516 1516 1611 1615 1612 1617 1610 1618 1619 1620 1620 1619 1621 1622 1623 1624 1625 1624 1623 1626 1627 1622 1622 1624 1626 1627 1628 1629 1628 1627 1626 1628 1370 1629 1423 1493 1630 1629 1370 1369 1631 1632 1633 1634 1635 1636 1637 1638 1639 1493 1497 1640 1493 1640 1502 1641 1642 1643 1644 1642 1645 1646 1647 1648 1643 1649 1650 1436 1648 1651 1647 1651 1648 1652 1435 1434 1436 1651 1434 1367 1653 1654 1655 1656 1657 1405 1658 1373 1659 1660 1661 1662 1464 1466 1438 1663 1439 1664 1665 1662 1666 1667 1478 1666 1478 1483 1475 1667 1668 1667 1475 1478 1669 1442 1668 1475 1668 1442 1670 1442 1671 1442 1669 1671 1442 1670 1443 1441 1446 1442 1446 1445 1449 1448 1450 1446 1453 1452 1451 1458 1460 1453 1462 1461 1458 1466 1465 1462 1665 1464 1662 1664 1672 1673 1672 1664 1662 1674 1675 1672 1673 1672 1675 1676 1674 1494 1676 1675 1674 1486 1677 1678 1491 1490 1679 1674 1492 1494 1679 1680 1681 1681 1680 1682 1493 1492 1495 1682 1683 1681 1684 1493 1685 1493 1501 1685 1683 1682 1504 1493 1684 1630 1635 1634 1500 1686 1633 1632 1687 1686 1644 1686 1687 1633 1688 1636 1635 1632 1631 1689 1679 1490 1680 1488 1487 1491 1484 1489 1485 1678 1484 1486 1677 1375 1690 1690 1678 1677 1376 1691 1374 1375 1374 1690 1481 1691 1482 1376 1482 1691 1481 1480 1663 1439 1663 1692 1663 1480 1692 1649 1647 1646 1434 1656 1652 1693 1694 1653 1643 1650 1641 1649 1646 1650 1642 1641 1645 1644 1645 1687 1631 1695 1689 1688 1695 1636 1695 1688 1689 1634 1504 1500 1639 1683 1634 1504 1634 1683 1696 1638 1637 1638 1683 1639 1696 1697 1698 1697 1696 1637 1630 1698 1431 1697 1431 1698 1423 1630 1431 1433 1429 1423 1430 1423 1428 1425 1427 1423 1421 1420 1424 1421 1416 1422 1417 1419 1418 1414 1413 1419 1414 1411 1412 1415 1411 1365 1366 1653 1367 1654 1653 1694 1693 1407 1699 1694 1693 1699 1700 1701 1702 1408 1407 1693 1701 1406 1703 1408 1703 1406 1701 1704 1702 1701 1703 1704 1701 1705 1706 1700 1705 1701 1404 1373 1706 1701 1706 1373 1707 1708 1373 1658 1707 1373 1373 1709 1398 1709 1373 1708 1661 1398 1710 1709 1710 1398 1660 1711 1661 1661 1710 1659 1655 1657 1711 1661 1711 1657 1656 1655 1652 1538 1537 1391 1530 1532 1712 1390 1713 1558 1712 1532 1550 1714 1715 1551 1550 1551 1715 1716 1714 1717 1716 1715 1714 1533 1717 1718 1714 1718 1717 1719 1533 1720 1533 1718 1720 1533 1719 1534 1533 1721 1549 1535 1721 1533 1548 1722 1536 1533 1549 1536 1723 1553 1536 1722 1723 1536 1537 1536 1552 1390 1538 1391 1390 1392 1713 1557 1556 1520 1390 1558 1557 1519 1521 1563 1520 1556 1521 1519 1562 1512 1511 1513 1561 1512 1562 1513 1560 1561 1567 1565 1567 1566 1564 1566 1518 1724 1607 1725 1616 1621 1617 1619 1618 1623 1620 1621 1616 1625 1618 1726 1618 1625 1623 1724 1727 1728 1729 1730 1727 1607 1731 1732 1733 1607 1734 1614 1734 1607 1607 1735 1613 1731 1607 1733 1736 1559 1737 1559 1728 1737 1738 1559 1739 1559 1736 1739 1740 1559 1741 1559 1738 1741 1742 1559 1743 1559 1740 1743 1554 1559 1742 1595 1744 1593 1608 1388 1387 1507 1506 1745 1607 1606 1735 1745 1726 1507 1724 1559 1607 1732 1725 1607 1745 1625 1726 1559 1724 1728 1746 1730 1729 1730 1728 1727 1746 1747 1748 1747 1746 1729 1748 1726 1618 1747 1726 1748 1508 1602 1506 1569 1597 1601 1605 1568 1570 1510 1605 1509 1388 1510 1389 1608 1387 1609 1603 1609 1604 1598 1604 1599 1749 1600 1750 1600 1599 1750 1593 1744 1749 1744 1600 1749 1594 1751 1752 1595 1594 1752 1752 1753 1596 1753 1752 1751 1596 1754 1755 1753 1754 1596 1756 1384 1755 1596 1755 1384 1757 1384 1758 1384 1756 1758 1384 1757 1514 1572 1384 1759 1515 1759 1384 1574 1572 1760 1572 1759 1760 1575 1573 1572 1572 1576 1578 1579 1578 1577 1395 1579 1377 1379 1378 1397 1400 1396 1378 1400 1403 1401 1402 1410 1403 1402 1580 1409 1580 1582 1584 1582 1583 1588 1587 1583 1606 1761 1762 1763 1764 1765 1766 1761 1767 1762 1768 1769 1770 1771 1772 1773 1774 1775 1776 1777 1776 1778 1779 1780 1781 1780 1779 1775 1764 1781 1765 1764 1779 1781 1768 1777 1778 1782 1766 1765 1771 1770 1769 1780 1775 1774 1782 1765 1783 1775 1778 1776 1768 1770 1777 1784 1773 1772 1772 1771 1769 1784 1762 1785 1785 1773 1784 1786 1785 1767 1762 1767 1785 1787 1788 1767 1767 1788 1786 1767 1789 1787 1767 1790 1789 1791 1792 1793 1794 1795 1796 1797 1798 1799 1800 1801 1802 1803 1804 1805 1806 1807 1799 1808 1809 1810 1807 1806 1811 1812 1792 1813 1814 1815 1816 1817 1791 1793 1812 1793 1792 1818 1817 1793 1819 1820 1821 1822 1796 1823 1824 1825 1826 1827 1828 1829 1798 1797 1819 1830 1822 1831 1798 1819 1821 1832 1833 1830 1834 1835 1836 1837 1838 1839 1834 1840 1835 1834 1836 1841 1842 1841 1843 1841 1836 1844 1845 1839 1838 1843 1846 1842 1845 1842 1846 1847 1848 1849 1838 1850 1851 1852 1805 1853 1854 1855 1856 1828 1857 1829 1858 1859 1860 1855 1860 1859 1861 1862 1863 1864 1858 1863 1865 1866 1867 1861 1867 1862 1868 1866 1865 1867 1866 1862 1858 1861 1863 1866 1868 1869 1860 1855 1854 1864 1859 1858 1829 1857 1856 1854 1856 1857 1851 1827 1838 1827 1851 1828 1805 1870 1871 1872 1850 1805 1873 1874 1875 1876 1877 1878 1879 1880 1881 1882 1878 1879 1883 1884 1885 1881 1886 1885 1887 1884 1888 1883 1888 1884 1887 1889 1890 1889 1887 1888 1889 1891 1892 1892 1890 1889 1893 1894 1895 1881 1880 1886 1886 1883 1885 1882 1876 1878 1879 1881 1882 1896 1877 1897 1877 1876 1897 1896 1898 1899 1898 1896 1897 1899 1898 1900 1901 1902 1903 1902 1904 1903 1905 1903 1904 1905 1904 1906 1907 1908 1909 1910 1911 1912 1913 1914 1915 1916 1913 1917 1918 1905 1906 1919 1920 1921 1918 1922 1923 1924 1925 1926 1927 1922 1918 1928 1924 1929 1925 1923 1926 1930 1931 1932 1924 1928 1925 1933 1930 1934 1935 1932 1931 1934 1930 1936 1937 1938 1939 1918 1906 1927 1940 1941 1902 1937 1939 1942 1943 1944 1902 1945 1946 1947 1948 1949 1950 1948 1947 1946 1951 1945 1947 1950 1949 1952 1948 1946 1949 1902 1944 1953 1954 1801 1955 1956 1957 1958 1959 1960 1961 1962 1963 1964 1965 1966 1967 1968 1963 1962 1969 1970 1966 1971 1872 1972 1874 1894 1875 1973 1967 1970 1974 1975 1958 1976 1975 1974 1977 1976 1978 1958 1975 1956 1954 1977 1978 1802 1979 1800 1980 1981 1982 1979 1981 1980 1980 1982 1983 1800 1979 1980 1801 1954 1802 1954 1955 1977 1976 1974 1978 1957 1956 1984 1973 1984 1967 1984 1973 1957 1872 1985 1970 1895 1894 1874 1850 1872 1900 1986 1895 1987 1821 1820 1988 1989 1990 1991 1992 1950 1952 1993 1994 1995 1996 1951 1997 1951 1996 1945 1997 1998 1999 1999 1996 1997 1953 2000 1998 1999 1998 2000 2001 2002 1953 1953 2002 2000 2003 2004 1953 1953 2004 2001 1953 1944 2003 1943 1902 2005 1902 1941 2006 2005 1902 2006 1901 1940 1902 1900 2007 2008 2009 2010 2011 2012 2013 2014 1923 1922 1926 1930 1933 1931 2015 1935 1929 1929 1924 2015 2015 1932 1935 1995 1994 2016 2017 2018 1872 1872 2019 2017 2020 2021 1872 2022 2007 1872 1900 1872 2007 2023 1962 1964 1899 1900 2008 2024 1968 2025 2008 2026 1899 1967 1966 1970 2027 1872 2028 1872 1971 2019 2029 2030 1872 1872 2030 1972 1872 2027 2029 1872 1970 1969 2028 1872 1969 1965 1967 2031 1961 1960 2031 1965 2031 1960 1959 1961 2032 1952 2032 1992 1961 1992 2032 1895 1986 1893 2033 2034 2035 1899 2026 1987 1986 1987 2026 2036 2037 2023 2038 1872 2021 2038 2022 1872 1872 2039 2020 2037 2040 2023 1872 2018 2039 2019 2016 2017 2041 2040 2037 1995 2016 2019 2042 1994 1993 1942 1939 2042 2042 1993 1942 2043 2040 2041 2010 1938 2011 1937 2011 1938 2009 2044 2010 2045 2043 2041 2044 2013 2012 2013 2044 2009 2046 2012 2014 2047 2045 2046 2046 2014 2047 2045 1933 2043 1933 2045 1931 2047 1931 2045 1964 2036 2023 1968 2024 1963 2024 2048 2049 2048 2024 2025 2050 2051 2049 2049 2048 2050 1913 2052 1921 2053 2051 1921 2050 1921 2051 2054 2055 1921 1921 2055 2053 1921 1920 2056 1921 2056 2054 1919 1921 2052 2057 1914 1913 2052 1913 1915 2058 1913 1916 2058 2057 1913 1909 1916 1917 1908 1907 1910 1909 1917 1907 1912 1911 2034 1908 1910 1912 2035 1873 2033 1911 2035 2034 1875 2033 1873 1799 1807 1797 2059 1805 2060 2061 1988 2062 1820 2062 1988 2061 2063 2064 2063 2061 2062 2065 2066 2064 2064 2063 2065 2067 2066 1849 2065 1849 2066 2068 2069 1849 1849 2069 2067 1849 1848 2070 1849 2070 2068 1825 2071 1849 1847 1849 2071 2072 2073 1825 1825 2073 2071 2074 1825 2075 1825 1824 2072 2076 2077 1825 1825 2077 1826 2078 2079 1825 1825 2079 2076 1825 2074 2080 1825 2080 2078 1825 2081 2082 2075 1825 2082 1825 2083 2084 2081 1825 2084 2085 2083 1805 1825 1805 2083 2086 2087 1805 1805 2087 2085 2088 2089 1805 1805 2089 2086 2090 2091 1805 1805 2091 2088 2059 2092 1805 1805 2092 2090 2060 1805 2093 1990 1803 1805 2093 1805 1804 2094 2095 2096 1810 2097 1808 2098 1809 1792 2098 1810 1809 1791 2098 1792 1813 1815 1812 1811 2098 1791 1806 2098 1811 2099 2100 1794 2101 2102 2103 2104 2097 2105 2097 2104 1808 2105 1989 2106 2106 2104 2105 2106 1989 1991 2107 1991 1805 1990 1805 1991 1850 1838 1837 2108 2109 1805 1805 2109 2107 2110 2111 1805 1805 2111 2108 1837 1805 1850 1805 1852 2110 1871 2112 1805 1805 2112 1853 1870 1805 2113 2114 1805 1837 2113 1805 2114 1846 1839 1845 1841 1844 1843 2115 1835 1840 2116 2117 2115 2115 1840 2116 2118 2117 2119 2116 2119 2117 2118 2120 2121 2120 2118 2119 2122 2123 2121 2121 2120 2122 2124 2123 2101 2122 2101 2123 2125 2126 2101 2101 2126 2124 2101 2103 2127 2101 2127 2125 2128 2102 1830 2101 1830 2102 1833 2129 1830 1830 2129 2128 1832 1830 2130 1831 1822 1823 2130 1830 1831 1823 1796 1795 1795 1794 2100 2100 2099 2094 2095 1814 2096 2099 2095 2094 1815 1813 1816 1814 1816 2096 2131 2132 2133 2134 2135 2136 2135 2137 2136 2134 2138 2139 2139 2135 2134 2140 2138 2141 2138 2140 2139 2142 2143 2141 2140 2141 2143 2142 2144 2145 2145 2143 2142 2146 2144 2131 2144 2146 2145 2147 2148 2149 2150 2151 2152 2153 2154 2155 2156 2157 2158 2159 2160 2161 2162 2163 2164 2165 2166 2167 2168 2169 2170 2171 2172 2168 2172 2171 2163 2168 2170 2171 2165 2162 2164 2162 2172 2163 2164 2166 2165 2157 2167 2158 2158 2167 2166 2161 2160 2156 2156 2160 2157 2155 2154 2159 2161 2155 2159 2153 2147 2149 2154 2153 2149 2148 2151 2150 2148 2147 2151 2132 2152 2133 2132 2150 2152 2133 2146 2131 2173 2174 2175 2176 2177 2178 2177 2179 2178 2176 2180 2181 2181 2177 2176 2182 2180 2183 2180 2182 2181 2184 2185 2183 2182 2183 2185 2184 2186 2187 2187 2185 2184 2188 2186 2173 2186 2188 2187 2189 2190 2191 2192 2193 2194 2195 2196 2197 2198 2199 2200 2201 2202 2203 2204 2205 2206 2207 2208 2209 2210 2211 2212 2213 2214 2210 2214 2213 2205 2210 2212 2213 2207 2204 2206 2204 2214 2205 2206 2208 2207 2199 2209 2200 2200 2209 2208 2203 2202 2198 2198 2202 2199 2197 2196 2201 2203 2197 2201 2195 2189 2191 2196 2195 2191 2190 2193 2192 2190 2189 2193 2174 2194 2175 2174 2192 2194 2175 2188 2173 2215 2216 2217 2218 2219 2220 2219 2221 2220 2218 2222 2223 2223 2219 2218 2224 2222 2225 2222 2224 2223 2226 2227 2225 2224 2225 2227 2226 2228 2229 2229 2227 2226 2230 2228 2215 2228 2230 2229 2231 2232 2233 2234 2235 2236 2237 2238 2239 2240 2241 2242 2243 2244 2245 2246 2247 2248 2249 2250 2251 2252 2253 2254 2255 2256 2252 2256 2255 2247 2252 2254 2255 2249 2246 2248 2246 2256 2247 2248 2250 2249 2241 2251 2242 2242 2251 2250 2245 2244 2240 2240 2244 2241 2239 2238 2243 2245 2239 2243 2237 2231 2233 2238 2237 2233 2232 2235 2234 2232 2231 2235 2216 2236 2217 2216 2234 2236 2217 2230 2215 2257 2258 2259 2260 2261 2262 2261 2263 2262 2260 2264 2265 2265 2261 2260 2266 2264 2267 2264 2266 2265 2268 2269 2267 2266 2267 2269 2268 2270 2271 2271 2269 2268 2272 2270 2257 2270 2272 2271 2273 2274 2275 2276 2277 2278 2279 2280 2281 2282 2283 2284 2285 2286 2287 2288 2289 2290 2291 2292 2293 2294 2295 2296 2297 2298 2294 2298 2297 2289 2294 2296 2297 2291 2288 2290 2288 2298 2289 2290 2292 2291 2283 2293 2284 2284 2293 2292 2287 2286 2282 2282 2286 2283 2281 2280 2285 2287 2281 2285 2279 2273 2275 2280 2279 2275 2274 2277 2276 2274 2273 2277 2258 2278 2259 2258 2276 2278 2259 2272 2257 2299 2300 2301 2302 2303 2299 2299 2301 2302 2303 2304 2305 2304 2303 2302 2306 2305 2307 2304 2307 2305 2308 2309 2306 2306 2307 2308 2310 2311 2309 2310 2309 2308 2312 2311 2313 2311 2312 2309 2314 2315 2313 2312 2313 2315 2314 2316 2317 2317 2315 2314 2318 2316 2319 2316 2318 2317 2320 2321 2319 2318 2319 2321 2320 2322 2323 2323 2321 2320 2323 2324 2325 2324 2323 2322 2326 2325 2327 2324 2327 2325 2328 2329 2326 2326 2327 2328 2329 2330 2331 2330 2329 2328 2332 2331 2333 2330 2333 2331 2334 2335 2332 2332 2333 2334 2336 2337 2335 2336 2335 2334 2338 2337 2339 2337 2338 2335 2340 2341 2339 2338 2339 2341 2340 2342 2343 2343 2341 2340 2344 2342 2345 2342 2344 2343 2346 2347 2345 2344 2345 2347 2346 2348 2349 2349 2347 2346 2300 2350 2301 2351 2350 2352 2300 2352 2350 2352 2353 2354 2354 2351 2352 2355 2353 2356 2353 2355 2354 2357 2358 2356 2355 2356 2358 2357 2359 2360 2360 2358 2357 2361 2359 2362 2359 2361 2360 2363 2364 2362 2361 2362 2364 2365 2363 2366 2365 2364 2363 2367 2366 2368 2363 2368 2366 2367 2368 2369 2369 2370 2371 2371 2367 2369 2372 2370 2373 2370 2372 2371 2374 2375 2373 2372 2373 2375 2374 2376 2377 2377 2375 2374 2378 2379 2376 2376 2379 2377 2380 2381 2378 2378 2376 2380 2381 2382 2383 2382 2381 2380 2384 2383 2385 2382 2385 2383 2386 2387 2384 2384 2385 2386 2387 2388 2389 2388 2387 2386 2388 2349 2389 2389 2349 2348 2390 2391 2392 2393 2394 2390 2390 2392 2393 2394 2395 2396 2395 2394 2393 2397 2396 2398 2395 2398 2396 2399 2400 2397 2397 2398 2399 2401 2402 2400 2401 2400 2399 2403 2402 2404 2402 2403 2400 2405 2406 2404 2403 2404 2406 2405 2407 2408 2408 2406 2405 2409 2407 2410 2407 2409 2408 2411 2412 2410 2409 2410 2412 2411 2413 2414 2414 2412 2411 2414 2415 2416 2415 2414 2413 2417 2416 2418 2415 2418 2416 2419 2420 2417 2417 2418 2419 2420 2421 2422 2421 2420 2419 2423 2422 2424 2421 2424 2422 2425 2426 2423 2423 2424 2425 2427 2428 2426 2427 2426 2425 2429 2428 2430 2428 2429 2426 2431 2432 2430 2429 2430 2432 2431 2433 2434 2434 2432 2431 2435 2433 2436 2433 2435 2434 2437 2438 2436 2435 2436 2438 2437 2439 2440 2440 2438 2437 2391 2441 2392 2442 2441 2443 2391 2443 2441 2443 2444 2445 2445 2442 2443 2446 2444 2447 2444 2446 2445 2448 2449 2447 2446 2447 2449 2448 2450 2451 2451 2449 2448 2452 2450 2453 2450 2452 2451 2454 2455 2453 2452 2453 2455 2456 2454 2457 2456 2455 2454 2458 2457 2459 2454 2459 2457 2458 2459 2460 2460 2461 2462 2462 2458 2460 2463 2461 2464 2461 2463 2462 2465 2466 2464 2463 2464 2466 2465 2467 2468 2468 2466 2465 2469 2470 2467 2467 2470 2468 2471 2472 2469 2469 2467 2471 2472 2473 2474 2473 2472 2471 2475 2474 2476 2473 2476 2474 2477 2478 2475 2475 2476 2477 2478 2479 2480 2479 2478 2477 2479 2440 2480 2480 2440 2439 2481 2482 2483 2484 2485 2481 2481 2483 2484 2485 2486 2487 2486 2485 2484 2488 2487 2489 2486 2489 2487 2490 2491 2488 2488 2489 2490 2492 2493 2491 2492 2491 2490 2494 2493 2495 2493 2494 2491 2496 2497 2495 2494 2495 2497 2496 2498 2499 2499 2497 2496 2500 2498 2501 2498 2500 2499 2502 2503 2501 2500 2501 2503 2502 2504 2505 2505 2503 2502 2505 2506 2507 2506 2505 2504 2508 2507 2509 2506 2509 2507 2510 2511 2508 2508 2509 2510 2511 2512 2513 2512 2511 2510 2514 2513 2515 2512 2515 2513 2516 2517 2514 2514 2515 2516 2518 2519 2517 2518 2517 2516 2520 2519 2521 2519 2520 2517 2522 2523 2521 2520 2521 2523 2522 2524 2525 2525 2523 2522 2526 2524 2527 2524 2526 2525 2528 2529 2527 2526 2527 2529 2528 2530 2531 2531 2529 2528 2482 2532 2483 2533 2532 2534 2482 2534 2532 2534 2535 2536 2536 2533 2534 2537 2535 2538 2535 2537 2536 2539 2540 2538 2537 2538 2540 2539 2541 2542 2542 2540 2539 2543 2541 2544 2541 2543 2542 2545 2546 2544 2543 2544 2546 2547 2545 2548 2547 2546 2545 2549 2548 2550 2545 2550 2548 2549 2550 2551 2551 2552 2553 2553 2549 2551 2554 2552 2555 2552 2554 2553 2556 2557 2555 2554 2555 2557 2556 2558 2559 2559 2557 2556 2560 2561 2558 2558 2561 2559 2562 2563 2560 2560 2558 2562 2563 2564 2565 2564 2563 2562 2566 2565 2567 2564 2567 2565 2568 2569 2566 2566 2567 2568 2569 2570 2571 2570 2569 2568 2570 2531 2571 2571 2531 2530 2572 2573 2574 2575 2576 2572 2572 2574 2575 2576 2577 2578 2577 2576 2575 2579 2578 2580 2577 2580 2578 2581 2582 2579 2579 2580 2581 2583 2584 2582 2583 2582 2581 2585 2584 2586 2584 2585 2582 2587 2588 2586 2585 2586 2588 2587 2589 2590 2590 2588 2587 2591 2589 2592 2589 2591 2590 2593 2594 2592 2591 2592 2594 2593 2595 2596 2596 2594 2593 2596 2597 2598 2597 2596 2595 2599 2598 2600 2597 2600 2598 2601 2602 2599 2599 2600 2601 2602 2603 2604 2603 2602 2601 2605 2604 2606 2603 2606 2604 2607 2608 2605 2605 2606 2607 2609 2610 2608 2609 2608 2607 2611 2610 2612 2610 2611 2608 2613 2614 2612 2611 2612 2614 2613 2615 2616 2616 2614 2613 2617 2615 2618 2615 2617 2616 2619 2620 2618 2617 2618 2620 2619 2621 2622 2622 2620 2619 2573 2623 2574 2624 2623 2625 2573 2625 2623 2625 2626 2627 2627 2624 2625 2628 2626 2629 2626 2628 2627 2630 2631 2629 2628 2629 2631 2630 2632 2633 2633 2631 2630 2634 2632 2635 2632 2634 2633 2636 2637 2635 2634 2635 2637 2638 2636 2639 2638 2637 2636 2640 2639 2641 2636 2641 2639 2640 2641 2642 2642 2643 2644 2644 2640 2642 2645 2643 2646 2643 2645 2644 2647 2648 2646 2645 2646 2648 2647 2649 2650 2650 2648 2647 2651 2652 2649 2649 2652 2650 2653 2654 2651 2651 2649 2653 2654 2655 2656 2655 2654 2653 2657 2656 2658 2655 2658 2656 2659 2660 2657 2657 2658 2659 2660 2661 2662 2661 2660 2659 2661 2622 2662 2662 2622 2621 2663 2664 2665 2666 2667 2668 2663 2667 2669 2670 2671 2672 2668 2671 2673 2674 2675 2676 2676 2677 2670 2678 2679 2680 2681 2674 2680 2682 2683 2684 2685 2678 2682 2686 2687 2688 2686 2689 2690 2691 2692 2693 2694 2695 2696 2697 2698 2699 2698 2697 2691 2699 2700 2701 2701 2697 2699 2702 2703 2700 2701 2700 2703 2704 2702 2705 2702 2704 2703 2706 2704 2705 2694 2693 2692 2698 2691 2693 2695 2688 2696 2692 2695 2694 2686 2690 2687 2688 2687 2696 2684 2683 2689 2689 2683 2690 2685 2679 2678 2685 2682 2684 2675 2674 2681 2674 2678 2680 2672 2676 2670 2676 2675 2677 2668 2673 2666 2672 2671 2668 2667 2663 2665 2666 2669 2667 2707 2708 2709 2710 2711 2712 2713 2714 2715 2716 2717 2718 2719 2720 2721 2722 2723 2724 2725 2726 2727 2728 2729 2730 2731 2732 2733 2734 2735 2736 2732 2731 2737 2738 2737 2739 2731 2739 2737 2740 2739 2741 2739 2740 2738 2741 2742 2743 2743 2740 2741 2742 2744 2745 2743 2742 2745 2746 2744 2747 2742 2747 2744 2748 2747 2749 2747 2748 2746 2750 2748 2749 2731 2733 2734 2734 2736 2727 2734 2733 2735 2725 2728 2726 2736 2725 2727 2729 2720 2730 2728 2730 2726 2724 2719 2721 2721 2720 2729 2713 2723 2722 2723 2719 2724 2715 2714 2717 2713 2722 2714 2716 2718 2710 2715 2717 2716 2711 2708 2712 2718 2711 2710 2707 2712 2708 2751 2752 2753 2754 2755 2756 2751 2755 2757 2758 2759 2760 2756 2759 2761 2762 2763 2764 2764 2765 2758 2766 2767 2768 2769 2762 2768 2770 2771 2772 2770 2773 2774 2775 2776 2777 2775 2772 2778 2779 2780 2781 2782 2783 2784 2785 2786 2787 2786 2785 2779 2787 2788 2789 2789 2785 2787 2790 2791 2788 2789 2788 2791 2792 2790 2793 2790 2792 2791 2794 2792 2793 2782 2781 2780 2786 2779 2781 2783 2777 2784 2780 2783 2782 2775 2778 2776 2777 2776 2784 2771 2770 2774 2772 2771 2778 2767 2766 2773 2773 2766 2774 2763 2762 2769 2762 2766 2768 2760 2764 2758 2764 2763 2765 2756 2761 2754 2760 2759 2756 2755 2751 2753 2754 2757 2755 2795 2796 2797 2798 2799 2800 2801 2797 2802 2801 2795 2797 2803 2804 2802 2802 2797 2803 2805 2804 2806 2803 2806 2804 2807 2806 2808 2806 2807 2805 2809 2808 2810 2809 2807 2808 2810 2808 2811 2811 2812 2810 2795 2813 2796 2814 2796 2815 2813 2815 2796 2816 2817 2814 2816 2814 2815 2798 2800 2817 2814 2817 2800 2818 2819 2820 2821 2822 2823 2824 2825 2826 2827 2828 2829 2830 2831 2832 2833 2834 2835 2835 2828 2833 2836 2834 2837 2833 2837 2834 2838 2836 2837 2827 2829 2832 2829 2828 2835 2821 2831 2830 2831 2827 2832 2823 2822 2825 2821 2830 2822 2824 2826 2818 2823 2825 2824 2819 2799 2820 2826 2819 2818 2798 2820 2799 2839 2840 2841 2839 2842 2843 2843 2840 2839 2844 2842 2845 2842 2844 2843 2846 2847 2845 2844 2845 2847 2846 2848 2849 2849 2847 2846 2848 2850 2849 2851 2841 2840 2852 2851 2853 2851 2852 2841 2854 2855 2853 2852 2853 2855 2854 2856 2857 2857 2855 2854 2858 2856 2859 2856 2858 2857 2858 2859 2860 2861 2862 2863 2864 2865 2861 2866 2867 2868 2863 2869 2870 2871 2872 2873 2871 2873 2874 2872 2875 2876 2877 2878 2879 2880 2881 2882 2883 2882 2879 2881 2884 2885 2886 2887 2888 2889 2890 2891 2892 2893 2894 2895 2896 2897 2898 2899 2900 2901 2902 2903 2904 2905 2903 2906 2901 2903 2891 2890 2907 2868 2867 2900 2887 2908 2909 2910 2911 2912 2913 2914 2915 2916 2917 2887 2918 2919 2920 2921 2922 2923 2924 2918 2925 2919 2915 2920 2926 2927 2910 2880 2928 2927 2926 2884 2880 2883 2878 2929 2930 2928 2882 2931 2932 2933 2883 2929 2934 2935 2936 2931 2933 2930 2934 2929 2865 2864 2937 2929 2864 2934 2929 2937 2873 2872 2876 2865 2878 2862 2938 2934 2937 2861 2865 2862 2929 2878 2865 2938 2939 2934 2939 2933 2934 2930 2883 2934 2940 2933 2939 2870 2869 2876 2876 2875 2870 2874 2873 2941 2869 2863 2862 2869 2942 2873 2943 2867 2944 2877 2942 2862 2882 2881 2879 2862 2878 2877 2878 2883 2879 2882 2883 2930 2928 2933 2932 2935 2931 2940 2933 2940 2931 2873 2876 2869 2945 2874 2941 2945 2941 2946 2869 2862 2942 2941 2942 2947 2881 2948 2879 2877 2948 2947 2880 2884 2881 2877 2879 2948 2936 2949 2931 2930 2933 2928 2880 2882 2928 2927 2932 2950 2931 2949 2950 2951 2936 2935 2873 2942 2941 2952 2945 2946 2952 2946 2953 2942 2877 2947 2946 2947 2954 2889 2955 2884 2885 2954 2948 2956 2950 2949 2885 2948 2881 2957 2949 2936 2932 2931 2950 2928 2932 2927 2926 2880 2927 2958 2959 2936 2910 2950 2956 2956 2949 2957 2951 2958 2936 2941 2947 2946 2960 2952 2953 2960 2953 2943 2947 2948 2954 2961 2953 2954 2889 2926 2912 2955 2961 2885 2888 2956 2957 2885 2884 2955 2889 2884 2926 2957 2959 2886 2927 2950 2910 2912 2926 2910 2962 2963 2959 2911 2956 2888 2888 2957 2886 2958 2962 2959 2936 2959 2957 2946 2954 2953 2944 2960 2943 2904 2902 2964 2954 2885 2961 2943 2961 2965 2890 2912 2894 2891 2965 2955 2894 2911 2909 2955 2889 2891 2889 2912 2890 2886 2963 2916 2910 2956 2911 2911 2894 2912 2966 2967 2963 2909 2888 2887 2887 2886 2916 2962 2966 2963 2959 2963 2886 2953 2961 2943 2866 2944 2867 2968 2898 2969 2961 2955 2965 2867 2965 2970 2894 2893 2890 2970 2891 2907 2909 2892 2894 2907 2890 2893 2971 2917 2972 2916 2967 2972 2911 2888 2909 2909 2908 2892 2973 2974 2967 2908 2887 2917 2917 2916 2972 2966 2973 2967 2963 2967 2916 2943 2965 2867 2899 2868 2900 2907 2893 2975 2965 2891 2970 2976 2900 2970 2893 2892 2977 2976 2907 2975 2892 2908 2978 2975 2893 2977 2908 2917 2979 2978 2977 2892 2972 2974 2922 2979 2978 2908 2980 2923 2974 2971 2979 2917 2971 2972 2922 2973 2980 2974 2967 2974 2972 2867 2970 2900 2968 2899 2898 2975 2977 2897 2970 2907 2976 2898 2976 2981 2977 2978 2895 2981 2975 2897 2978 2979 2982 2897 2977 2895 2979 2971 2983 2895 2978 2982 2984 2971 2922 2982 2979 2983 2985 2913 2923 2971 2984 2983 2984 2922 2921 2980 2985 2923 2974 2923 2922 2900 2976 2898 2986 2968 2969 2987 2895 2982 2976 2975 2981 2969 2981 2964 2988 2982 2983 2964 2897 2896 2989 2983 2984 2896 2895 2987 2990 2984 2921 2987 2982 2988 2991 2921 2913 2988 2983 2989 2992 2991 2915 2990 2989 2984 2991 2990 2921 2985 2914 2913 2923 2913 2921 2898 2981 2969 2902 2901 2986 2904 2896 2993 2981 2897 2964 2904 2964 2896 2993 2987 2994 2993 2896 2987 2994 2988 2995 2994 2987 2988 2995 2989 2996 2995 2988 2989 2996 2990 2997 2996 2989 2990 2997 2991 2992 2997 2990 2991 2919 2992 2915 2914 2920 2915 2913 2915 2991 2986 2969 2902 2964 2902 2969 2993 2998 2905 2903 2902 2904 2994 2999 2998 2905 2904 2993 2995 3000 2999 2998 2993 2994 2996 3001 3000 2999 2994 2995 2997 3002 3001 3000 2995 2996 2992 3003 3002 3001 2996 2997 2919 2924 3003 3002 2997 2992 2924 2919 2918 3003 2992 2919 3004 3005 3006 3007 3008 3009 3010 3011 3012 3013 3014 3015 3016 3017 3018 3019 3020 3016 3021 3022 3023 3024 3017 3021 3025 3026 3022 3023 3022 3026 3024 3021 3023 3017 3024 3018 3016 3018 3019 3020 3019 3012 3010 3012 3013 3020 3012 3011 3015 3014 3006 3010 3013 3015 3005 3004 3027 3014 3004 3006 3008 3027 3009 3004 3009 3027 3007 3028 3008 3029 3030 3031 3032 3033 3031 3029 3031 3033 3032 3034 3035 3035 3033 3032 3036 3034 3037 3034 3036 3035 3038 3039 3037 3036 3037 3039 3040 3039 3038 3041 3030 3029 3042 3041 3043 3041 3042 3030 3044 3045 3043 3042 3043 3045 3044 3046 3047 3047 3045 3044 3048 3046 3049 3046 3048 3047 3048 3049 3050 3051 3052 3053 3054 3055 3056 3057 3058 3059 3060 3061 3062 3061 3060 3063 3064 3065 3060 3060 3062 3064 3066 3065 3067 3064 3067 3065 3068 3066 3067 3069 3061 3063 3070 3069 3071 3063 3071 3069 3070 3056 3055 3056 3070 3071 3072 3054 3056 3072 3073 3074 3074 3054 3072 3057 3059 3073 3074 3073 3059 3057 3052 3058 3053 3075 3051 3052 3051 3058 3076 3077 3078 3079 3080 3081 3082 3083 3084 3084 3085 3082 3083 3086 3084 3082 3087 3083 3088 3089 3090 3090 3091 3088 3092 3093 3094 3090 3089 3094 3092 3095 3093 3096 3097 3098 3099 3100 3101 3102 3103 3077 3104 3099 3098 3101 3100 3085 3098 3105 3106 3085 3084 3101 3098 3097 3105 3107 3106 3105 3108 3109 3086 3086 3083 3108 3110 3111 3109 3108 3110 3109 3112 3113 3114 3115 3111 3110 3115 3116 3111 3117 3116 3118 3119 3120 3121 3122 3123 3124 3125 3126 3112 3127 3128 3123 3126 3118 3112 3129 3130 3131 3132 3133 3134 3135 3136 3137 3138 3136 3139 3140 3141 3130 3142 3143 3144 3141 3145 3081 3111 3116 3146 3125 3124 3128 3118 3116 3121 3115 3121 3116 3147 3148 3149 3112 3118 3113 3150 3151 3152 3106 3104 3098 3153 3097 3096 3153 3096 3154 3104 3100 3099 3096 3099 3155 3156 3084 3086 3101 3156 3155 3083 3087 3091 3084 3156 3101 3090 3094 3157 3158 3159 3093 3087 3088 3091 3091 3108 3083 3089 3092 3094 3160 3090 3157 3093 3095 3161 3094 3159 3157 3162 3093 3161 3098 3099 3096 3163 3153 3154 3163 3154 3076 3099 3101 3155 3154 3155 3164 3165 3086 3109 3165 3164 3156 3108 3091 3160 3086 3165 3156 3157 3159 3166 3167 3168 3158 3091 3090 3160 3160 3110 3108 3094 3093 3159 3169 3157 3166 3093 3162 3158 3159 3168 3166 3170 3158 3162 3096 3155 3154 3078 3163 3076 3171 3144 3172 3155 3156 3164 3164 3173 3076 3109 3111 3174 3174 3173 3165 3110 3160 3169 3174 3165 3109 3166 3168 3175 3176 3177 3167 3160 3157 3169 3169 3115 3110 3159 3158 3168 3119 3166 3175 3158 3170 3167 3168 3177 3175 3178 3167 3170 3154 3164 3076 3103 3078 3077 3102 3077 3179 3164 3165 3173 3173 3180 3077 3144 3080 3172 3180 3174 3146 3115 3169 3119 3174 3111 3146 3175 3177 3181 3182 3183 3176 3169 3166 3119 3119 3121 3115 3168 3167 3177 3120 3175 3181 3167 3178 3176 3177 3183 3181 3184 3176 3178 3076 3173 3077 3185 3102 3179 3185 3179 3186 3173 3174 3180 3187 3179 3180 3188 3113 3120 3146 3117 3187 3152 3189 3190 3146 3116 3117 3181 3183 3148 3191 3149 3182 3119 3175 3120 3121 3120 3113 3177 3176 3183 3188 3181 3148 3176 3184 3182 3183 3149 3148 3192 3182 3184 3077 3180 3179 3193 3185 3186 3193 3186 3194 3180 3146 3187 3187 3195 3186 3118 3121 3113 3126 3195 3117 3124 3125 3112 3126 3117 3118 3148 3196 3188 3190 3197 3191 3120 3181 3188 3188 3196 3114 3183 3182 3149 3147 3196 3148 3182 3192 3191 3149 3197 3147 3198 3191 3192 3179 3187 3186 3199 3193 3194 3199 3194 3143 3187 3117 3195 3200 3194 3195 3114 3196 3122 3126 3125 3200 3196 3147 3201 3202 3147 3197 3113 3188 3114 3124 3114 3122 3189 3197 3190 3201 3122 3196 3149 3191 3197 3201 3147 3202 3191 3198 3190 3197 3189 3202 3203 3190 3198 3186 3195 3194 3142 3199 3143 3204 3205 3140 3195 3126 3200 3200 3206 3143 3112 3114 3124 3206 3125 3128 3201 3207 3122 3128 3124 3123 3202 3208 3201 3123 3122 3207 3209 3151 3210 3207 3201 3208 3150 3152 3211 3208 3202 3209 3190 3203 3152 3152 3151 3189 3211 3152 3203 3194 3200 3143 3171 3142 3144 3212 3123 3207 3200 3125 3206 3213 3144 3206 3214 3207 3208 3213 3128 3127 3215 3208 3209 3127 3123 3212 3216 3215 3210 3212 3207 3214 3202 3189 3209 3208 3215 3214 3210 3151 3217 3218 3219 3150 3189 3151 3209 3150 3217 3151 3218 3150 3211 3144 3143 3206 3079 3172 3080 3212 3220 3127 3206 3128 3213 3080 3213 3221 3214 3222 3212 3127 3220 3221 3215 3223 3214 3212 3222 3220 3223 3216 3224 3214 3223 3222 3217 3219 3225 3209 3210 3215 3217 3226 3210 3150 3219 3217 3226 3217 3227 3218 3225 3219 3144 3213 3080 3145 3079 3081 3222 3223 3228 3213 3127 3221 3081 3221 3229 3228 3224 3230 3229 3220 3131 3231 3224 3216 3131 3222 3228 3210 3226 3216 3215 3216 3223 3226 3231 3216 3226 3227 3232 3217 3225 3227 3080 3221 3081 3205 3145 3141 3220 3222 3131 3221 3220 3229 3229 3130 3141 3129 3228 3230 3228 3129 3131 3230 3224 3233 3231 3234 3233 3223 3224 3228 3231 3233 3224 3232 3231 3226 3235 3231 3232 3133 3139 3140 3081 3229 3141 3133 3129 3134 3229 3131 3130 3129 3133 3130 3230 3236 3134 3230 3134 3129 3237 3233 3234 3237 3230 3233 3234 3231 3235 3205 3141 3140 3204 3139 3135 3130 3133 3140 3132 3134 3236 3236 3230 3237 3204 3140 3139 3135 3139 3136 3132 3138 3133 3139 3133 3138 3238 3239 3240 3241 3242 3243 3241 3239 3238 3243 3244 3245 3244 3243 3242 3241 3238 3242 3244 3246 3245 3245 3246 3247 3248 3247 3246 3248 3249 3247 3240 3239 3250 3251 3250 3252 3250 3251 3240 3253 3254 3252 3251 3252 3254 3253 3255 3256 3256 3254 3253 3257 3255 3258 3255 3257 3256 3257 3258 3259 3260 3261 3262 3263 3264 3265 3266 3267 3268 3269 3270 3271 3272 3273 3270 3274 3269 3271 3266 3275 3276 3277 3278 3279 3280 3281 3260 3282 3283 3266 3284 3285 3286 3287 3288 3289 3290 3291 3292 3293 3294 3286 3295 3296 3297 3298 3299 3300 3301 3297 3302 3303 3297 3301 3304 3305 3292 3274 3306 3307 3308 3309 3285 3310 3261 3285 3310 3309 3311 3312 3311 3313 3262 3310 3314 3315 3316 3317 3311 3318 3314 3316 3319 3312 3320 3321 3322 3323 3324 3320 3325 3322 3326 3312 3319 3326 3263 3327 3264 3316 3315 3264 3328 3263 3329 3330 3331 3332 3333 3334 3328 3335 3336 3337 3338 3339 3340 3341 3338 3342 3343 3341 3344 3345 3336 3346 3347 3344 3348 3348 3341 3342 3348 3344 3341 3338 3340 3342 3333 3349 3343 3341 3343 3349 3338 3341 3349 3350 3340 3339 3350 3339 3335 3349 3333 3328 3339 3349 3351 3329 3351 3328 3352 3263 3334 3328 3334 3263 3338 3349 3339 3337 3350 3335 3353 3332 3354 3349 3328 3351 3335 3351 3355 3265 3355 3329 3356 3327 3352 3263 3352 3327 3265 3329 3263 3327 3319 3264 3357 3326 3356 3327 3356 3326 3339 3351 3335 3345 3337 3336 3346 3336 3358 3351 3329 3355 3336 3355 3359 3327 3326 3319 3315 3359 3265 3315 3265 3264 3316 3264 3319 3312 3326 3318 3325 3326 3357 3335 3355 3336 3360 3346 3358 3360 3358 3361 3355 3265 3359 3358 3359 3362 3313 3317 3316 3315 3317 3362 3311 3309 3313 3326 3322 3318 3313 3316 3312 3318 3311 3312 3363 3322 3325 3321 3314 3322 3336 3359 3358 3364 3360 3361 3364 3361 3365 3359 3315 3362 3361 3362 3366 3309 3367 3313 3317 3367 3366 3310 3285 3309 3317 3313 3367 3324 3368 3320 3363 3320 3322 3318 3322 3314 3310 3311 3314 3262 3321 3369 3320 3363 3323 3320 3368 3369 3370 3324 3323 3358 3362 3361 3371 3364 3365 3371 3365 3331 3362 3317 3366 3365 3366 3372 3293 3373 3294 3308 3372 3367 3261 3286 3285 3308 3367 3309 3374 3368 3324 3321 3320 3369 3314 3321 3262 3261 3310 3262 3375 3376 3324 3260 3369 3377 3377 3368 3374 3370 3375 3324 3361 3366 3365 3330 3371 3331 3295 3303 3378 3366 3367 3372 3379 3331 3372 3286 3261 3281 3284 3379 3308 3267 3377 3374 3308 3285 3284 3268 3374 3376 3369 3368 3377 3262 3369 3260 3281 3261 3260 3380 3381 3376 3280 3377 3267 3267 3374 3268 3375 3380 3376 3324 3376 3374 3365 3372 3331 3353 3330 3332 3354 3332 3291 3372 3308 3379 3332 3379 3382 3293 3281 3287 3294 3382 3284 3287 3280 3283 3284 3286 3294 3286 3281 3293 3268 3381 3275 3260 3377 3280 3280 3287 3281 3383 3384 3381 3283 3267 3266 3266 3268 3275 3380 3383 3381 3376 3381 3268 3332 3331 3379 3290 3354 3291 3385 3304 3386 3379 3284 3382 3291 3382 3387 3287 3289 3293 3387 3294 3373 3283 3288 3287 3373 3293 3289 3388 3276 3389 3275 3384 3389 3280 3267 3283 3283 3282 3288 3390 3391 3384 3282 3266 3276 3276 3275 3389 3383 3390 3384 3381 3384 3275 3332 3382 3291 3305 3290 3292 3373 3289 3392 3382 3294 3387 3393 3292 3387 3289 3288 3394 3393 3373 3392 3288 3282 3395 3392 3289 3394 3282 3276 3396 3395 3394 3288 3389 3391 3278 3396 3395 3282 3397 3279 3391 3388 3396 3276 3388 3389 3278 3390 3397 3391 3384 3391 3389 3291 3387 3292 3385 3305 3304 3392 3394 3300 3387 3373 3393 3304 3393 3398 3394 3395 3298 3398 3392 3300 3395 3396 3399 3300 3394 3298 3396 3388 3400 3298 3395 3399 3401 3388 3278 3399 3396 3400 3402 3272 3279 3388 3401 3400 3401 3278 3277 3397 3402 3279 3391 3279 3278 3292 3393 3304 3403 3385 3386 3404 3298 3399 3393 3392 3398 3386 3398 3378 3405 3399 3400 3378 3300 3299 3406 3400 3401 3299 3298 3404 3407 3401 3277 3404 3399 3405 3408 3277 3272 3405 3400 3406 3409 3408 3270 3407 3406 3401 3408 3407 3277 3402 3273 3272 3279 3272 3277 3304 3398 3386 3303 3301 3403 3295 3299 3410 3398 3300 3378 3295 3378 3299 3410 3404 3411 3410 3299 3404 3411 3405 3412 3411 3404 3405 3412 3406 3413 3412 3405 3406 3413 3407 3414 3413 3406 3407 3414 3408 3409 3414 3407 3408 3269 3409 3270 3273 3271 3270 3272 3270 3408 3403 3386 3303 3378 3303 3386 3410 3415 3296 3297 3303 3295 3411 3416 3415 3296 3295 3410 3412 3417 3416 3415 3410 3411 3413 3418 3417 3416 3411 3412 3414 3419 3418 3417 3412 3413 3409 3420 3419 3418 3413 3414 3269 3307 3420 3419 3414 3409 3307 3269 3274 3420 3409 3269 3421 3422 3423 3424 3425 3426 3427 3428 3429 3430 3431 3432 3433 3434 3435 3436 3437 3433 3438 3439 3440 3441 3434 3438 3442 3443 3439 3440 3439 3443 3441 3438 3440 3434 3441 3435 3433 3435 3436 3437 3436 3429 3427 3429 3430 3437 3429 3428 3432 3431 3423 3427 3430 3432 3422 3421 3444 3431 3421 3423 3425 3444 3426 3421 3426 3444 3424 3445 3425 3446 3447 3448 3449 3450 3451 3452 3446 3453 3452 3453 3449 3449 3451 3452 3446 3448 3453 3450 3454 3451 3454 3450 3455 3455 3456 3454 3448 3447 3457 3458 3457 3447 3459 3458 3460 3458 3459 3457 3461 3462 3460 3459 3460 3462 3461 3463 3464 3464 3462 3461 3465 3463 3466 3463 3465 3464 3465 3466 3467 3468 3469 3470 3471 3472 3473 3474 3475 3476 3477 3478 3479 3478 3477 3480 3481 3482 3477 3477 3479 3481 3483 3482 3484 3481 3484 3482 3485 3483 3484 3486 3478 3480 3487 3486 3488 3480 3488 3486 3487 3473 3472 3473 3487 3488 3489 3471 3473 3489 3490 3491 3491 3471 3489 3474 3476 3490 3491 3490 3476 3474 3469 3475 3470 3492 3468 3469 3468 3475 3493 3494 3495 3496 3497 3498 3499 3500 3501 3501 3502 3499 3500 3503 3501 3499 3504 3500 3505 3506 3507 3507 3508 3505 3509 3510 3511 3507 3506 3511 3509 3512 3510 3513 3514 3515 3516 3517 3518 3519 3520 3494 3521 3516 3515 3518 3517 3502 3515 3522 3523 3502 3501 3518 3515 3514 3522 3524 3523 3522 3525 3526 3503 3503 3500 3525 3527 3528 3526 3525 3527 3526 3529 3530 3531 3532 3528 3527 3532 3533 3528 3534 3533 3535 3536 3537 3538 3539 3540 3541 3542 3543 3529 3544 3545 3540 3543 3535 3529 3546 3547 3548 3549 3550 3551 3552 3553 3554 3555 3553 3556 3557 3558 3547 3559 3560 3561 3558 3562 3498 3528 3533 3563 3542 3541 3545 3535 3533 3538 3532 3538 3533 3564 3565 3566 3529 3535 3530 3567 3568 3569 3523 3521 3515 3570 3514 3513 3570 3513 3571 3521 3517 3516 3513 3516 3572 3573 3501 3503 3518 3573 3572 3500 3504 3508 3501 3573 3518 3507 3511 3574 3575 3576 3510 3504 3505 3508 3508 3525 3500 3506 3509 3511 3577 3507 3574 3510 3512 3578 3511 3576 3574 3579 3510 3578 3515 3516 3513 3580 3570 3571 3580 3571 3493 3516 3518 3572 3571 3572 3581 3582 3503 3526 3582 3581 3573 3525 3508 3577 3503 3582 3573 3574 3576 3583 3584 3585 3575 3508 3507 3577 3577 3527 3525 3511 3510 3576 3586 3574 3583 3510 3579 3575 3576 3585 3583 3587 3575 3579 3513 3572 3571 3495 3580 3493 3588 3561 3589 3572 3573 3581 3581 3590 3493 3526 3528 3591 3591 3590 3582 3527 3577 3586 3591 3582 3526 3583 3585 3592 3593 3594 3584 3577 3574 3586 3586 3532 3527 3576 3575 3585 3536 3583 3592 3575 3587 3584 3585 3594 3592 3595 3584 3587 3571 3581 3493 3520 3495 3494 3519 3494 3596 3581 3582 3590 3590 3597 3494 3561 3497 3589 3597 3591 3563 3532 3586 3536 3591 3528 3563 3592 3594 3598 3599 3600 3593 3586 3583 3536 3536 3538 3532 3585 3584 3594 3537 3592 3598 3584 3595 3593 3594 3600 3598 3601 3593 3595 3493 3590 3494 3602 3519 3596 3602 3596 3603 3590 3591 3597 3604 3596 3597 3605 3530 3537 3563 3534 3604 3569 3606 3607 3563 3533 3534 3598 3600 3565 3608 3566 3599 3536 3592 3537 3538 3537 3530 3594 3593 3600 3605 3598 3565 3593 3601 3599 3600 3566 3565 3609 3599 3601 3494 3597 3596 3610 3602 3603 3610 3603 3611 3597 3563 3604 3604 3612 3603 3535 3538 3530 3543 3612 3534 3541 3542 3529 3543 3534 3535 3565 3613 3605 3607 3614 3608 3537 3598 3605 3605 3613 3531 3600 3599 3566 3564 3613 3565 3599 3609 3608 3566 3614 3564 3615 3608 3609 3596 3604 3603 3616 3610 3611 3616 3611 3560 3604 3534 3612 3617 3611 3612 3531 3613 3539 3543 3542 3617 3613 3564 3618 3619 3564 3614 3530 3605 3531 3541 3531 3539 3606 3614 3607 3618 3539 3613 3566 3608 3614 3618 3564 3619 3608 3615 3607 3614 3606 3619 3620 3607 3615 3603 3612 3611 3559 3616 3560 3621 3622 3557 3612 3543 3617 3617 3623 3560 3529 3531 3541 3623 3542 3545 3618 3624 3539 3545 3541 3540 3619 3625 3618 3540 3539 3624 3626 3568 3627 3624 3618 3625 3567 3569 3628 3625 3619 3626 3607 3620 3569 3569 3568 3606 3628 3569 3620 3611 3617 3560 3588 3559 3561 3629 3540 3624 3617 3542 3623 3630 3561 3623 3631 3624 3625 3630 3545 3544 3632 3625 3626 3544 3540 3629 3633 3632 3627 3629 3624 3631 3619 3606 3626 3625 3632 3631 3627 3568 3634 3635 3636 3567 3606 3568 3626 3567 3634 3568 3635 3567 3628 3561 3560 3623 3496 3589 3497 3629 3637 3544 3623 3545 3630 3497 3630 3638 3631 3639 3629 3544 3637 3638 3632 3640 3631 3629 3639 3637 3640 3633 3641 3631 3640 3639 3634 3636 3642 3626 3627 3632 3634 3643 3627 3567 3636 3634 3643 3634 3644 3635 3642 3636 3561 3630 3497 3562 3496 3498 3639 3640 3645 3630 3544 3638 3498 3638 3646 3645 3641 3647 3646 3637 3548 3648 3641 3633 3548 3639 3645 3627 3643 3633 3632 3633 3640 3643 3648 3633 3643 3644 3649 3634 3642 3644 3497 3638 3498 3622 3562 3558 3637 3639 3548 3638 3637 3646 3646 3547 3558 3546 3645 3647 3645 3546 3548 3647 3641 3650 3648 3651 3650 3640 3641 3645 3648 3650 3641 3649 3648 3643 3652 3648 3649 3550 3556 3557 3498 3646 3558 3550 3546 3551 3646 3548 3547 3546 3550 3547 3647 3653 3551 3647 3551 3546 3654 3650 3651 3654 3647 3650 3651 3648 3652 3622 3558 3557 3621 3556 3552 3547 3550 3557 3549 3551 3653 3653 3647 3654 3621 3557 3556 3552 3556 3553 3549 3555 3550 3556 3550 3555 3655 3656 3657 3657 3658 3655 3659 3655 3658 3659 3658 3660 3660 3661 3659 3662 3661 3660 3661 3662 3663 3662 3664 3663 3664 3665 3663 3656 3666 3657 3667 3666 3656 3668 3667 3669 3667 3668 3666 3670 3671 3669 3668 3669 3671 3670 3672 3673 3673 3671 3670 3674 3672 3675 3672 3674 3673 3674 3675 3676 3677 3678 3679 3680 3681 3679 3677 3679 3681 3680 3682 3683 3683 3681 3680 3684 3682 3685 3682 3684 3683 3686 3687 3685 3684 3685 3687 3688 3687 3686 3689 3678 3677 3690 3689 3691 3689 3690 3678 3692 3693 3691 3690 3691 3693 3692 3694 3695 3695 3693 3692 3696 3694 3697 3694 3696 3695 3696 3697 3698 3699 3700 3701 3699 3701 3702 3703 3704 3705 3705 3700 3703 3706 3704 3707 3705 3704 3706 3707 3708 3709 3706 3707 3709 3699 3703 3700 3708 3710 3709 3701 3711 3702 3712 3711 3713 3711 3712 3702 3714 3715 3713 3712 3713 3715 3714 3716 3717 3717 3715 3714 3718 3716 3719 3716 3718 3717 3718 3719 3720 3721 3722 3723 3724 3725 3723 3721 3723 3725 3724 3726 3727 3727 3725 3724 3728 3726 3729 3726 3728 3727 3730 3731 3729 3728 3729 3731 3732 3731 3730 3733 3722 3721 3734 3733 3735 3733 3734 3722 3736 3737 3735 3734 3735 3737 3736 3738 3739 3739 3737 3736 3740 3738 3741 3738 3740 3739 3740 3741 3742 3743 3744 3745 3746 3747 3745 3743 3745 3747 3746 3748 3749 3749 3747 3746 3750 3748 3751 3748 3750 3749 3752 3753 3751 3750 3751 3753 3754 3753 3752 3755 3744 3743 3756 3755 3757 3755 3756 3744 3758 3759 3757 3756 3757 3759 3758 3760 3761 3761 3759 3758 3762 3760 3763 3760 3762 3761 3762 3763 3764 3765 3766 3767 3768 3769 3767 3765 3767 3769 3768 3770 3771 3771 3769 3768 3772 3770 3773 3770 3772 3771 3774 3775 3773 3772 3773 3775 3776 3775 3774 3777 3766 3765 3778 3777 3779 3777 3778 3766 3780 3781 3779 3778 3779 3781 3780 3782 3783 3783 3781 3780 3784 3782 3785 3782 3784 3783 3784 3785 3786 3787 3788 3789 3790 3791 3789 3787 3789 3791 3790 3792 3793 3793 3791 3790 3794 3792 3795 3792 3794 3793 3796 3797 3795 3794 3795 3797 3798 3797 3796 3799 3788 3787 3800 3799 3801 3799 3800 3788 3802 3803 3801 3800 3801 3803 3802 3804 3805 3805 3803 3802 3806 3804 3807 3804 3806 3805 3806 3807 3808 3809 3810 3811 3812 3813 3811 3809 3811 3813 3812 3814 3815 3815 3813 3812 3816 3814 3817 3814 3816 3815 3818 3819 3817 3816 3817 3819 3820 3819 3818 3821 3810 3809 3822 3821 3823 3821 3822 3810 3824 3825 3823 3822 3823 3825 3824 3826 3827 3827 3825 3824 3828 3826 3829 3826 3828 3827 3828 3829 3830 3831 3832 3833 3834 3835 3836 3837 3838 3839 3840 3841 3842 3836 3843 3844 3845 3837 3846 3847 3848 3841 3846 3849 3850 3848 3851 3852 3853 3854 3849 3855 3852 3856 3856 3857 3855 3853 3858 3859 3860 3861 3862 3863 3857 3864 3865 3866 3867 3868 3865 3869 3847 3841 3840 3870 3871 3872 3873 3874 3875 3876 3877 3878 3879 3880 3881 3882 3883 3884 3885 3886 3887 3883 3888 3889 3890 3891 3892 3889 3893 3894 3893 3890 3894 3878 3884 3876 3886 3885 3892 3879 3895 3896 3887 3897 3896 3877 3898 3899 3873 3881 3880 3900 3898 3901 3902 3903 3904 3901 3902 3900 3872 3871 3905 3903 3906 3907 3867 3908 3909 3909 3908 3906 3910 3870 3911 3871 3870 3910 3869 3833 3868 3911 3912 3910 3913 3862 3861 3831 3914 3915 3916 3917 3863 3917 3916 3914 3861 3860 3918 3913 3910 3912 3912 3862 3913 3875 3905 3873 3872 3905 3875 3880 3874 3873 3879 3881 3895 3896 3895 3887 3886 3897 3887 3892 3885 3890 3893 3891 3890 3889 3894 3883 3882 3888 3883 3878 3882 3884 3877 3876 3898 3900 3899 3898 3902 3901 3903 3907 3904 3903 3908 3907 3906 3867 3909 3865 3868 3866 3865 3833 3869 3831 3915 3832 3831 3916 3915 3914 3863 3917 3857 3856 3864 3857 3852 3855 3848 3847 3851 3848 3840 3842 3835 3844 3834 3836 3835 3842 3836 3839 3844 3843 3837 3845 3838 3837 3839 3843 3846 3850 3845 3849 3919 3850 3854 3853 3859 3919 3849 3854 3859 3858 3918 3861 3918 3858 3920 3921 3922 3923 3924 3925 3926 3922 3927 3928 3929 3921 3930 3931 3932 3929 3933 3930 3927 3934 3935 3936 3937 3932 3938 3939 3934 3938 3940 3941 3937 3942 3943 3944 3945 3940 3946 3943 3942 3944 3947 3948 3946 3949 3950 3951 3952 3953 3954 3951 3950 3955 3956 3957 3958 3959 3960 3961 3962 3963 3964 3965 3966 3967 3968 3969 3925 3965 3923 3970 3971 3972 3973 3974 3975 3976 3977 3978 3979 3980 3981 3980 3982 3983 3984 3978 3977 3979 3984 3985 3986 3987 3988 3982 3988 3983 3989 3990 3987 3971 3991 3976 3992 3993 3972 3974 3989 3975 3924 3994 3973 3993 3992 3969 3995 3996 3967 3925 3997 3965 3995 3961 3996 3963 3998 3999 3965 3997 3966 3957 3956 3998 4000 3959 3964 4000 3964 3966 4001 3953 3952 4002 3955 4003 4004 3958 4005 3958 3960 4005 3960 3959 4000 3931 3930 3933 3924 3923 3994 3973 3994 3974 3989 3974 3990 3987 3990 3988 3982 3986 3988 3980 3983 3981 3979 3981 3984 3977 3985 3984 3976 3978 3971 3970 3991 3971 3993 3970 3972 3969 3992 3967 3996 3968 3967 3961 3995 3962 3963 3962 3998 3956 3999 3998 3955 3957 4003 4002 4003 4001 3952 4006 4001 4002 4001 4006 3951 3953 3950 3949 3954 3950 3942 3949 3946 3937 3943 3932 3931 3936 3932 3933 3929 3928 3928 3921 4007 3926 3920 3922 3920 4007 3921 3935 3926 3927 4008 3935 3934 3938 3941 3939 3934 3939 4008 3940 4009 3941 3945 3944 3948 4009 3940 3945 3948 3947 4004 3958 4004 3947 4010 4011 4012 4013 4014 4015 4016 4017 4018 4019 4020 4011 4021 4022 4023 4020 4024 4021 4025 4018 4026 4027 4028 4023 4029 4030 4031 4029 4032 4033 4034 4035 4028 4036 4037 4032 4034 4038 4039 4036 4040 4041 4038 4042 4039 4043 4044 4045 4046 4043 4042 4047 4048 4049 4050 4051 4052 4053 4054 4055 4056 4057 4058 4059 4060 4061 4015 4057 4013 4062 4063 4064 4065 4066 4067 4068 4069 4070 4071 4072 4073 4072 4074 4075 4076 4070 4069 4071 4076 4077 4078 4079 4080 4074 4080 4075 4081 4082 4079 4083 4062 4068 4084 4085 4063 4081 4067 4082 4014 4086 4066 4085 4084 4061 4087 4088 4059 4015 4089 4057 4087 4054 4088 4053 4090 4091 4057 4089 4058 4049 4048 4090 4092 4051 4056 4092 4056 4058 4093 4045 4044 4094 4047 4095 4096 4050 4097 4050 4052 4097 4052 4051 4092 4022 4021 4024 4014 4013 4086 4066 4086 4067 4081 4065 4067 4079 4082 4080 4074 4078 4080 4072 4075 4073 4071 4073 4076 4069 4077 4076 4068 4070 4083 4062 4083 4063 4085 4064 4063 4061 4084 4059 4088 4060 4059 4054 4087 4055 4053 4055 4090 4048 4091 4090 4047 4049 4095 4094 4095 4093 4044 4098 4093 4094 4093 4098 4043 4045 4042 4038 4046 4042 4034 4039 4035 4028 4035 4023 4022 4027 4023 4024 4020 4019 4019 4011 4010 4012 4011 4017 4025 4016 4018 4016 4012 4017 4031 4026 4018 4029 4033 4030 4031 4030 4026 4032 4099 4033 4037 4036 4041 4099 4032 4037 4041 4040 4096 4050 4096 4040 4100 4101 4102 4103 4104 4105 4106 4102 4107 4108 4109 4101 4110 4111 4112 4109 4113 4110 4107 4114 4115 4116 4117 4112 4118 4119 4114 4118 4120 4121 4122 4123 4117 4124 4125 4120 4122 4126 4127 4124 4128 4129 4126 4130 4127 4131 4132 4133 4134 4131 4130 4135 4136 4137 4138 4139 4140 4141 4142 4143 4144 4145 4146 4147 4148 4149 4105 4145 4103 4150 4151 4152 4153 4154 4155 4156 4157 4158 4159 4160 4161 4160 4162 4163 4164 4158 4157 4159 4164 4165 4166 4167 4168 4162 4168 4163 4169 4170 4167 4171 4150 4156 4172 4173 4151 4169 4155 4170 4104 4174 4154 4173 4172 4149 4175 4176 4147 4105 4177 4145 4175 4141 4176 4143 4178 4179 4145 4177 4146 4137 4136 4178 4180 4139 4144 4180 4144 4146 4181 4133 4132 4182 4135 4183 4184 4138 4185 4138 4140 4185 4140 4139 4180 4111 4110 4113 4104 4103 4174 4154 4174 4155 4169 4153 4155 4167 4170 4168 4162 4166 4168 4160 4163 4161 4159 4161 4164 4157 4165 4164 4156 4158 4171 4150 4171 4151 4173 4152 4151 4149 4172 4147 4176 4148 4147 4141 4175 4142 4143 4142 4178 4136 4179 4178 4135 4137 4183 4182 4183 4181 4132 4186 4181 4182 4181 4186 4131 4133 4130 4126 4134 4130 4122 4127 4123 4117 4123 4112 4111 4116 4112 4113 4109 4108 4108 4101 4187 4106 4100 4102 4100 4187 4101 4115 4106 4107 4188 4115 4114 4118 4121 4119 4114 4119 4188 4120 4189 4121 4125 4124 4129 4189 4120 4125 4129 4128 4184 4138 4184 4128</p>
        </triangles>
      </mesh>
    </geometry>
    <geometry id="ID28">
      <mesh>
        <source id="ID29">
          <float_array count="1320" id="ID30">0.0132774 0.00701555 -0.00789796 0.0132774 0.00751555 -0.00789796 0.0128151 0.00751555 -0.0093021 0.0121162 0.00751555 -0.0106313 0.0128151 0.00701555 -0.0093021 0.0112095 0.00751555 -0.0118519 0.0121162 0.00701555 -0.0106313 0.0112095 0.00701555 -0.0118519 0.010133 0.00751555 -0.0129385 0.00892941 0.00751555 -0.013875 0.010133 0.00701555 -0.0129385 0.00892941 0.00701555 -0.013875 0.0134867 0.00701555 -0.00645792 0.0134867 0.00751555 -0.00645792 0.0134409 0.00701555 -0.00502299 0.0131518 0.00701555 -0.00363234 0.0134409 0.00751555 -0.00502299 0.0126434 0.00701555 -0.00232 0.0131518 0.00751555 -0.00363234 0.0126434 0.00751555 -0.00232 0.0119483 0.00701555 -0.00111251 0.0119483 0.00751555 -0.00111251 -0.000981253 0.00751555 0.0164706 -0.000981253 0.00701555 0.0164706 0.000990607 0.00701555 0.0164698 -0.00294176 0.00751555 0.0162356 -0.00294176 0.00701555 0.0162356 -0.00485282 0.00701555 0.0157698 -0.00485282 0.00751555 0.0157698 -0.00669833 0.00751555 0.0150789 -0.00669833 0.00701555 0.0150789 -0.00845125 0.00751555 0.0141713 -0.00845125 0.00701555 0.0141713 -0.0100793 0.00701555 0.0130631 -0.0100793 0.00751555 0.0130631 -0.0115637 0.00751555 0.0117694 -0.0115637 0.00701555 0.0117694 -0.0128862 0.00751555 0.010305 -0.0128862 0.00701555 0.010305 -0.0140236 0.00701555 0.00869375 -0.0140236 0.00751555 0.00869375 -0.0149585 0.00751555 0.00696266 -0.0149585 0.00701555 0.00696266 -0.0156826 0.00751555 0.00512826 -0.0156826 0.00701555 0.00512826 -0.0161831 0.00701555 0.0032181 -0.0161831 0.00751555 0.0032181 -0.0164506 0.00751555 0.00126987 -0.0164506 0.00701555 0.00126987 -0.0164849 0.00751555 -0.000700759 -0.0164849 0.00701555 -0.000700759 -0.0162834 0.00701555 -0.00266457 -0.0162834 0.00751555 -0.00266457 -0.0158498 0.00751555 -0.00458498 -0.0158498 0.00701555 -0.00458498 -0.0151906 0.00751555 -0.00644088 -0.0151906 0.00701555 -0.00644088 -0.0143132 0.00701555 -0.00820849 -0.0143132 0.00751555 -0.00820849 -0.0132318 0.00751555 -0.00985696 -0.0132318 0.00701555 -0.00985696 -0.0119641 0.00751555 -0.0113621 -0.0119641 0.00701555 -0.0113621 -0.010523 0.00701555 -0.0127087 -0.010523 0.00751555 -0.0127087 -0.00892941 0.00751555 -0.013875 -0.00892941 0.00701555 -0.013875 0.000990607 0.00751555 0.0164698 0.00294353 0.00701555 0.0162352 0.00294353 0.00751555 0.0162352 0.00486043 0.00701555 0.0157678 0.00486043 0.00751555 0.0157678 0.0067076 0.00751555 0.0150747 0.0067076 0.00701555 0.0150747 0.00845534 0.00701555 0.0141685 0.00845534 0.00751555 0.0141685 0.0100839 0.00701555 0.01306 0.0100839 0.00751555 0.01306 0.0115711 0.00751555 0.0117622 0.0115711 0.00701555 0.0117622 0.0128905 0.00701555 0.010299 0.0128905 0.00751555 0.010299 0.0140252 0.00701555 0.00869158 0.0140252 0.00751555 0.00869158 0.0149628 0.00751555 0.006954 0.0149628 0.00701555 0.006954 0.0156852 0.00701555 0.00511956 0.0156852 0.00751555 0.00511956 0.0161832 0.00701555 0.00321717 0.0161832 0.00751555 0.00321717 0.0164516 0.00751555 0.00126161 0.0164516 0.00701555 0.00126161 0.0164843 0.00701555 -0.000710802 0.0164843 0.00751555 -0.000710802 0.0162824 0.00701555 -0.00266871 0.0162824 0.00751555 -0.00266871 0.0158483 0.00751555 -0.00459108 0.0158483 0.00701555 -0.00459108 0.0151866 0.00701555 -0.0064504 0.0151866 0.00751555 -0.0064504 0.0143095 0.00701555 -0.00821425 0.0143095 0.00751555 -0.00821425 0.01323 0.00751555 -0.0098599 0.01323 0.00701555 -0.0098599 0.0119574 0.00701555 -0.0113693 0.0119574 0.00751555 -0.0113693 0.010523 0.00701555 -0.0127087 0.010523 0.00751555 -0.0127087 0.00892941 0.00701555 -0.013875 0.00892941 0.00751555 -0.013875 -0.0132765 0.00701555 -0.00790178 -0.0132765 0.00751555 -0.00790178 -0.013487 0.00751555 -0.00646161 -0.0134421 0.00751555 -0.00502599 -0.013487 0.00701555 -0.00646161 -0.0131534 0.00751555 -0.0036343 -0.0134421 0.00701555 -0.00502599 -0.0131534 0.00701555 -0.0036343 -0.0126445 0.00751555 -0.00232086 -0.0119483 0.00751555 -0.00111251 -0.0126445 0.00701555 -0.00232086 -0.0119483 0.00701555 -0.00111251 -0.0128131 0.00701555 -0.00930546 -0.0128131 0.00751555 -0.00930546 -0.0121137 0.00701555 -0.0106337 -0.0112072 0.00701555 -0.0118533 -0.0121137 0.00751555 -0.0106337 -0.0101315 0.00701555 -0.012939 -0.0112072 0.00751555 -0.0118533 -0.0101315 0.00751555 -0.012939 -0.00892941 0.00701555 -0.013875 -0.00892941 0.00751555 -0.013875 -0.011986 0.00701555 0.000579398 -0.0119483 0.00701555 -0.00111251 -0.0119483 0.00751555 -0.00111251 -0.0106929 0.00701555 0.0054459 -0.0113523 0.00701555 0.00388837 -0.0113523 0.00751555 0.00388837 -0.0117861 0.00701555 0.00225424 -0.011986 0.00751555 0.000579398 -0.0117861 0.00751555 0.00225424 -0.00875324 0.00751555 0.00820855 -0.00751146 0.00701555 0.00935831 -0.00875324 0.00701555 0.00820855 -0.0106929 0.00751555 0.0054459 -0.0098208 0.00751555 0.00689564 -0.0098208 0.00701555 0.00689564 -0.00461242 0.00701555 0.0110779 -0.00461242 0.00751555 0.0110779 -0.00300969 0.00701555 0.0116162 -0.00612297 0.00701555 0.0103201 -0.00751146 0.00751555 0.00935831 -0.00612297 0.00751555 0.0103201 -0.00134658 0.00701555 0.011924 -0.00134658 0.00751555 0.011924 0.00034377 0.00701555 0.011995 -0.00300969 0.00751555 0.0116162 0.00034377 0.00751555 0.011995 0.00202761 0.00701555 0.0118274 0.00367129 0.00701555 0.0114246 0.00202761 0.00751555 0.0118274 0.00367129 0.00751555 0.0114246 0.00445553 0.00701555 0.0117555 0.00367129 0.00701555 0.0114246 0.00367129 0.00751555 0.0114246 0.0069801 0.00701555 0.011903 0.00613426 0.00701555 0.0119982 0.00613426 0.00751555 0.0119982 0.00528453 0.00701555 0.0119485 0.00445553 0.00751555 0.0117555 0.00528453 0.00751555 0.0119485 0.00856289 0.00751555 0.0112932 0.00925396 0.00701555 0.0107963 0.00856289 0.00701555 0.0112932 0.0069801 0.00751555 0.011903 0.00779754 0.00751555 0.0116657 0.00779754 0.00701555 0.0116657 0.0103359 0.00701555 0.00948997 0.0103359 0.00751555 0.00948997 0.0106954 0.00701555 0.00871844 0.00985073 0.00701555 0.0101893 0.00925396 0.00751555 0.0107963 0.00985073 0.00751555 0.0101893 0.0109189 0.00701555 0.00789711 0.0109189 0.00751555 0.00789711 0.0109998 0.00701555 0.00704978 0.0106954 0.00751555 0.00871844 0.0109998 0.00751555 0.00704978 0.0109357 0.00701555 0.00620101 0.0107287 0.00701555 0.00537539 0.0109357 0.00751555 0.00620101 0.0107287 0.00751555 0.00537539 0.0110578 0.00701555 0.00466102 0.0107287 0.00701555 0.00537539 0.0107287 0.00751555 0.00537539 0.0113394 0.00701555 0.00392662 0.0110578 0.00751555 0.00466102 0.0113394 0.00751555 0.00392662 0.0116001 0.00701555 0.00376837 0.0113394 0.00701555 0.00392662 0.0113394 0.00751555 0.00392662 0.012184 0.00701555 0.00307455 0.012028 0.00701555 0.00333663 0.012028 0.00751555 0.00333663 0.0118317 0.00701555 0.00356996 0.0116001 0.00751555 0.00376837 0.0118317 0.00751555 0.00356996 0.0123593 0.00751555 0.00249247 0.012374 0.00701555 0.00218786 0.0123593 0.00701555 0.00249247 0.012184 0.00751555 0.00307455 0.0122954 0.00751555 0.00279066 0.0122954 0.00701555 0.00279066 0.0123391 0.00751555 0.0018849 0.0122556 0.00751555 0.0015916 0.0122556 0.00701555 0.0015916 0.0123391 0.00701555 0.0018849 0.012374 0.00751555 0.00218786 0.0121256 0.00751555 0.00131571 0.0121256 0.00701555 0.00131571 0.0119527 0.00701555 0.00106454 0.0119527 0.00751555 0.00106454 0.012 0.00701555 -2.40834e-05 0.0119527 0.00701555 0.00106454 0.0119527 0.00751555 0.00106454 0.0119483 0.00701555 -0.00111251 0.012 0.00751555 -2.40834e-05 0.0119483 0.00751555 -0.00111251 0.00779754 0.00701555 0.0116657 0.0100839 0.00701555 0.01306 0.00845534 0.00701555 0.0141685 0.0158483 0.00701555 -0.00459108 0.0162824 0.00701555 -0.00266871 0.0131518 0.00701555 -0.00363234 0.0110578 0.00701555 0.00466102 0.0109357 0.00701555 0.00620101 0.0107287 0.00701555 0.00537539 0.0134867 0.00701555 -0.00645792 0.0151866 0.00701555 -0.0064504 0.0134409 0.00701555 -0.00502299 0.0143095 0.00701555 -0.00821425 0.0128151 0.00701555 -0.0093021 0.01323 0.00701555 -0.0098599 0.0132774 0.00701555 -0.00789796 0.010523 0.00701555 -0.0127087 0.0119574 0.00701555 -0.0113693 0.0112095 0.00701555 -0.0118519 0.0121162 0.00701555 -0.0106313 0.010133 0.00701555 -0.0129385 0.00892941 0.00701555 -0.013875 0.0126434 0.00701555 -0.00232 0.0164843 0.00701555 -0.000710802 0.0119483 0.00701555 -0.00111251 0.0164516 0.00701555 0.00126161 0.0123391 0.00701555 0.0018849 0.0122556 0.00701555 0.0015916 0.0149628 0.00701555 0.006954 0.0118317 0.00701555 0.00356996 0.0156852 0.00701555 0.00511956 0.0115711 0.00701555 0.0117622 0.00925396 0.00701555 0.0107963 0.00985073 0.00701555 0.0101893 0.0106954 0.00701555 0.00871844 0.0109189 0.00701555 0.00789711 0.0140252 0.00701555 0.00869158 0.00486043 0.00701555 0.0157678 0.00294353 0.00701555 0.0162352 0.00445553 0.00701555 0.0117555 0.00034377 0.00701555 0.011995 0.00202761 0.00701555 0.0118274 0.000990607 0.00701555 0.0164698 -0.00134658 0.00701555 0.011924 -0.000981253 0.00701555 0.0164706 -0.00294176 0.00701555 0.0162356 -0.00461242 0.00701555 0.0110779 -0.00485282 0.00701555 0.0157698 -0.00669833 0.00701555 0.0150789 -0.00300969 0.00701555 0.0116162 -0.00751146 0.00701555 0.00935831 -0.00612297 0.00701555 0.0103201 -0.0100793 0.00701555 0.0130631 -0.00845125 0.00701555 0.0141713 -0.0128862 0.00701555 0.010305 -0.0140236 0.00701555 0.00869375 -0.0098208 0.00701555 0.00689564 -0.00875324 0.00701555 0.00820855 -0.0115637 0.00701555 0.0117694 -0.0149585 0.00701555 0.00696266 -0.0106929 0.00701555 0.0054459 -0.0113523 0.00701555 0.00388837 -0.0161831 0.00701555 0.0032181 -0.0117861 0.00701555 0.00225424 -0.0164849 0.00701555 -0.000700759 -0.011986 0.00701555 0.000579398 -0.0164506 0.00701555 0.00126987 -0.0162834 0.00701555 -0.00266457 -0.0126445 0.00701555 -0.00232086 -0.0119483 0.00701555 -0.00111251 -0.0131534 0.00701555 -0.0036343 -0.0158498 0.00701555 -0.00458498 -0.0134421 0.00701555 -0.00502599 -0.013487 0.00701555 -0.00646161 -0.0151906 0.00701555 -0.00644088 -0.0143132 0.00701555 -0.00820849 -0.0132318 0.00701555 -0.00985696 -0.0128131 0.00701555 -0.00930546 -0.0132765 0.00701555 -0.00790178 -0.0119641 0.00701555 -0.0113621 -0.0112072 0.00701555 -0.0118533 -0.0121137 0.00701555 -0.0106337 -0.0101315 0.00701555 -0.012939 -0.010523 0.00701555 -0.0127087 -0.00892941 0.00701555 -0.013875 -0.0156826 0.00701555 0.00512826 0.0103359 0.00701555 0.00948997 0.0128905 0.00701555 0.010299 0.00367129 0.00701555 0.0114246 0.00528453 0.00701555 0.0119485 0.0067076 0.00701555 0.0150747 0.0069801 0.00701555 0.011903 0.00856289 0.00701555 0.0112932 0.00613426 0.00701555 0.0119982 0.0109998 0.00701555 0.00704978 0.0113394 0.00701555 0.00392662 0.0116001 0.00701555 0.00376837 0.012028 0.00701555 0.00333663 0.012 0.00701555 -2.40834e-05 0.0121256 0.00701555 0.00131571 0.012184 0.00701555 0.00307455 0.0161832 0.00701555 0.00321717 0.0122954 0.00701555 0.00279066 0.0123593 0.00701555 0.00249247 0.012374 0.00701555 0.00218786 0.0119527 0.00701555 0.00106454 -0.0151906 0.00751555 -0.00644088 -0.0158498 0.00751555 -0.00458498 -0.0134421 0.00751555 -0.00502599 0.0109189 0.00751555 0.00789711 0.0140252 0.00751555 0.00869158 0.0109998 0.00751555 0.00704978 0.00985073 0.00751555 0.0101893 0.00925396 0.00751555 0.0107963 0.0115711 0.00751555 0.0117622 -0.0164849 0.00751555 -0.000700759 -0.0119483 0.00751555 -0.00111251 -0.0126445 0.00751555 -0.00232086 0.00294353 0.00751555 0.0162352 0.00486043 0.00751555 0.0157678 0.00445553 0.00751555 0.0117555 0.0149628 0.00751555 0.006954 -0.000981253 0.00751555 0.0164706 0.000990607 0.00751555 0.0164698 0.00034377 0.00751555 0.011995 0.00202761 0.00751555 0.0118274 -0.00612297 0.00751555 0.0103201 -0.00751146 0.00751555 0.00935831 -0.0100793 0.00751555 0.0130631 -0.00300969 0.00751555 0.0116162 -0.00485282 0.00751555 0.0157698 -0.00294176 0.00751555 0.0162356 -0.00461242 0.00751555 0.0110779 -0.00669833 0.00751555 0.0150789 -0.00134658 0.00751555 0.011924 -0.00875324 0.00751555 0.00820855 -0.0115637 0.00751555 0.0117694 -0.0140236 0.00751555 0.00869375 -0.0106929 0.00751555 0.0054459 -0.0149585 0.00751555 0.00696266 -0.0098208 0.00751555 0.00689564 -0.0128862 0.00751555 0.010305 -0.0113523 0.00751555 0.00388837 -0.0161831 0.00751555 0.0032181 -0.0156826 0.00751555 0.00512826 -0.0117861 0.00751555 0.00225424 -0.0164506 0.00751555 0.00126987 -0.011986 0.00751555 0.000579398 0.0100839 0.00751555 0.01306 0.00779754 0.00751555 0.0116657 0.00845534 0.00751555 0.0141685 0.0103359 0.00751555 0.00948997 0.0128905 0.00751555 0.010299 -0.0131534 0.00751555 -0.0036343 -0.0162834 0.00751555 -0.00266457 0.0110578 0.00751555 0.00466102 0.0109357 0.00751555 0.00620101 0.0156852 0.00751555 0.00511956 -0.013487 0.00751555 -0.00646161 0.0116001 0.00751555 0.00376837 0.0113394 0.00751555 0.00392662 0.0118317 0.00751555 0.00356996 -0.0132765 0.00751555 -0.00790178 -0.0128131 0.00751555 -0.00930546 -0.0143132 0.00751555 -0.00820849 0.012184 0.00751555 0.00307455 0.0161832 0.00751555 0.00321717 0.0122954 0.00751555 0.00279066 -0.0112072 0.00751555 -0.0118533 -0.010523 0.00751555 -0.0127087 -0.0119641 0.00751555 -0.0113621 -0.0132318 0.00751555 -0.00985696 -0.0121137 0.00751555 -0.0106337 0.0164843 0.00751555 -0.000710802 0.0126434 0.00751555 -0.00232 0.0119483 0.00751555 -0.00111251 -0.0101315 0.00751555 -0.012939 0.0131518 0.00751555 -0.00363234 0.0162824 0.00751555 -0.00266871 -0.00892941 0.00751555 -0.013875 0.0119527 0.00751555 0.00106454 0.0121256 0.00751555 0.00131571 0.012 0.00751555 -2.40834e-05 0.0106954 0.00751555 0.00871844 -0.00845125 0.00751555 0.0141713 0.00367129 0.00751555 0.0114246 0.00528453 0.00751555 0.0119485 0.0067076 0.00751555 0.0150747 0.0069801 0.00751555 0.011903 0.00856289 0.00751555 0.0112932 0.00613426 0.00751555 0.0119982 0.0107287 0.00751555 0.00537539 0.012028 0.00751555 0.00333663 0.0122556 0.00751555 0.0015916 0.0164516 0.00751555 0.00126161 0.0158483 0.00751555 -0.00459108 0.0123391 0.00751555 0.0018849 0.012374 0.00751555 0.00218786 0.0123593 0.00751555 0.00249247 0.0151866 0.00751555 -0.0064504 0.0134867 0.00751555 -0.00645792 0.0134409 0.00751555 -0.00502299 0.0119574 0.00751555 -0.0113693 0.0121162 0.00751555 -0.0106313 0.01323 0.00751555 -0.0098599 0.0128151 0.00751555 -0.0093021 0.0132774 0.00751555 -0.00789796 0.0143095 0.00751555 -0.00821425 0.010523 0.00751555 -0.0127087 0.0112095 0.00751555 -0.0118519 0.00892941 0.00751555 -0.013875 0.010133 0.00751555 -0.0129385</float_array>
          <technique_common>
            <accessor count="440" source="#ID30" stride="3">
              <param name="X" type="float"/>
              <param name="Y" type="float"/>
              <param name="Z" type="float"/>
            </accessor>
          </technique_common>
        </source>
        <source id="ID31">
          <float_array count="1320" id="ID32">-0.973145 0 0.230193 -0.973145 0 0.230193 -0.922249 0 0.386597 -0.850465 0 0.526032 -0.922249 0 0.386597 -0.763696 0 0.645576 -0.850465 0 0.526032 -0.763696 0 0.645576 -0.667351 0 0.744744 -0.565652 0 0.824644 -0.667351 0 0.744744 -0.565652 0 0.824644 -0.998041 0 0.062569 -0.998041 0 0.062569 -0.994122 0 -0.108264 -0.961847 0 -0.273589 -0.994122 0 -0.108264 -0.904778 0 -0.425884 -0.961847 0 -0.273589 -0.904778 0 -0.425884 -0.828391 0 -0.56015 -0.828391 0 -0.56015 -0.0597263 0 0.998215 -0.0597263 0 0.998215 0.0597263 0 0.998215 -0.178326 0 0.983971 -0.178326 0 0.983971 -0.294382 0 0.955688 -0.294382 0 0.955688 -0.406238 0 0.913768 -0.406238 0 0.913768 -0.512296 0 0.858809 -0.512296 0 0.858809 -0.611045 0 0.791596 -0.611045 0 0.791596 -0.701075 0 0.713088 -0.701075 0 0.713088 -0.781101 0 0.624405 -0.781101 0 0.624405 -0.849982 0 0.526812 -0.849982 0 0.526812 -0.906734 0 0.421703 -0.906734 0 0.421703 -0.950549 0 0.310576 -0.950549 0 0.310576 -0.9808 0 0.195017 -0.9808 0 0.195017 -0.997056 0 0.0766761 -0.997056 0 0.0766761 -0.999085 0 -0.0427591 -0.999085 0 -0.0427591 -0.986859 0 -0.161584 -0.986859 0 -0.161584 -0.960551 0 -0.278104 -0.960551 0 -0.278104 -0.920537 0 -0.390655 -0.920537 0 -0.390655 -0.867388 0 -0.497632 -0.867388 0 -0.497632 -0.801863 0 -0.597508 -0.801863 0 -0.597508 -0.724895 0 -0.688859 -0.724895 0 -0.688859 -0.637585 0 -0.77038 -0.637585 0 -0.77038 -0.541176 0 -0.840909 -0.541176 0 -0.840909 0.059726 0 0.998215 0.178326 0 0.983971 0.178326 0 0.983971 0.294382 0 0.955688 0.294382 0 0.955688 0.406237 0 0.913768 0.406237 0 0.913768 0.512296 0 0.858809 0.512296 0 0.858809 0.611045 0 0.791596 0.611045 0 0.791596 0.701075 0 0.713088 0.701075 0 0.713088 0.781101 0 0.624405 0.781101 0 0.624405 0.849982 0 0.526812 0.849982 0 0.526812 0.906734 0 0.421703 0.906734 0 0.421703 0.950549 0 0.310576 0.950549 0 0.310575 0.9808 0 0.195017 0.9808 0 0.195017 0.997056 0 0.0766764 0.997056 0 0.0766759 0.999085 0 -0.0427588 0.999085 0 -0.0427593 0.986859 0 -0.161584 0.986859 0 -0.161584 0.960551 0 -0.278104 0.960551 0 -0.278104 0.920537 0 -0.390655 0.920537 0 -0.390655 0.867388 0 -0.497632 0.867388 0 -0.497632 0.801863 0 -0.597508 0.801863 0 -0.597509 0.724896 0 -0.688859 0.724895 0 -0.688859 0.637585 0 -0.77038 0.637585 0 -0.77038 0.541176 0 -0.840909 0.541177 0 -0.840909 0.973145 0 0.230193 0.973145 0 0.230193 0.998041 0 0.0625689 0.994122 0 -0.108264 0.998041 0 0.0625689 0.961847 0 -0.273589 0.994122 0 -0.108264 0.961847 0 -0.273589 0.904778 0 -0.425884 0.828391 0 -0.56015 0.904778 0 -0.425884 0.828391 0 -0.56015 0.922249 0 0.386597 0.922249 0 0.386597 0.850465 0 0.526032 0.763696 0 0.645576 0.850465 0 0.526032 0.667351 0 0.744744 0.763696 0 0.645576 0.66735 0 0.744744 0.565652 0 0.824644 0.565652 0 0.824644 0.998839 0 -0.0481795 0.995693 0 0.0927088 0.995693 0 0.0927088 0.89097 0 -0.454062 0.945952 0 -0.324307 0.945952 0 -0.324307 0.982148 0 -0.188111 0.998839 0 -0.0481795 0.982148 0 -0.188111 0.729367 0 -0.684123 0.625955 0 -0.779859 0.729367 0 -0.684123 0.89097 0 -0.454062 0.818294 0 -0.5748 0.818294 0 -0.5748 0.384139 0 -0.923275 0.384139 0 -0.923275 0.250537 0 -0.968107 0.510112 0 -0.860108 0.625955 0 -0.779859 0.510112 0 -0.860108 0.111959 0 -0.993713 0.111959 0 -0.993713 -0.0288422 -0 -0.999584 0.250537 0 -0.968107 -0.0288422 -0 -0.999584 -0.16907 -0 -0.985604 -0.305941 -0 -0.95205 -0.16907 -0 -0.985604 -0.305941 -0 -0.95205 0.308893 0 -0.951097 0.465741 0 -0.884921 0.465741 0 -0.884921 -0.196021 -0 -0.9806 -0.0268526 -0 -0.999639 -0.0268526 -0 -0.999639 0.143094 0 -0.989709 0.308893 0 -0.951097 0.143094 0 -0.989709 -0.512577 -0 -0.858641 -0.650791 -0 -0.759257 -0.512577 -0 -0.858641 -0.196021 -0 -0.9806 -0.359508 -0 -0.933142 -0.359509 -0 -0.933142 -0.86718 -0 -0.497995 -0.86718 -0 -0.497995 -0.939084 -0 -0.343689 -0.770145 -0 -0.637868 -0.650791 -0 -0.759257 -0.770145 -0 -0.637868 -0.983772 -0 -0.179423 -0.983772 -0 -0.179423 -0.99995 -0 -0.00995689 -0.939084 -0 -0.343689 -0.99995 -0 -0.00995689 -0.98715 0 0.159798 -0.945741 0 0.324921 -0.98715 0 0.159798 -0.945741 0 0.324921 -0.921483 -0 -0.388418 -0.894059 -0 -0.44795 -0.894059 -0 -0.44795 -0.944949 -0 -0.327218 -0.921483 -0 -0.388418 -0.944949 -0 -0.327218 -0.586707 -0 -0.809799 -0.447672 -0 -0.894198 -0.447672 -0 -0.894198 -0.898115 -0 -0.439761 -0.814947 -0 -0.579535 -0.814947 -0 -0.579535 -0.710221 -0 -0.703979 -0.586707 -0 -0.809799 -0.710221 -0 -0.703979 -0.991603 -0 -0.129317 -0.999451 0 0.0331395 -0.991603 -0 -0.129317 -0.898115 -0 -0.439761 -0.957524 -0 -0.288353 -0.957524 -0 -0.288353 -0.980859 0 0.19472 -0.93632 0 0.351149 -0.93632 0 0.351149 -0.980859 0 0.19472 -0.999451 0 0.0331395 -0.867011 0 0.498288 -0.867011 0 0.498289 -0.774767 0 0.632247 -0.774767 0 0.632247 -0.999998 0 0.00200703 -0.996057 -0 -0.0887115 -0.996057 -0 -0.0887115 -0.995693 0 0.0927088 -0.999998 0 0.00200703 -0.995693 0 0.0927088 0 -1 0 0 -1 0 0 -1 0 0 -1 0 0 -1 0 0 -1 0 0 -1 0 0 -1 0 0 -1 0 0 -1 0 0 -1 0 0 -1 0 0 -1 0 0 -1 0 0 -1 0 0 -1 0 0 -1 0 0 -1 0 0 -1 0 0 -1 0 0 -1 0 0 -1 0 0 -1 0 0 -1 0 0 -1 0 0 -1 0 0 -1 0 0 -1 0 0 -1 0 0 -1 0 0 -1 0 0 -1 0 0 -1 0 0 -1 0 0 -1 0 0 -1 0 0 -1 0 0 -1 0 0 -1 0 0 -1 0 0 -1 0 0 -1 0 0 -1 0 0 -1 0 0 -1 0 0 -1 0 0 -1 0 0 -1 0 0 -1 0 0 -1 0 0 -1 0 0 -1 0 0 -1 0 0 -1 0 0 -1 0 0 -1 0 0 -1 0 0 -1 0 0 -1 0 0 -1 0 0 -1 0 0 -1 0 0 -1 0 0 -1 0 0 -1 0 0 -1 0 0 -1 0 0 -1 0 0 -1 0 0 -1 0 0 -1 0 0 -1 0 0 -1 0 0 -1 0 0 -1 0 0 -1 0 0 -1 0 0 -1 0 0 -1 0 0 -1 0 0 -1 0 0 -1 0 0 -1 0 0 -1 0 0 -1 0 0 -1 0 0 -1 0 0 -1 0 0 -1 0 0 -1 0 0 -1 0 0 -1 0 0 -1 0 0 -1 0 0 -1 0 0 -1 0 0 -1 0 0 -1 0 0 -1 0 0 -1 0 0 -1 0 0 -1 0 0 -1 0 0 -1 0 0 -1 0 0 -1 0 0 1 0 0 1 0 0 1 0 0 1 0 0 1 0 0 1 0 0 1 0 0 1 0 0 1 0 0 1 0 0 1 0 0 1 0 0 1 0 0 1 0 0 1 0 0 1 0 0 1 0 0 1 0 0 1 0 0 1 0 0 1 0 0 1 0 0 1 0 0 1 0 0 1 0 0 1 0 0 1 0 0 1 0 0 1 0 0 1 0 0 1 0 0 1 0 0 1 0 0 1 0 0 1 0 0 1 0 0 1 0 0 1 0 0 1 0 0 1 0 0 1 0 0 1 0 0 1 0 0 1 0 0 1 0 0 1 0 0 1 0 0 1 0 0 1 0 0 1 0 0 1 0 0 1 0 0 1 0 0 1 0 0 1 0 0 1 0 0 1 0 0 1 0 0 1 0 0 1 0 0 1 0 0 1 0 0 1 0 0 1 0 0 1 0 0 1 0 0 1 0 0 1 0 0 1 0 0 1 0 0 1 0 0 1 0 0 1 0 0 1 0 0 1 0 0 1 0 0 1 0 0 1 0 0 1 0 0 1 0 0 1 0 0 1 0 0 1 0 0 1 0 0 1 0 0 1 0 0 1 0 0 1 0 0 1 0 0 1 0 0 1 0 0 1 0 0 1 0 0 1 0 0 1 0 0 1 0 0 1 0 0 1 0 0 1 0 0 1 0 0 1 0 0 1 0 0 1 0 0 1 0 0 1 0 0 1 0</float_array>
          <technique_common>
            <accessor count="440" source="#ID32" stride="3">
              <param name="X" type="float"/>
              <param name="Y" type="float"/>
              <param name="Z" type="float"/>
            </accessor>
          </technique_common>
        </source>
        <vertices id="ID33">
          <input semantic="POSITION" source="#ID29"/>
          <input semantic="NORMAL" source="#ID31"/>
        </vertices>
        <triangles count="420" material="ID34">
          <input offset="0" semantic="VERTEX" source="#ID33"/>
          <p>0 1 2 3 4 2 0 2 4 3 5 6 6 4 3 7 5 8 5 7 6 9 10 8 7 8 10 11 10 9 12 1 0 13 12 14 12 13 1 15 16 14 13 14 16 15 17 18 18 16 15 19 17 20 17 19 18 19 20 21 22 23 24 23 25 26 25 23 22 27 26 28 25 28 26 29 30 27 27 28 29 30 31 32 31 30 29 33 32 34 31 34 32 35 36 33 33 34 35 36 37 38 37 36 35 39 38 40 37 40 38 41 42 39 39 40 41 42 43 44 43 42 41 45 44 46 43 46 44 47 48 45 45 46 47 48 49 50 49 48 47 51 50 52 49 52 50 53 54 51 51 52 53 54 55 56 55 54 53 57 56 58 55 58 56 59 60 57 57 58 59 60 61 62 61 60 59 63 62 64 61 64 62 65 66 63 63 64 65 22 24 67 68 69 67 67 24 68 69 70 71 70 69 68 72 71 73 70 73 71 74 75 72 72 73 74 75 76 77 76 75 74 78 77 79 76 79 77 80 81 78 78 79 80 81 82 83 82 81 80 84 83 85 82 85 83 86 87 84 84 85 86 87 88 89 88 87 86 90 89 91 88 91 89 92 93 90 90 91 92 93 94 95 94 93 92 96 95 97 94 97 95 98 99 96 96 97 98 99 100 101 100 99 98 102 101 103 100 103 101 104 105 102 102 103 104 105 106 107 106 105 104 106 108 107 107 108 109 110 111 112 113 114 112 110 112 114 113 115 116 116 114 113 117 115 118 115 117 116 119 120 118 117 118 120 121 120 119 122 111 110 123 122 124 122 123 111 125 126 124 123 124 126 125 127 128 128 126 125 129 127 130 127 129 128 129 130 131 132 133 134 135 136 137 138 139 140 141 142 143 144 145 146 147 148 149 150 151 152 153 154 155 154 153 156 157 158 155 155 154 157 159 158 160 157 160 158 161 159 160 156 149 148 153 149 156 150 152 147 147 152 148 141 151 142 142 151 150 145 143 146 145 141 143 144 135 137 144 146 135 136 138 140 137 136 140 132 134 139 138 132 139 162 163 164 165 166 167 168 169 170 171 172 173 174 175 176 177 178 179 180 181 182 183 184 185 184 183 186 187 188 185 185 184 187 189 188 190 187 190 188 191 189 190 186 179 178 183 179 186 180 182 177 177 182 178 171 181 172 172 181 180 175 173 176 175 171 173 174 165 167 174 176 165 166 168 170 167 166 170 162 164 169 168 162 169 192 193 194 195 196 197 196 192 194 195 192 196 198 199 200 201 202 203 204 205 206 207 208 209 210 211 212 213 214 215 216 217 213 218 219 214 215 214 219 220 218 221 218 220 219 208 217 216 216 213 215 211 207 209 207 217 208 210 212 201 211 209 212 203 202 206 210 201 203 204 198 205 202 204 206 200 205 198 222 223 224 225 226 227 226 222 224 225 222 226 228 229 230 231 232 233 234 235 236 237 238 239 231 233 239 239 238 231 240 238 237 240 241 242 241 240 243 244 245 246 247 245 242 244 248 249 246 248 244 247 242 241 247 246 245 240 237 243 232 250 233 250 251 252 251 250 232 253 254 255 256 235 234 257 258 234 259 260 261 262 263 264 265 266 267 268 269 270 269 267 266 271 272 273 272 268 270 274 275 276 273 275 277 278 279 280 281 279 274 282 283 284 285 278 286 283 287 288 289 290 291 292 293 294 291 290 294 292 295 296 297 293 292 298 299 300 295 298 296 301 302 303 299 302 300 304 305 303 306 303 305 307 308 309 309 304 307 310 308 311 311 312 310 311 308 307 309 305 304 300 302 301 301 303 306 299 298 295 296 297 292 291 294 293 313 290 289 286 282 285 259 314 315 288 287 289 287 313 289 284 283 288 285 282 284 280 286 278 281 280 279 276 281 274 277 275 274 271 273 277 268 272 271 266 270 269 267 269 316 265 267 317 318 319 230 260 229 320 318 317 321 317 318 265 321 319 318 319 228 230 228 320 229 260 259 229 314 259 261 315 262 264 262 315 314 322 264 263 322 235 256 322 256 264 256 234 258 323 324 234 325 258 257 257 234 324 326 253 327 258 328 329 328 258 325 329 330 331 328 330 329 253 329 332 331 332 329 327 253 255 253 332 254 333 326 327 252 251 326 326 251 253 334 335 336 337 338 339 340 341 342 343 344 345 346 347 348 339 338 349 350 351 352 351 353 352 354 355 356 357 358 359 360 361 358 362 359 350 355 363 364 365 366 367 368 365 369 346 348 353 370 371 372 373 374 371 373 371 370 374 375 343 376 377 378 379 342 380 375 344 343 381 382 345 382 343 345 382 381 335 349 383 384 335 381 336 385 383 349 336 386 334 387 388 383 385 389 383 390 391 392 393 394 395 396 397 398 399 400 398 401 402 403 397 396 404 405 402 406 397 404 407 408 409 410 396 398 400 399 392 391 400 399 391 386 392 334 386 390 392 339 349 384 411 380 338 375 374 373 387 383 389 369 364 363 354 412 360 366 370 367 367 370 372 368 366 365 363 368 369 356 355 364 412 354 356 361 360 412 357 360 358 362 357 359 352 362 350 346 353 351 348 413 353 347 414 348 415 378 416 341 417 376 415 418 414 414 347 415 418 415 416 416 378 377 377 376 417 341 376 342 379 340 342 411 379 380 337 411 338 383 419 384 385 420 389 409 421 422 405 406 423 401 410 422 422 424 425 394 425 426 393 385 394 393 420 385 426 395 394 422 425 394 422 421 424 409 422 410 403 410 401 406 402 401 427 428 429 430 431 432 433 434 435 423 427 429 405 423 429 435 434 428 427 435 428 432 431 433 435 432 433 436 437 430 430 437 431 438 439 436 436 439 437</p>
        </triangles>
      </mesh>
    </geometry>
    <geometry id="ID36">
      <mesh>
        <source id="ID37">
          <float_array count="162" id="ID38">0.0103125 0.00701555 0.0041156 0.0100521 0.00751555 0.00407071 0.0100521 0.00701555 0.00407071 0.0110953 0.00701555 0.00402799 0.0108394 0.00751555 0.00409403 0.0108394 0.00701555 0.00409403 0.0105767 0.00701555 0.00412343 0.0105767 0.00751555 0.00412343 0.0103125 0.00751555 0.0041156 0.0113394 0.00701555 0.00392662 0.0113394 0.00751555 0.00392662 0.0110953 0.00751555 0.00402799 0.0109534 0.00701555 0.00490137 0.0109534 0.00751555 0.00490137 0.0111569 0.00701555 0.00441845 0.0107287 0.00751555 0.00537539 0.0107287 0.00701555 0.0053754 0.0111569 0.00751555 0.00441845 0.0113394 0.00701555 0.00392662 0.0113394 0.00751555 0.00392662 0.0105957 0.00701555 0.00503048 0.0107287 0.00751555 0.00537539 0.0107287 0.00701555 0.0053754 0.0100521 0.00701555 0.00407071 0.0102574 0.00751555 0.00437813 0.0102574 0.00701555 0.00437813 0.0104386 0.00701555 0.00469805 0.0104386 0.00751555 0.00469805 0.0105957 0.00751555 0.00503048 0.0100521 0.00751555 0.00407071 0.0109534 0.00701555 0.00490137 0.0104386 0.00701555 0.00469805 0.0105957 0.00701555 0.00503048 0.0108394 0.00701555 0.00409403 0.0105767 0.00701555 0.00412343 0.0111569 0.00701555 0.00441845 0.0110953 0.00701555 0.00402799 0.0107287 0.00701555 0.0053754 0.0113394 0.00701555 0.00392662 0.0103125 0.00701555 0.0041156 0.0102574 0.00701555 0.00437813 0.0100521 0.00701555 0.00407071 0.0104386 0.00751555 0.00469805 0.0102574 0.00751555 0.00437813 0.0105767 0.00751555 0.00412343 0.0109534 0.00751555 0.00490137 0.0107287 0.00751555 0.00537539 0.0105957 0.00751555 0.00503048 0.0108394 0.00751555 0.00409403 0.0103125 0.00751555 0.0041156 0.0100521 0.00751555 0.00407071 0.0110953 0.00751555 0.00402799 0.0111569 0.00751555 0.00441845 0.0113394 0.00751555 0.00392662</float_array>
          <technique_common>
            <accessor count="54" source="#ID38" stride="3">
              <param name="X" type="float"/>
              <param name="Y" type="float"/>
              <param name="Z" type="float"/>
            </accessor>
          </technique_common>
        </source>
        <source id="ID39">
          <float_array count="162" id="ID40">0.0999845 0 -0.994989 0.238897 0 -0.971045 0.238897 0 -0.971045 -0.317491 -0 -0.948261 -0.181001 -0 -0.983483 -0.181001 -0 -0.983483 -0.0409148 -0 -0.999163 -0.0409148 -0 -0.999163 0.0999845 0 -0.994989 -0.447672 -0 -0.894198 -0.447672 -0 -0.894198 -0.317491 -0 -0.948261 0.912776 0 0.40846 0.912776 0 0.40846 0.92975 0 0.368191 0.894059 0 0.44795 0.894059 0 0.44795 0.92975 0 0.368191 0.944949 0 0.327218 0.944949 0 0.327218 -0.919228 0 0.393725 -0.945741 0 0.324921 -0.945741 0 0.324921 -0.810414 0 0.585858 -0.85138 0 0.524549 -0.85138 0 0.524549 -0.887717 0 0.460389 -0.887717 0 0.460389 -0.919228 0 0.393725 -0.810414 0 0.585858 0 -1 0 0 -1 0 0 -1 0 0 -1 0 0 -1 0 0 -1 0 0 -1 0 0 -1 0 0 -1 0 0 -1 0 0 -1 0 0 -1 0 0 1 0 0 1 0 0 1 0 0 1 0 0 1 0 0 1 0 0 1 0 0 1 0 0 1 0 0 1 0 0 1 0 0 1 0</float_array>
          <technique_common>
            <accessor count="54" source="#ID40" stride="3">
              <param name="X" type="float"/>
              <param name="Y" type="float"/>
              <param name="Z" type="float"/>
            </accessor>
          </technique_common>
        </source>
        <vertices id="ID41">
          <input semantic="POSITION" source="#ID37"/>
          <input semantic="NORMAL" source="#ID39"/>
        </vertices>
        <triangles count="44" material="ID42">
          <input offset="0" semantic="VERTEX" source="#ID41"/>
          <p>0 2 1 3 5 4 6 8 7 9 11 10 11 9 3 4 5 7 11 3 4 6 0 8 5 6 7 1 8 0 12 14 13 15 16 12 12 13 15 13 14 17 14 18 17 17 18 19 20 22 21 23 25 24 26 28 27 29 23 24 26 27 25 24 25 27 20 21 28 26 20 28 30 32 31 33 31 34 30 33 35 30 31 33 33 36 35 37 32 30 36 38 35 39 34 40 31 40 34 41 39 40 42 44 43 45 47 46 45 42 47 45 48 42 49 43 44 44 42 48 43 49 50 51 48 52 48 45 52 53 51 52</p>
        </triangles>
      </mesh>
    </geometry>
    <geometry id="ID44">
      <mesh>
        <source id="ID45">
          <float_array count="456" id="ID46">-0.0088686 0.00751555 -0.00765484 -0.0088686 0.00701555 -0.00734516 -0.0088686 0.00751555 -0.00734516 -0.007 0.00701555 -0.009375 -0.007 0.00751555 -0.009375 -0.00669139 0.00751555 -0.00934943 -0.00881763 0.00751555 -0.00703971 -0.00881763 0.00701555 -0.00703971 -0.00871707 0.00701555 -0.00674682 -0.00871707 0.00751555 -0.00674682 -0.00856969 0.00701555 -0.00647447 -0.00856969 0.00751555 -0.00647447 -0.00837948 0.00751555 -0.0062301 -0.00837948 0.00701555 -0.0062301 -0.00815165 0.00701555 -0.00602036 -0.00815165 0.00751555 -0.00602036 -0.0078924 0.00701555 -0.00585099 -0.0078924 0.00751555 -0.00585099 -0.00760881 0.00751555 -0.00572659 -0.00760881 0.00701555 -0.00572659 -0.00730861 0.00701555 -0.00565057 -0.00730861 0.00751555 -0.00565057 -0.007 0.00701555 -0.005625 -0.007 0.00751555 -0.005625 -0.0088686 0.00701555 -0.00765484 -0.00881763 0.00751555 -0.00796029 -0.00881763 0.00701555 -0.00796029 -0.00871707 0.00751555 -0.00825318 -0.00871707 0.00701555 -0.00825318 -0.00856969 0.00701555 -0.00852553 -0.00856969 0.00751555 -0.00852553 -0.00837948 0.00751555 -0.0087699 -0.00837948 0.00701555 -0.0087699 -0.00815165 0.00751555 -0.00897964 -0.00815165 0.00701555 -0.00897964 -0.0078924 0.00701555 -0.00914901 -0.0078924 0.00751555 -0.00914901 -0.00760881 0.00751555 -0.00927341 -0.00760881 0.00701555 -0.00927341 -0.00730861 0.00751555 -0.00934943 -0.00730861 0.00701555 -0.00934943 -0.00639119 0.00701555 -0.00927341 -0.00669139 0.00701555 -0.00934943 -0.00639119 0.00751555 -0.00927341 -0.00562052 0.00701555 -0.0087699 -0.00584835 0.00701555 -0.00897964 -0.00562052 0.00751555 -0.0087699 -0.0061076 0.00701555 -0.00914901 -0.0061076 0.00751555 -0.00914901 -0.00584835 0.00751555 -0.00897964 -0.00528292 0.00701555 -0.00825318 -0.00518237 0.00751555 -0.00796029 -0.00518237 0.00701555 -0.00796029 -0.00543031 0.00751555 -0.00852553 -0.00528292 0.00751555 -0.00825318 -0.00543031 0.00701555 -0.00852553 -0.00518237 0.00751555 -0.00703971 -0.00518237 0.00701555 -0.00703971 -0.0051314 0.00701555 -0.00734516 -0.0051314 0.00751555 -0.00734516 -0.0051314 0.00701555 -0.00765484 -0.0051314 0.00751555 -0.00765484 -0.00562052 0.00701555 -0.0062301 -0.00543031 0.00701555 -0.00647447 -0.00562052 0.00751555 -0.0062301 -0.00528292 0.00701555 -0.00674682 -0.00528292 0.00751555 -0.00674682 -0.00543031 0.00751555 -0.00647447 -0.0061076 0.00751555 -0.00585099 -0.00584835 0.00701555 -0.00602036 -0.00584835 0.00751555 -0.00602036 -0.00639119 0.00751555 -0.00572659 -0.0061076 0.00701555 -0.00585099 -0.00639119 0.00701555 -0.00572659 -0.00669139 0.00751555 -0.00565057 -0.00669139 0.00701555 -0.00565057 -0.007 0.00701555 -0.005625 -0.00528292 0.00701555 -0.00825318 -0.00518237 0.00701555 -0.00796029 -0.00639119 0.00701555 -0.00572659 -0.0051314 0.00701555 -0.00765484 -0.0051314 0.00701555 -0.00734516 -0.00518237 0.00701555 -0.00703971 -0.0061076 0.00701555 -0.00585099 -0.00669139 0.00701555 -0.00565057 -0.00528292 0.00701555 -0.00674682 -0.00543031 0.00701555 -0.00647447 -0.00562052 0.00701555 -0.0062301 -0.00584835 0.00701555 -0.00602036 -0.00730861 0.00701555 -0.00565057 -0.00543031 0.00701555 -0.00852553 -0.00562052 0.00701555 -0.0087699 -0.00760881 0.00701555 -0.00572659 -0.0078924 0.00701555 -0.00585099 -0.00584835 0.00701555 -0.00897964 -0.00815165 0.00701555 -0.00602036 -0.0061076 0.00701555 -0.00914901 -0.00639119 0.00701555 -0.00927341 -0.00837948 0.00701555 -0.0062301 -0.00856969 0.00701555 -0.00647447 -0.00669139 0.00701555 -0.00934943 -0.00871707 0.00701555 -0.00674682 -0.00881763 0.00701555 -0.00703971 -0.007 0.00701555 -0.009375 -0.00760881 0.00701555 -0.00927341 -0.0088686 0.00701555 -0.00765484 -0.0078924 0.00701555 -0.00914901 -0.0088686 0.00701555 -0.00734516 -0.00730861 0.00701555 -0.00934943 -0.00837948 0.00701555 -0.0087699 -0.00871707 0.00701555 -0.00825318 -0.00856969 0.00701555 -0.00852553 -0.00815165 0.00701555 -0.00897964 -0.00881763 0.00701555 -0.00796029 -0.007 0.00751555 -0.005625 -0.00518237 0.00751555 -0.00796029 -0.00528292 0.00751555 -0.00825318 -0.00639119 0.00751555 -0.00572659 -0.0051314 0.00751555 -0.00734516 -0.0051314 0.00751555 -0.00765484 -0.00518237 0.00751555 -0.00703971 -0.0061076 0.00751555 -0.00585099 -0.00669139 0.00751555 -0.00565057 -0.00528292 0.00751555 -0.00674682 -0.00562052 0.00751555 -0.0062301 -0.00543031 0.00751555 -0.00647447 -0.00584835 0.00751555 -0.00602036 -0.00543031 0.00751555 -0.00852553 -0.00730861 0.00751555 -0.00565057 -0.00562052 0.00751555 -0.0087699 -0.00760881 0.00751555 -0.00572659 -0.0078924 0.00751555 -0.00585099 -0.00584835 0.00751555 -0.00897964 -0.00815165 0.00751555 -0.00602036 -0.0061076 0.00751555 -0.00914901 -0.00639119 0.00751555 -0.00927341 -0.00837948 0.00751555 -0.0062301 -0.00856969 0.00751555 -0.00647447 -0.00669139 0.00751555 -0.00934943 -0.00871707 0.00751555 -0.00674682 -0.00881763 0.00751555 -0.00703971 -0.007 0.00751555 -0.009375 -0.00760881 0.00751555 -0.00927341 -0.0078924 0.00751555 -0.00914901 -0.0088686 0.00751555 -0.00765484 -0.00730861 0.00751555 -0.00934943 -0.0088686 0.00751555 -0.00734516 -0.00837948 0.00751555 -0.0087699 -0.00856969 0.00751555 -0.00852553 -0.00871707 0.00751555 -0.00825318 -0.00881763 0.00751555 -0.00796029 -0.00815165 0.00751555 -0.00897964</float_array>
          <technique_common>
            <accessor count="152" source="#ID46" stride="3">
              <param name="X" type="float"/>
              <param name="Y" type="float"/>
              <param name="Z" type="float"/>
            </accessor>
          </technique_common>
        </source>
        <source id="ID47">
          <float_array count="456" id="ID48">-0.996584 0 -0.0825794 -0.996584 0 0.0825794 -0.996584 0 0.0825794 -8.74228e-08 0 -1 -8.74228e-08 0 -1 0.164595 0 -0.986361 -0.9694 0 0.245485 -0.9694 0 0.245486 -0.915773 0 0.401695 -0.915773 0 0.401695 -0.837166 0 0.546948 -0.837166 0 0.546948 -0.735724 0 0.677282 -0.735724 0 0.677282 -0.614213 0 0.78914 -0.614213 0 0.789141 -0.475948 0 0.879474 -0.475947 0 0.879474 -0.324699 0 0.945817 -0.3247 0 0.945817 -0.164595 0 0.986361 -0.164595 0 0.986361 1.74846e-07 0 1 -3.01992e-07 0 1 -0.996584 0 -0.0825794 -0.9694 0 -0.245486 -0.9694 0 -0.245486 -0.915773 0 -0.401695 -0.915773 0 -0.401695 -0.837167 0 -0.546948 -0.837167 0 -0.546948 -0.735724 0 -0.677282 -0.735724 0 -0.677282 -0.614213 0 -0.78914 -0.614213 0 -0.78914 -0.475947 0 -0.879474 -0.475947 0 -0.879474 -0.324699 0 -0.945817 -0.324699 0 -0.945817 -0.164595 0 -0.986361 -0.164595 0 -0.986361 0.3247 0 -0.945817 0.164595 0 -0.986361 0.324699 0 -0.945817 0.735724 0 -0.677282 0.614213 0 -0.789141 0.735724 0 -0.677282 0.475947 0 -0.879474 0.475947 0 -0.879474 0.614213 0 -0.78914 0.915773 0 -0.401695 0.9694 0 -0.245485 0.9694 0 -0.245485 0.837166 0 -0.546948 0.915773 0 -0.401695 0.837166 0 -0.546948 0.9694 0 0.245485 0.9694 0 0.245485 0.996584 0 0.0825794 0.996584 0 0.0825794 0.996584 0 -0.0825794 0.996584 0 -0.0825792 0.735724 0 0.677282 0.837166 0 0.546948 0.735724 0 0.677282 0.915773 0 0.401695 0.915773 0 0.401695 0.837166 0 0.546948 0.475947 0 0.879474 0.614213 0 0.789141 0.614213 0 0.789141 0.324699 0 0.945817 0.475947 0 0.879474 0.324699 0 0.945817 0.164595 0 0.986361 0.164595 0 0.986361 0 -1 0 0 -1 0 0 -1 0 0 -1 0 0 -1 0 0 -1 0 0 -1 0 0 -1 0 0 -1 0 0 -1 0 0 -1 0 0 -1 0 0 -1 0 0 -1 0 0 -1 0 0 -1 0 0 -1 0 0 -1 0 0 -1 0 0 -1 0 0 -1 0 0 -1 0 0 -1 0 0 -1 0 0 -1 0 0 -1 0 0 -1 0 0 -1 0 0 -1 0 0 -1 0 0 -1 0 0 -1 0 0 -1 0 0 -1 0 0 -1 0 0 -1 0 0 -1 0 0 -1 0 0 1 0 0 1 0 0 1 0 0 1 0 0 1 0 0 1 0 0 1 0 0 1 0 0 1 0 0 1 0 0 1 0 0 1 0 0 1 0 0 1 0 0 1 0 0 1 0 0 1 0 0 1 0 0 1 0 0 1 0 0 1 0 0 1 0 0 1 0 0 1 0 0 1 0 0 1 0 0 1 0 0 1 0 0 1 0 0 1 0 0 1 0 0 1 0 0 1 0 0 1 0 0 1 0 0 1 0 0 1 0 0 1 0</float_array>
          <technique_common>
            <accessor count="152" source="#ID48" stride="3">
              <param name="X" type="float"/>
              <param name="Y" type="float"/>
              <param name="Z" type="float"/>
            </accessor>
          </technique_common>
        </source>
        <vertices id="ID49">
          <input semantic="POSITION" source="#ID45"/>
          <input semantic="NORMAL" source="#ID47"/>
        </vertices>
        <triangles count="148" material="ID50">
          <input offset="0" semantic="VERTEX" source="#ID49"/>
          <p>0 1 2 3 4 5 6 2 7 1 7 2 8 9 6 6 7 8 9 10 11 10 9 8 12 11 13 10 13 11 14 15 12 12 13 14 15 16 17 16 15 14 18 17 19 16 19 17 20 21 18 18 19 20 22 21 20 22 23 21 1 0 24 25 26 24 24 0 25 26 27 28 27 26 25 29 28 30 27 30 28 31 32 29 29 30 31 32 33 34 33 32 31 35 34 36 33 36 34 37 38 35 35 36 37 38 39 40 39 38 37 39 4 40 41 42 43 40 4 3 44 45 46 47 48 49 50 51 52 53 54 55 56 57 58 59 60 61 62 63 64 65 66 67 68 69 70 62 70 69 68 71 72 72 69 68 73 71 74 71 73 72 23 75 74 73 74 75 22 75 23 63 67 64 62 64 70 65 57 66 63 65 67 56 58 59 66 57 56 61 60 52 59 58 60 54 51 50 51 61 52 44 53 55 55 54 50 45 49 46 44 46 53 47 41 48 45 47 49 43 42 5 48 41 43 3 5 42 76 77 78 79 80 81 82 83 81 79 84 80 85 86 87 88 85 87 83 82 88 88 82 85 84 78 80 83 79 81 76 78 84 77 89 90 77 76 89 91 90 92 89 92 90 93 94 91 91 92 93 95 94 93 95 96 94 97 96 98 95 98 96 97 98 99 100 99 101 99 100 97 102 103 101 100 101 103 104 105 106 102 107 108 109 110 111 110 112 113 106 113 112 112 110 109 104 107 105 106 105 113 102 108 103 104 108 107 114 115 116 117 118 119 120 118 121 117 119 122 123 124 125 126 124 123 121 126 120 126 123 120 122 119 115 121 118 117 114 122 115 116 127 128 116 128 114 129 130 127 128 127 130 131 129 132 129 131 130 133 131 132 133 132 134 135 136 134 133 134 136 135 137 136 138 139 137 137 135 138 140 139 141 138 141 139 142 143 144 140 145 146 147 148 149 149 150 151 143 151 150 151 147 149 142 144 146 143 150 144 140 141 145 142 146 145</p>
        </triangles>
      </mesh>
    </geometry>
    <geometry id="ID52">
      <mesh>
        <source id="ID53">
          <float_array count="1068" id="ID54">0.0119 0.00751555 0.00100275 0.0119 0.00701555 0.00100275 0.0116698 0.00701555 0.000784674 0.0120902 0.00751555 0.00125651 0.0120902 0.00701555 0.00125651 0.0122348 0.00701555 0.00153867 0.0122348 0.00751555 0.00153867 0.0123299 0.00751555 0.00184118 0.0123299 0.00701555 0.00184118 0.0123726 0.00751555 0.00215538 0.0123726 0.00701555 0.00215538 0.0123618 0.00701555 0.00247229 0.0123618 0.00751555 0.00247229 0.0122977 0.00751555 0.00278284 0.0122977 0.00701555 0.00278284 0.0121822 0.00751555 0.00307816 0.0121822 0.00701555 0.00307816 0.0120186 0.00701555 0.00334978 0.0120186 0.00751555 0.00334978 0.0118115 0.00751555 0.00358995 0.0118115 0.00701555 0.00358995 0.011567 0.00751555 0.0037918 0.011567 0.00701555 0.0037918 0.0112919 0.00701555 0.00394955 0.0112919 0.00751555 0.00394955 0.0109942 0.00751555 0.0040587 0.0109942 0.00701555 0.0040587 0.0106824 0.00751555 0.00411611 0.0106824 0.00701555 0.00411611 0.0103653 0.00701555 0.00412015 0.0103653 0.00751555 0.00412015 0.0100521 0.00751555 0.00407071 0.0100521 0.00701555 0.00407071 0.0116698 0.00751555 0.000784674 0.0114062 0.00701555 0.000608503 0.0114062 0.00751555 0.000608503 0.0111166 0.00701555 0.00047928 0.0111166 0.00751555 0.00047928 0.0108094 0.00751555 0.000400701 0.0108094 0.00701555 0.000400701 0.0104933 0.00701555 0.000375012 0.0104933 0.00751555 0.000375012 0.0101775 0.00701555 0.000402949 0.0101775 0.00751555 0.000402949 0.00987083 0.00751555 0.000483712 0.00987083 0.00701555 0.000483712 0.00958219 0.00701555 0.000614993 0.00958219 0.00751555 0.000614993 0.0093198 0.00701555 0.000793035 0.0093198 0.00751555 0.000793035 0.00909116 0.00751555 0.00101275 0.00909116 0.00701555 0.00101275 0.00890282 0.00701555 0.00126785 0.00890282 0.00751555 0.00126785 0.00876015 0.00701555 0.00155103 0.00876015 0.00751555 0.00155103 0.00866725 0.00751555 0.00185421 0.00866725 0.00701555 0.00185421 0.00862676 0.00701555 0.00216871 0.00862676 0.00751555 0.00216871 0.00863985 0.00701555 0.00248554 0.00863985 0.00751555 0.00248554 0.00870614 0.00701555 0.00279562 0.00870614 0.00751555 0.00279562 0.00237865 0.00701555 0.0104475 0.00275527 0.00701555 0.010804 0.00237865 0.00751555 0.0104475 0.00204106 0.00751555 0.0100538 0.00204106 0.00701555 0.0100538 0.0017467 0.00751555 0.00962838 0.0017467 0.00701555 0.00962838 0.00149687 0.00701555 0.00917296 0.00149687 0.00751555 0.00917296 0.00129668 0.00751555 0.00869629 0.00129668 0.00701555 0.00869629 0.00114617 0.00751555 0.00819996 0.00114617 0.00701555 0.00819996 0.00104806 0.00701555 0.00769087 0.00104806 0.00751555 0.00769087 0.00100317 0.00751555 0.00717535 0.00100317 0.00701555 0.00717535 0.00101186 0.00751555 0.00665592 0.00101186 0.00701555 0.00665592 0.00107417 0.00701555 0.0061428 0.00107417 0.00751555 0.0061428 0.0011894 0.00751555 0.00563702 0.0011894 0.00701555 0.00563702 0.00135641 0.00751555 0.00514637 0.00135641 0.00701555 0.00514637 0.00157291 0.00701555 0.00467622 0.00157291 0.00751555 0.00467622 0.00183787 0.00751555 0.00422932 0.00183787 0.00701555 0.00422932 0.00214621 0.00751555 0.00381458 0.00214621 0.00701555 0.00381458 0.00249698 0.00701555 0.00343229 0.00249698 0.00751555 0.00343229 0.00288507 0.00751555 0.00308899 0.00288507 0.00701555 0.00308899 0.00330618 0.00751555 0.00278782 0.00330618 0.00701555 0.00278782 0.00375782 0.00701555 0.00253093 0.00375782 0.00751555 0.00253093 0.00423107 0.00751555 0.00232351 0.00423107 0.00701555 0.00232351 0.00472525 0.00751555 0.00216526 0.00472525 0.00701555 0.00216526 0.00523232 0.00701555 0.00205941 0.00523232 0.00751555 0.00205941 0.00574744 0.00751555 0.00200647 0.00574744 0.00701555 0.00200647 0.00626708 0.00751555 0.00200714 0.00626708 0.00701555 0.00200714 0.00678083 0.00701555 0.00206148 0.00678083 0.00751555 0.00206148 0.00728857 0.00751555 0.00216892 0.00728857 0.00701555 0.00216892 0.00778132 0.00751555 0.00232821 0.00778132 0.00701555 0.00232821 0.0082551 0.00701555 0.00253752 0.0082551 0.00751555 0.00253752 0.00870614 0.00751555 0.00279562 0.00870614 0.00701555 0.00279562 0.00275527 0.00751555 0.010804 0.00316544 0.00751555 0.0111189 0.00316544 0.00701555 0.0111189 0.00360807 0.00701555 0.0113906 0.00360807 0.00751555 0.0113906 0.00407444 0.00701555 0.0116143 0.00407444 0.00751555 0.0116143 0.00456291 0.00751555 0.011789 0.00456291 0.00701555 0.011789 0.00506658 0.00701555 0.011912 0.00506658 0.00751555 0.011912 0.005579 0.00701555 0.0119822 0.005579 0.00751555 0.0119822 0.00609807 0.00751555 0.0119989 0.00609807 0.00701555 0.0119989 0.00661384 0.00701555 0.0119621 0.00661384 0.00751555 0.0119621 0.00712487 0.00701555 0.0118718 0.00712487 0.00751555 0.0118718 0.0076232 0.00751555 0.011729 0.0076232 0.00701555 0.011729 0.00810322 0.00701555 0.0115361 0.00810322 0.00751555 0.0115361 0.00856229 0.00701555 0.0112934 0.00856229 0.00751555 0.0112934 0.00899195 0.00751555 0.011006 0.00899195 0.00701555 0.011006 0.00939117 0.00701555 0.0106741 0.00939117 0.00751555 0.0106741 0.00975323 0.00701555 0.0103033 0.00975323 0.00751555 0.0103033 0.0100746 0.00751555 0.00989778 0.0100746 0.00701555 0.00989778 0.0103531 0.00701555 0.00945955 0.0103531 0.00751555 0.00945955 0.0105838 0.00701555 0.00899709 0.0105838 0.00751555 0.00899709 0.0107662 0.00751555 0.00851087 0.0107662 0.00701555 0.00851087 0.0108969 0.00701555 0.00800946 0.0108969 0.00751555 0.00800946 0.0109751 0.00701555 0.00749782 0.0109751 0.00751555 0.00749782 0.0109998 0.00751555 0.00697928 0.0109998 0.00701555 0.00697928 0.0109711 0.00701555 0.0064634 0.0109711 0.00751555 0.0064634 0.0108885 0.00701555 0.00595052 0.0108885 0.00751555 0.00595052 0.0107536 0.00751555 0.00545033 0.0107536 0.00701555 0.00545033 0.010568 0.00701555 0.00496703 0.010568 0.00751555 0.00496703 0.0103342 0.00701555 0.00450716 0.0103342 0.00751555 0.00450716 0.0100521 0.00701555 0.00407071 0.0100521 0.00751555 0.00407071 0.010568 0.00701555 0.00496703 0.00899195 0.00701555 0.011006 0.0103342 0.00701555 0.00450716 0.00890282 0.00701555 0.00126785 0.00909116 0.00701555 0.00101275 0.00863985 0.00701555 0.00248554 0.0076232 0.00701555 0.011729 0.00712487 0.00701555 0.0118718 0.00870614 0.00701555 0.00279562 0.00862676 0.00701555 0.00216871 0.00876015 0.00701555 0.00155103 0.00866725 0.00701555 0.00185421 0.0100521 0.00701555 0.00407071 0.00778132 0.00701555 0.00232821 0.005579 0.00701555 0.0119822 0.00728857 0.00701555 0.00216892 0.00375782 0.00701555 0.00253093 0.00237865 0.00701555 0.0104475 0.00204106 0.00701555 0.0100538 0.00104806 0.00701555 0.00769087 0.00100317 0.00701555 0.00717535 0.00157291 0.00701555 0.00467622 0.0093198 0.00701555 0.000793035 0.00958219 0.00701555 0.000614993 0.00183787 0.00701555 0.00422932 0.00288507 0.00701555 0.00308899 0.0017467 0.00701555 0.00962838 0.00149687 0.00701555 0.00917296 0.00987083 0.00701555 0.000483712 0.00316544 0.00701555 0.0111189 0.00275527 0.00701555 0.010804 0.00472525 0.00701555 0.00216526 0.00506658 0.00701555 0.011912 0.00678083 0.00701555 0.00206148 0.0108094 0.00701555 0.000400701 0.0111166 0.00701555 0.00047928 0.0101775 0.00701555 0.000402949 0.0116698 0.00701555 0.000784674 0.0119 0.00701555 0.00100275 0.0109942 0.00701555 0.0040587 0.0114062 0.00701555 0.000608503 0.0106824 0.00701555 0.00411611 0.0103653 0.00701555 0.00412015 0.0123299 0.00701555 0.00184118 0.0118115 0.00701555 0.00358995 0.0122348 0.00701555 0.00153867 0.011567 0.00701555 0.0037918 0.0112919 0.00701555 0.00394955 0.0120902 0.00701555 0.00125651 0.0123618 0.00701555 0.00247229 0.0122977 0.00701555 0.00278284 0.0121822 0.00701555 0.00307816 0.0120186 0.00701555 0.00334978 0.0123726 0.00701555 0.00215538 0.0109998 0.00701555 0.00697928 0.0108969 0.00701555 0.00800946 0.0103531 0.00701555 0.00945955 0.0104933 0.00701555 0.000375012 0.0107662 0.00701555 0.00851087 0.0105838 0.00701555 0.00899709 0.0109751 0.00701555 0.00749782 0.0108885 0.00701555 0.00595052 0.0109711 0.00701555 0.0064634 0.0100746 0.00701555 0.00989778 0.00975323 0.00701555 0.0103033 0.0107536 0.00701555 0.00545033 0.00939117 0.00701555 0.0106741 0.00856229 0.00701555 0.0112934 0.00810322 0.00701555 0.0115361 0.00661384 0.00701555 0.0119621 0.00456291 0.00701555 0.011789 0.00609807 0.00701555 0.0119989 0.0082551 0.00701555 0.00253752 0.00523232 0.00701555 0.00205941 0.00360807 0.00701555 0.0113906 0.00626708 0.00701555 0.00200714 0.00407444 0.00701555 0.0116143 0.00574744 0.00701555 0.00200647 0.00330618 0.00701555 0.00278782 0.00423107 0.00701555 0.00232351 0.00114617 0.00701555 0.00819996 0.00214621 0.00701555 0.00381458 0.00129668 0.00701555 0.00869629 0.00249698 0.00701555 0.00343229 0.00101186 0.00701555 0.00665592 0.00107417 0.00701555 0.0061428 0.0011894 0.00701555 0.00563702 0.00135641 0.00701555 0.00514637 0.00100317 0.00751555 0.00717535 0.00107417 0.00751555 0.0061428 0.00101186 0.00751555 0.00665592 0.0108969 0.00751555 0.00800946 0.0109751 0.00751555 0.00749782 0.0109998 0.00751555 0.00697928 0.0105838 0.00751555 0.00899709 0.0107662 0.00751555 0.00851087 0.00890282 0.00751555 0.00126785 0.00863985 0.00751555 0.00248554 0.00909116 0.00751555 0.00101275 0.00958219 0.00751555 0.000614993 0.0093198 0.00751555 0.000793035 0.00870614 0.00751555 0.00279562 0.0103531 0.00751555 0.00945955 0.00987083 0.00751555 0.000483712 0.0100521 0.00751555 0.00407071 0.0108094 0.00751555 0.000400701 0.0104933 0.00751555 0.000375012 0.0108885 0.00751555 0.00595052 0.0109711 0.00751555 0.0064634 0.0119 0.00751555 0.00100275 0.0116698 0.00751555 0.000784674 0.0109942 0.00751555 0.0040587 0.0121822 0.00751555 0.00307816 0.0123726 0.00751555 0.00215538 0.0120186 0.00751555 0.00334978 0.0100746 0.00751555 0.00989778 0.0123299 0.00751555 0.00184118 0.0112919 0.00751555 0.00394955 0.0120902 0.00751555 0.00125651 0.0107536 0.00751555 0.00545033 0.00975323 0.00751555 0.0103033 0.010568 0.00751555 0.00496703 0.00939117 0.00751555 0.0106741 0.00899195 0.00751555 0.011006 0.0103342 0.00751555 0.00450716 0.00856229 0.00751555 0.0112934 0.0076232 0.00751555 0.011729 0.00810322 0.00751555 0.0115361 0.00609807 0.00751555 0.0119989 0.00661384 0.00751555 0.0119621 0.0082551 0.00751555 0.00253752 0.00712487 0.00751555 0.0118718 0.00678083 0.00751555 0.00206148 0.00626708 0.00751555 0.00200714 0.00456291 0.00751555 0.011789 0.00778132 0.00751555 0.00232821 0.00728857 0.00751555 0.00216892 0.005579 0.00751555 0.0119822 0.00316544 0.00751555 0.0111189 0.00523232 0.00751555 0.00205941 0.00472525 0.00751555 0.00216526 0.00407444 0.00751555 0.0116143 0.00574744 0.00751555 0.00200647 0.00204106 0.00751555 0.0100538 0.00237865 0.00751555 0.0104475 0.00375782 0.00751555 0.00253093 0.00423107 0.00751555 0.00232351 0.00275527 0.00751555 0.010804 0.00288507 0.00751555 0.00308899 0.00249698 0.00751555 0.00343229 0.00129668 0.00751555 0.00869629 0.0017467 0.00751555 0.00962838 0.00149687 0.00751555 0.00917296 0.00104806 0.00751555 0.00769087 0.00214621 0.00751555 0.00381458 0.00183787 0.00751555 0.00422932 0.0011894 0.00751555 0.00563702 0.00135641 0.00751555 0.00514637 0.00157291 0.00751555 0.00467622 0.00114617 0.00751555 0.00819996 0.00330618 0.00751555 0.00278782 0.00360807 0.00751555 0.0113906 0.00506658 0.00751555 0.011912 0.00862676 0.00751555 0.00216871 0.00876015 0.00751555 0.00155103 0.00866725 0.00751555 0.00185421 0.0101775 0.00751555 0.000402949 0.0111166 0.00751555 0.00047928 0.011567 0.00751555 0.0037918 0.0106824 0.00751555 0.00411611 0.0114062 0.00751555 0.000608503 0.0103653 0.00751555 0.00412015 0.0123618 0.00751555 0.00247229 0.0122977 0.00751555 0.00278284 0.0122348 0.00751555 0.00153867 0.0118115 0.00751555 0.00358995</float_array>
          <technique_common>
            <accessor count="356" source="#ID54" stride="3">
              <param name="X" type="float"/>
              <param name="Y" type="float"/>
              <param name="Z" type="float"/>
            </accessor>
          </technique_common>
        </source>
        <source id="ID55">
          <float_array count="1068" id="ID56">0.746667 0 -0.665198 0.746667 0 -0.665198 0.623896 0 -0.781507 0.848083 0 -0.529864 0.848083 0 -0.529864 0.925243 0 -0.379375 0.925243 0 -0.379375 0.975941 0 -0.218036 0.975941 0 -0.218036 0.998726 0 -0.0504615 0.998726 0 -0.0504615 0.992947 0 0.118556 0.992947 0 0.118556 0.95877 0 0.284184 0.95877 0 0.284184 0.897171 0 0.441683 0.897171 0 0.441683 0.809913 0 0.58655 0.809913 0 0.58655 0.69949 0 0.714642 0.69949 0 0.714642 0.569062 0 0.822294 0.569062 0 0.822294 0.422359 0 0.906429 0.422359 0 0.906429 0.263576 0 0.964639 0.263576 0 0.964639 0.0972542 0 0.99526 0.0972542 0 0.99526 -0.0718489 0 0.997416 -0.0718489 0 0.997416 -0.238897 0 0.971045 -0.238897 0 0.971045 0.623896 0 -0.781507 0.483281 0 -0.875465 0.483281 0 -0.875465 0.328845 0 -0.944384 0.328845 0 -0.944384 0.165003 0 -0.986293 0.165003 0 -0.986293 -0.00355783 0 -0.999994 -0.00355783 0 -0.999994 -0.172017 0 -0.985094 -0.172017 0 -0.985094 -0.335557 0 -0.94202 -0.335556 0 -0.94202 -0.489499 0 -0.872004 -0.489499 0 -0.872004 -0.629441 0 -0.777048 -0.629441 0 -0.777048 -0.751381 0 -0.659868 -0.751381 0 -0.659868 -0.851831 0 -0.523816 -0.851831 0 -0.523816 -0.927919 0 -0.372782 -0.927919 0 -0.372782 -0.977467 0 -0.211086 -0.977467 0 -0.211086 -0.99906 0 -0.0433535 -0.99906 0 -0.0433539 -0.992079 0 0.125619 -0.992079 0 0.125619 -0.956723 0 0.290999 -0.956723 0 0.290999 -0.72444 0 0.689338 -0.649201 0 0.760617 -0.72444 0 0.689338 -0.791897 0 0.610654 -0.791897 0 0.610654 -0.850849 0 0.525411 -0.850849 0 0.525411 -0.90066 0 0.434524 -0.90066 0 0.434524 -0.940797 0 0.33897 -0.940797 0 0.33897 -0.970829 0 0.239775 -0.970829 0 0.239775 -0.990432 0 0.138004 -0.990432 0 0.138004 -0.999396 0 0.0347504 -0.999396 0 0.0347504 -0.997625 0 -0.0688761 -0.997625 0 -0.0688763 -0.985138 0 -0.171763 -0.985138 0 -0.171763 -0.962069 0 -0.272805 -0.962069 0 -0.272805 -0.928666 0 -0.370916 -0.928666 0 -0.370916 -0.885288 0 -0.465043 -0.885288 0 -0.465043 -0.8324 0 -0.554175 -0.8324 0 -0.554175 -0.770571 0 -0.637354 -0.770571 0 -0.637354 -0.700465 0 -0.713687 -0.700465 0 -0.713687 -0.622834 0 -0.782354 -0.622834 0 -0.782354 -0.538514 0 -0.842617 -0.538514 0 -0.842617 -0.448408 0 -0.893829 -0.448408 0 -0.893829 -0.353487 0 -0.93544 -0.353487 0 -0.93544 -0.254768 0 -0.967002 -0.254768 0 -0.967002 -0.153312 0 -0.988178 -0.153312 0 -0.988178 -0.0502102 0 -0.998739 -0.0502102 0 -0.998739 0.0534314 0 -0.998572 0.0534314 0 -0.998572 0.156499 0 -0.987678 0.156499 0 -0.987678 0.257886 0 -0.966175 0.257886 0 -0.966175 0.356502 0 -0.934295 0.356502 0 -0.934295 0.451289 0 -0.892378 0.451289 0 -0.892378 0.541229 0 -0.840875 0.541229 0 -0.840875 -0.649201 0 0.760617 -0.566988 0 0.823726 -0.566988 0 0.823726 -0.478686 0 0.877986 -0.478686 0 0.877986 -0.385241 0 0.922816 -0.385241 0 0.922816 -0.287658 0 0.957733 -0.287658 0 0.957733 -0.186986 0 0.982363 -0.186986 0 0.982363 -0.0843046 0 0.99644 -0.0843046 0 0.99644 0.0192823 0 0.999814 0.0192823 0 0.999814 0.122662 0 0.992449 0.122662 0 0.992449 0.224724 0 0.974422 0.224724 0 0.974422 0.324372 0 0.945929 0.324372 0 0.945929 0.420536 0 0.907276 0.420536 0 0.907276 0.512183 0 0.858877 0.512183 0 0.858877 0.598328 0 0.801251 0.598328 0 0.801251 0.678046 0 0.73502 0.678046 0 0.73502 0.75048 0 0.660893 0.750481 0 0.660893 0.814854 0 0.579667 0.814854 0 0.579666 0.870474 0 0.492214 0.870474 0 0.492214 0.916744 0 0.399474 0.916745 0 0.399474 0.953167 0 0.302443 0.953167 0 0.302443 0.979352 0 0.202164 0.979352 0 0.202164 0.995016 0 0.0997125 0.995016 0 0.0997125 0.999993 0 -0.00380977 0.999993 0 -0.00380929 0.994228 0 -0.107291 0.994228 0 -0.107291 0.977783 0 -0.20962 0.977783 0 -0.209619 0.950835 0 -0.309697 0.950835 0 -0.309697 0.913674 0 -0.406447 0.913674 0 -0.406447 0.866699 0 -0.498832 0.866699 0 -0.498832 0.810413 0 -0.585858 0.810414 0 -0.585858 0 -1 0 0 -1 0 0 -1 0 0 -1 0 0 -1 0 0 -1 0 0 -1 0 0 -1 0 0 -1 0 0 -1 0 0 -1 0 0 -1 0 0 -1 0 0 -1 0 0 -1 0 0 -1 0 0 -1 0 0 -1 0 0 -1 0 0 -1 0 0 -1 0 0 -1 0 0 -1 0 0 -1 0 0 -1 0 0 -1 0 0 -1 0 0 -1 0 0 -1 0 0 -1 0 0 -1 0 0 -1 0 0 -1 0 0 -1 0 0 -1 0 0 -1 0 0 -1 0 0 -1 0 0 -1 0 0 -1 0 0 -1 0 0 -1 0 0 -1 0 0 -1 0 0 -1 0 0 -1 0 0 -1 0 0 -1 0 0 -1 0 0 -1 0 0 -1 0 0 -1 0 0 -1 0 0 -1 0 0 -1 0 0 -1 0 0 -1 0 0 -1 0 0 -1 0 0 -1 0 0 -1 0 0 -1 0 0 -1 0 0 -1 0 0 -1 0 0 -1 0 0 -1 0 0 -1 0 0 -1 0 0 -1 0 0 -1 0 0 -1 0 0 -1 0 0 -1 0 0 -1 0 0 -1 0 0 -1 0 0 -1 0 0 -1 0 0 -1 0 0 -1 0 0 -1 0 0 -1 0 0 -1 0 0 -1 0 0 -1 0 0 -1 0 0 -1 0 0 1 0 0 1 0 0 1 0 0 1 0 0 1 0 0 1 0 0 1 0 0 1 0 0 1 0 0 1 0 0 1 0 0 1 0 0 1 0 0 1 0 0 1 0 0 1 0 0 1 0 0 1 0 0 1 0 0 1 0 0 1 0 0 1 0 0 1 0 0 1 0 0 1 0 0 1 0 0 1 0 0 1 0 0 1 0 0 1 0 0 1 0 0 1 0 0 1 0 0 1 0 0 1 0 0 1 0 0 1 0 0 1 0 0 1 0 0 1 0 0 1 0 0 1 0 0 1 0 0 1 0 0 1 0 0 1 0 0 1 0 0 1 0 0 1 0 0 1 0 0 1 0 0 1 0 0 1 0 0 1 0 0 1 0 0 1 0 0 1 0 0 1 0 0 1 0 0 1 0 0 1 0 0 1 0 0 1 0 0 1 0 0 1 0 0 1 0 0 1 0 0 1 0 0 1 0 0 1 0 0 1 0 0 1 0 0 1 0 0 1 0 0 1 0 0 1 0 0 1 0 0 1 0 0 1 0 0 1 0 0 1 0 0 1 0 0 1 0 0 1 0 0 1 0 0 1 0 0 1 0 0 1 0</float_array>
          <technique_common>
            <accessor count="356" source="#ID56" stride="3">
              <param name="X" type="float"/>
              <param name="Y" type="float"/>
              <param name="Z" type="float"/>
            </accessor>
          </technique_common>
        </source>
        <vertices id="ID57">
          <input semantic="POSITION" source="#ID53"/>
          <input semantic="NORMAL" source="#ID55"/>
        </vertices>
        <triangles count="348" material="ID50">
          <input offset="0" semantic="VERTEX" source="#ID57"/>
          <p>0 1 2 1 3 4 3 1 0 5 4 6 3 6 4 7 8 5 5 6 7 8 9 10 9 8 7 11 10 12 9 12 10 13 14 11 11 12 13 14 15 16 15 14 13 17 16 18 15 18 16 19 20 17 17 18 19 20 21 22 21 20 19 23 22 24 21 24 22 25 26 23 23 24 25 26 27 28 27 26 25 29 28 30 27 30 28 31 32 29 29 30 31 0 2 33 34 35 33 33 2 34 35 36 37 36 35 34 38 37 39 36 39 37 40 41 38 38 39 40 41 42 43 42 41 40 44 43 45 42 45 43 46 47 44 44 45 46 47 48 49 48 47 46 50 49 51 48 51 49 52 53 50 50 51 52 53 54 55 54 53 52 56 55 57 54 57 55 58 59 56 56 57 58 59 60 61 60 59 58 60 62 61 61 62 63 64 65 66 67 68 64 64 66 67 68 69 70 69 68 67 71 70 72 69 72 70 73 74 71 71 72 73 74 75 76 75 74 73 77 76 78 75 78 76 79 80 77 77 78 79 80 81 82 81 80 79 83 82 84 81 84 82 85 86 83 83 84 85 86 87 88 87 86 85 89 88 90 87 90 88 91 92 89 89 90 91 92 93 94 93 92 91 95 94 96 93 96 94 97 98 95 95 96 97 98 99 100 99 98 97 101 100 102 99 102 100 103 104 101 101 102 103 104 105 106 105 104 103 107 106 108 105 108 106 109 110 107 107 108 109 110 111 112 111 110 109 113 112 114 111 114 112 115 116 113 113 114 115 116 117 118 117 116 115 119 118 120 117 120 118 121 122 119 119 120 121 66 65 123 124 123 125 65 125 123 126 127 124 124 125 126 127 128 129 128 127 126 130 129 131 128 131 129 132 133 130 130 131 132 133 134 135 134 133 132 136 135 137 134 137 135 138 139 136 136 137 138 139 140 141 140 139 138 142 141 143 140 143 141 144 145 142 142 143 144 145 146 147 146 145 144 148 147 149 146 149 147 150 151 148 148 149 150 151 152 153 152 151 150 154 153 155 152 155 153 156 157 154 154 155 156 157 158 159 158 157 156 160 159 161 158 161 159 162 163 160 160 161 162 163 164 165 164 163 162 166 165 167 164 167 165 168 169 166 166 167 168 169 170 171 170 169 168 172 171 173 170 173 171 174 175 172 172 173 174 175 176 177 176 175 174 176 178 177 177 178 179 180 181 182 183 184 185 186 187 188 183 189 190 189 191 190 186 188 192 193 194 195 188 185 184 185 189 183 196 197 198 199 200 201 202 203 188 202 188 184 204 199 201 205 206 207 203 208 188 209 210 211 212 213 195 192 214 215 216 192 208 217 218 219 220 221 222 223 224 225 226 227 228 229 230 231 232 233 231 233 232 223 229 231 233 223 232 224 234 235 236 225 226 228 225 224 226 218 227 219 218 228 227 220 217 221 221 217 219 192 215 222 222 215 220 237 192 216 214 192 237 235 238 239 192 188 208 234 240 235 239 236 235 241 242 236 236 242 234 243 241 236 241 244 245 244 241 243 180 245 246 244 246 245 182 181 247 180 246 181 247 248 192 192 182 247 187 249 188 186 192 248 213 212 250 249 251 252 253 254 209 255 256 257 258 206 205 210 259 211 260 199 261 262 263 205 200 264 265 266 267 265 265 267 200 199 204 261 201 200 267 261 263 262 260 261 262 206 258 198 262 205 207 259 197 196 196 198 258 253 209 211 259 210 197 254 257 256 254 253 257 250 255 213 250 256 255 195 194 212 194 193 251 249 252 188 193 252 251 268 269 270 271 272 273 271 274 275 276 277 278 279 280 281 282 271 273 274 271 282 283 281 284 284 285 286 287 282 288 282 273 288 289 290 291 292 293 294 295 282 287 294 293 296 289 297 298 287 299 300 300 295 287 301 302 299 300 299 302 303 301 304 301 303 302 304 284 305 305 303 304 284 306 307 305 284 307 308 309 310 281 309 311 312 313 314 315 316 317 318 319 320 321 313 322 323 324 325 326 327 320 328 329 330 331 328 332 333 334 335 336 269 337 333 338 268 337 268 338 337 269 268 339 334 333 333 335 338 330 329 334 334 339 330 328 331 340 332 328 330 325 340 323 331 323 340 326 324 327 325 324 326 327 318 320 341 322 319 341 319 318 321 314 313 341 321 322 316 312 342 312 314 342 308 315 317 317 316 342 281 310 309 310 315 308 306 281 311 343 344 345 306 284 281 277 276 343 344 343 276 280 278 281 278 277 281 283 284 346 283 279 281 284 286 346 285 284 347 298 297 348 349 350 351 352 292 353 296 354 355 294 296 355 352 293 292 298 348 354 348 355 354 289 291 297 290 350 349 290 349 291 284 351 347 347 351 350</p>
        </triangles>
      </mesh>
    </geometry>
    <geometry id="ID59">
      <mesh>
        <source id="ID60">
          <float_array count="786" id="ID61">0.00766793 0.00751555 -0.0141684 0.0079407 0.00701555 -0.0138901 0.00794081 0.00751555 -0.01389 0.0073729 0.00751555 -0.014424 0.00766677 0.00701555 -0.0141683 0.00737175 0.00701555 -0.0144236 0.00706063 0.00751555 -0.0146583 0.00673467 0.00751555 -0.014873 0.00705989 0.00701555 -0.014658 0.00639793 0.00751555 -0.01507 0.00673442 0.00701555 -0.014873 0.00639755 0.00701555 -0.0150698 0.00605193 0.00751555 -0.0152503 0.0056982 0.00751555 -0.0154152 0.00605147 0.00701555 -0.0152501 0.00533809 0.00751555 -0.0155656 0.00569787 0.00701555 -0.0154149 0.00533795 0.00701555 -0.0155655 0.00497276 0.00751555 -0.0157027 0.004603 0.00751555 -0.0158271 0.00497266 0.00701555 -0.0157027 0.00422937 0.00751555 -0.0159395 0.0046028 0.00701555 -0.015827 0.00422917 0.00701555 -0.0159394 0.00385244 0.00751555 -0.0160404 0.00347273 0.00751555 -0.0161304 0.0038524 0.00701555 -0.0160404 0.00347273 0.00701555 -0.0161304 0.00818649 0.00701555 -0.0135876 0.00839854 0.00701555 -0.0132605 0.00818805 0.00751555 -0.0135875 0.0085686 0.00701555 -0.0129095 0.00840111 0.00751555 -0.0132598 0.0085707 0.00751555 -0.012908 0.00868722 0.00701555 -0.0125374 0.0087445 0.00701555 -0.0121521 0.00868761 0.00751555 -0.0125365 0.00873769 0.00701555 -0.0117628 0.00874513 0.00751555 -0.0121505 0.00873699 0.00751555 -0.0117598 0.0086667 0.00701555 -0.0113789 0.00853611 0.00701555 -0.0110102 0.00866461 0.00751555 -0.0113767 0.00835583 0.00701555 -0.010664 0.00853471 0.00751555 -0.0110096 0.00835506 0.00751555 -0.0106637 0.00813563 0.00701555 -0.0103422 0.00788218 0.00701555 -0.0100451 0.00813376 0.00751555 -0.0103421 0.00760287 0.00701555 -0.00977207 0.00788055 0.00751555 -0.0100454 0.00760287 0.00751555 -0.00977207 0.00730335 0.00701555 -0.00952161 0.00730335 0.00751555 -0.00952161 0.00630111 0.00751555 -0.0152494 0.00720527 0.00751555 -0.0148437 0.00630111 0.00701555 -0.0152494 0.00720527 0.00701555 -0.0148437 0.00808028 0.00751555 -0.014386 0.00892941 0.00751555 -0.013875 0.00808028 0.00701555 -0.014386 0.00892941 0.00701555 -0.013875 0.00537763 0.00701555 -0.0155991 0.00443483 0.00701555 -0.0158928 0.00537763 0.00751555 -0.0155991 0.00443483 0.00751555 -0.0158928 0.00347273 0.00701555 -0.0161304 0.00347273 0.00751555 -0.0161304 0.00954579 0.00701555 -0.0134259 0.00892941 0.00701555 -0.013875 0.00892941 0.00751555 -0.013875 0.0112072 0.00701555 -0.0118533 0.0106866 0.00701555 -0.0124144 0.0106866 0.00751555 -0.0124144 0.0101315 0.00701555 -0.012939 0.00954579 0.00751555 -0.0134259 0.0101315 0.00751555 -0.012939 0.0121137 0.00751555 -0.0106337 0.0124915 0.00701555 -0.00998091 0.0121137 0.00701555 -0.0106337 0.0112072 0.00751555 -0.0118533 0.0116835 0.00751555 -0.0112591 0.0116835 0.00701555 -0.0112591 0.0130763 0.00701555 -0.00860942 0.0130763 0.00751555 -0.00860942 0.0132765 0.00701555 -0.00790178 0.0128131 0.00701555 -0.00930546 0.0124915 0.00751555 -0.00998091 0.0128131 0.00751555 -0.00930546 0.013496 0.00701555 -0.0057395 0.013487 0.00701555 -0.00646161 0.013487 0.00751555 -0.00646161 0.0134142 0.00751555 -0.00718198 0.0134142 0.00701555 -0.00718198 0.0132765 0.00751555 -0.00790178 0.0133269 0.00751555 -0.00432186 0.0131534 0.00701555 -0.0036343 0.0133269 0.00701555 -0.00432186 0.013496 0.00751555 -0.0057395 0.0134421 0.00751555 -0.00502599 0.0134421 0.00701555 -0.00502599 0.012925 0.00701555 -0.00296611 0.0131534 0.00751555 -0.0036343 0.012925 0.00751555 -0.00296611 0.0126445 0.00701555 -0.00232086 0.0126445 0.00751555 -0.00232086 0.0123188 0.00701555 -0.00170286 0.0119483 0.00701555 -0.00111251 0.0123188 0.00751555 -0.00170286 0.0119483 0.00751555 -0.00111251 0.0118308 0.00701555 -0.00200653 0.0119483 0.00701555 -0.00111251 0.0119483 0.00751555 -0.00111251 0.0110889 0.00701555 -0.00458601 0.0114011 0.00701555 -0.00374328 0.0114011 0.00751555 -0.00374328 0.0116484 0.00701555 -0.00288345 0.0118308 0.00751555 -0.00200653 0.0116484 0.00751555 -0.00288345 0.0102808 0.00751555 -0.00618851 0.00978844 0.00701555 -0.00694158 0.0102808 0.00701555 -0.00618851 0.0110889 0.00751555 -0.00458601 0.0107148 0.00751555 -0.00540289 0.0107148 0.00701555 -0.00540289 0.00924271 0.00751555 -0.00765284 0.00864273 0.00751555 -0.00832484 0.00864273 0.00701555 -0.00832484 0.00924271 0.00701555 -0.00765284 0.00978844 0.00751555 -0.00694158 0.00799756 0.00751555 -0.00894615 0.00799756 0.00701555 -0.00894615 0.00730335 0.00701555 -0.00952161 0.00730335 0.00751555 -0.00952161 0.0106866 0.00701555 -0.0124144 0.0112072 0.00701555 -0.0118533 0.0086667 0.00701555 -0.0113789 0.00808028 0.00701555 -0.014386 0.00737175 0.00701555 -0.0144236 0.00720527 0.00701555 -0.0148437 0.00978844 0.00701555 -0.00694158 0.0124915 0.00701555 -0.00998091 0.0102808 0.00701555 -0.00618851 0.0130763 0.00701555 -0.00860942 0.0132765 0.00701555 -0.00790178 0.00853611 0.00701555 -0.0110102 0.0116835 0.00701555 -0.0112591 0.0121137 0.00701555 -0.0106337 0.0087445 0.00701555 -0.0121521 0.0101315 0.00701555 -0.012939 0.00873769 0.00701555 -0.0117628 0.00954579 0.00701555 -0.0134259 0.00868722 0.00701555 -0.0125374 0.0085686 0.00701555 -0.0129095 0.00892941 0.00701555 -0.013875 0.00818649 0.00701555 -0.0135876 0.00839854 0.00701555 -0.0132605 0.00766677 0.00701555 -0.0141683 0.0079407 0.00701555 -0.0138901 0.00673442 0.00701555 -0.014873 0.00630111 0.00701555 -0.0152494 0.00705989 0.00701555 -0.014658 0.00605147 0.00701555 -0.0152501 0.00569787 0.00701555 -0.0154149 0.00639755 0.00701555 -0.0150698 0.00537763 0.00701555 -0.0155991 0.00533795 0.00701555 -0.0155655 0.00497266 0.00701555 -0.0157027 0.0046028 0.00701555 -0.015827 0.00443483 0.00701555 -0.0158928 0.00422917 0.00701555 -0.0159394 0.00347273 0.00701555 -0.0161304 0.0038524 0.00701555 -0.0160404 0.00404009 0.00701555 -0.0159901 0.0128131 0.00701555 -0.00930546 0.00924271 0.00701555 -0.00765284 0.0134142 0.00701555 -0.00718198 0.013487 0.00701555 -0.00646161 0.0107148 0.00701555 -0.00540289 0.0110889 0.00701555 -0.00458601 0.013496 0.00701555 -0.0057395 0.0134421 0.00701555 -0.00502599 0.0133269 0.00701555 -0.00432186 0.0131534 0.00701555 -0.0036343 0.0114011 0.00701555 -0.00374328 0.012925 0.00701555 -0.00296611 0.0116484 0.00701555 -0.00288345 0.0126445 0.00701555 -0.00232086 0.0118308 0.00701555 -0.00200653 0.0123188 0.00701555 -0.00170286 0.00813563 0.00701555 -0.0103422 0.00799756 0.00701555 -0.00894615 0.00788218 0.00701555 -0.0100451 0.00835583 0.00701555 -0.010664 0.00864273 0.00701555 -0.00832484 0.0119483 0.00701555 -0.00111251 0.00730335 0.00701555 -0.00952161 0.00760287 0.00701555 -0.00977207 0.012925 0.00751555 -0.00296611 0.0114011 0.00751555 -0.00374328 0.0116484 0.00751555 -0.00288345 0.00813376 0.00751555 -0.0103421 0.00799756 0.00751555 -0.00894615 0.00864273 0.00751555 -0.00832484 0.0110889 0.00751555 -0.00458601 0.0133269 0.00751555 -0.00432186 0.0131534 0.00751555 -0.0036343 0.0134421 0.00751555 -0.00502599 0.0126445 0.00751555 -0.00232086 0.013496 0.00751555 -0.0057395 0.0118308 0.00751555 -0.00200653 0.013487 0.00751555 -0.00646161 0.0123188 0.00751555 -0.00170286 0.0107148 0.00751555 -0.00540289 0.0119483 0.00751555 -0.00111251 0.0134142 0.00751555 -0.00718198 0.0132765 0.00751555 -0.00790178 0.0102808 0.00751555 -0.00618851 0.0130763 0.00751555 -0.00860942 0.0128131 0.00751555 -0.00930546 0.0124915 0.00751555 -0.00998091 0.00978844 0.00751555 -0.00694158 0.00924271 0.00751555 -0.00765284 0.0116835 0.00751555 -0.0112591 0.0121137 0.00751555 -0.0106337 0.00788055 0.00751555 -0.0100454 0.00853471 0.00751555 -0.0110096 0.00835506 0.00751555 -0.0106637 0.00954579 0.00751555 -0.0134259 0.00868761 0.00751555 -0.0125365 0.00874513 0.00751555 -0.0121505 0.0112072 0.00751555 -0.0118533 0.00866461 0.00751555 -0.0113767 0.00720527 0.00751555 -0.0148437 0.0073729 0.00751555 -0.014424 0.00808028 0.00751555 -0.014386 0.00760287 0.00751555 -0.00977207 0.00730335 0.00751555 -0.00952161 0.00818805 0.00751555 -0.0135875 0.00840111 0.00751555 -0.0132598 0.00892941 0.00751555 -0.013875 0.0056982 0.00751555 -0.0154152 0.00537763 0.00751555 -0.0155991 0.00533809 0.00751555 -0.0155656 0.00443483 0.00751555 -0.0158928 0.00422937 0.00751555 -0.0159395 0.004603 0.00751555 -0.0158271 0.00766793 0.00751555 -0.0141684 0.00794081 0.00751555 -0.01389 0.0101315 0.00751555 -0.012939 0.00873699 0.00751555 -0.0117598 0.0106866 0.00751555 -0.0124144 0.0085707 0.00751555 -0.012908 0.00673467 0.00751555 -0.014873 0.00706063 0.00751555 -0.0146583 0.00639793 0.00751555 -0.01507 0.00630111 0.00751555 -0.0152494 0.00605193 0.00751555 -0.0152503 0.00497276 0.00751555 -0.0157027 0.0040402 0.00751555 -0.0159902 0.00347273 0.00751555 -0.0161304 0.00385244 0.00751555 -0.0160404</float_array>
          <technique_common>
            <accessor count="262" source="#ID61" stride="3">
              <param name="X" type="float"/>
              <param name="Y" type="float"/>
              <param name="Z" type="float"/>
            </accessor>
          </technique_common>
        </source>
        <source id="ID62">
          <float_array count="786" id="ID63">-0.683003 0 0.730416 -0.743336 0 0.668918 -0.743298 0 0.66896 -0.626748 0 0.779222 -0.683099 0 0.730326 -0.626872 0 0.779122 -0.574782 0 0.818307 -0.526897 0 0.849929 -0.57489 0 0.818231 -0.482683 0 0.875795 -0.526964 0 0.849887 -0.482762 0 0.875752 -0.441756 0 0.897135 -0.403708 0 0.914888 -0.441842 0 0.897093 -0.368146 0 0.929768 -0.403765 0 0.914863 -0.368169 0 0.929759 -0.3347 0 0.942325 -0.303105 0 0.952957 -0.334734 0 0.942312 -0.273119 0 0.96198 -0.303172 0 0.952936 -0.273156 0 0.96197 -0.24451 0 0.969647 -0.217073 0 0.976155 -0.244503 0 0.969649 -0.217073 0 0.976155 -0.806512 0 0.591218 -0.869799 0 0.493405 -0.806451 0 0.591302 -0.928109 0 0.372307 -0.869824 0 0.493362 -0.928234 0 0.371998 -0.97374 0 0.227662 -0.997854 0 0.0654733 -0.973789 0 0.227452 -0.99475 0 -0.102339 -0.997882 0 0.0650463 -0.994665 0 -0.103161 -0.965135 0 -0.261753 -0.91581 0 -0.401611 -0.965001 0 -0.262248 -0.855743 0 -0.517401 -0.915783 0 -0.401673 -0.855731 0 -0.517422 -0.792097 0 -0.610395 -0.729405 0 -0.684083 -0.792123 0 -0.610362 -0.669998 0 -0.742362 -0.729476 0 -0.684006 -0.669996 0 -0.742364 -0.614739 0 -0.788731 -0.614739 0 -0.788731 0.381986 0 -0.924168 0.436683 0 -0.899615 0.381986 0 -0.924168 0.436683 0 -0.899615 0.48981 0 -0.871829 0.541176 0 -0.840909 0.48981 0 -0.871829 0.541176 0 -0.840909 0.325917 0 -0.945399 0.268676 0 -0.963231 0.325917 0 -0.945399 0.268676 0 -0.963231 0.210468 0 -0.977601 0.210468 0 -0.977601 0.616959 0 -0.786995 0.565652 0 -0.824644 0.565652 0 -0.824644 0.763696 0 -0.645576 0.716425 0 -0.697664 0.716425 0 -0.697664 0.667351 0 -0.744744 0.616959 0 -0.786995 0.667351 0 -0.744744 0.850465 0 -0.526032 0.8886 0 -0.458683 0.850465 0 -0.526032 0.763696 0 -0.645576 0.808593 0 -0.588369 0.808593 0 -0.588369 0.950664 0 -0.310222 0.950664 0 -0.310222 0.973145 0 -0.230193 0.922249 0 -0.386597 0.8886 0 -0.458683 0.922249 0 -0.386597 0.999736 0 0.0229979 0.998041 0 -0.062569 0.998041 0 -0.062569 0.989089 0 -0.147322 0.989089 0 -0.147321 0.973145 0 -0.230193 0.981369 0 0.192133 0.961847 0 0.273589 0.981369 0 0.192133 0.999736 0 0.0229979 0.994122 0 0.108264 0.994122 0 0.108264 0.936096 0 0.351745 0.961847 0 0.273589 0.936096 0 0.351745 0.904778 0 0.425884 0.904778 0 0.425884 0.868625 0 0.495469 0.828391 0 0.56015 0.868625 0 0.49547 0.828391 0 0.56015 -0.985968 0 0.166934 -0.995693 0 0.0927088 -0.995693 0 0.0927088 -0.924013 0 0.38236 -0.950028 0 0.312166 -0.950028 0 0.312166 -0.970718 0 0.240223 -0.985968 0 0.166934 -0.970718 0 0.240223 -0.856626 0 0.515938 -0.81563 0 0.578574 -0.856626 0 0.515938 -0.924013 0 0.38236 -0.892821 0 0.450411 -0.892821 0 0.450411 -0.770063 0 0.637967 -0.720182 0 0.693786 -0.720182 0 0.693786 -0.770063 0 0.637967 -0.81563 0 0.578574 -0.666264 0 0.745716 -0.666264 0 0.745716 -0.608612 0 0.793468 -0.608612 0 0.793468 0 -1 0 0 -1 0 0 -1 0 0 -1 0 0 -1 0 0 -1 0 0 -1 0 0 -1 0 0 -1 0 0 -1 0 0 -1 0 0 -1 0 0 -1 0 0 -1 0 0 -1 0 0 -1 0 0 -1 0 0 -1 0 0 -1 0 0 -1 0 0 -1 0 0 -1 0 0 -1 0 0 -1 0 0 -1 0 0 -1 0 0 -1 0 0 -1 0 0 -1 0 0 -1 0 0 -1 0 0 -1 0 0 -1 0 0 -1 0 0 -1 0 0 -1 0 0 -1 0 0 -1 0 0 -1 0 0 -1 0 0 -1 0 0 -1 0 0 -1 0 0 -1 0 0 -1 0 0 -1 0 0 -1 0 0 -1 0 0 -1 0 0 -1 0 0 -1 0 0 -1 0 0 -1 0 0 -1 0 0 -1 0 0 -1 0 0 -1 0 0 -1 0 0 -1 0 0 -1 0 0 -1 0 0 -1 0 0 -1 0 0 -1 0 0 1 0 0 1 0 0 1 0 0 1 0 0 1 0 0 1 0 0 1 0 0 1 0 0 1 0 0 1 0 0 1 0 0 1 0 0 1 0 0 1 0 0 1 0 0 1 0 0 1 0 0 1 0 0 1 0 0 1 0 0 1 0 0 1 0 0 1 0 0 1 0 0 1 0 0 1 0 0 1 0 0 1 0 0 1 0 0 1 0 0 1 0 0 1 0 0 1 0 0 1 0 0 1 0 0 1 0 0 1 0 0 1 0 0 1 0 0 1 0 0 1 0 0 1 0 0 1 0 0 1 0 0 1 0 0 1 0 0 1 0 0 1 0 0 1 0 0 1 0 0 1 0 0 1 0 0 1 0 0 1 0 0 1 0 0 1 0 0 1 0 0 1 0 0 1 0 0 1 0 0 1 0 0 1 0 0 1 0 0 1 0</float_array>
          <technique_common>
            <accessor count="262" source="#ID63" stride="3">
              <param name="X" type="float"/>
              <param name="Y" type="float"/>
              <param name="Z" type="float"/>
            </accessor>
          </technique_common>
        </source>
        <vertices id="ID64">
          <input semantic="POSITION" source="#ID60"/>
          <input semantic="NORMAL" source="#ID62"/>
        </vertices>
        <triangles count="248" material="ID65">
          <input offset="0" semantic="VERTEX" source="#ID64"/>
          <p>0 1 2 0 3 4 4 1 0 5 3 6 3 5 4 7 8 6 5 6 8 7 9 10 10 8 7 11 9 12 9 11 10 13 14 12 11 12 14 13 15 16 16 14 13 17 15 18 15 17 16 19 20 18 17 18 20 19 21 22 22 20 19 23 21 24 21 23 22 25 26 24 23 24 26 27 26 25 28 2 1 29 30 28 2 28 30 29 31 32 32 30 29 33 31 34 31 33 32 35 36 34 33 34 36 35 37 38 38 36 35 39 37 40 37 39 38 41 42 40 39 40 42 41 43 44 44 42 41 45 43 46 43 45 44 47 48 46 45 46 48 47 49 50 50 48 47 51 49 52 49 51 50 51 52 53 54 55 56 57 55 58 55 57 56 59 60 58 57 58 60 61 60 59 62 54 56 62 63 64 64 54 62 65 63 66 63 65 64 65 66 67 68 69 70 71 72 73 74 75 76 77 78 79 80 81 82 83 84 85 86 87 88 89 90 91 92 93 94 95 96 97 98 99 100 101 96 102 95 102 96 101 103 104 103 101 102 105 106 104 104 103 105 107 106 108 105 108 106 109 107 108 100 99 97 99 95 97 98 89 91 98 100 89 90 93 92 91 90 92 85 84 94 93 85 94 86 88 83 83 88 84 77 87 78 78 87 86 81 79 82 81 77 79 80 71 73 80 82 71 72 74 76 73 72 76 68 70 75 74 68 75 110 111 112 113 114 115 116 117 118 119 120 121 122 123 124 125 126 127 128 129 125 130 131 126 127 126 131 132 130 133 130 132 131 120 129 128 128 125 127 123 119 121 119 129 120 122 124 113 123 121 124 115 114 118 122 113 115 116 110 117 114 116 118 112 117 110 134 135 136 137 138 139 140 141 142 142 143 144 135 145 136 146 147 140 148 149 150 134 150 149 149 148 151 151 148 152 151 153 154 153 151 152 154 155 137 155 154 156 138 137 157 157 137 158 159 160 139 139 161 159 162 163 160 164 160 159 165 166 167 165 160 163 168 169 165 165 167 168 168 170 169 171 172 173 169 170 173 163 166 165 138 161 139 164 162 160 155 158 137 150 134 136 156 154 153 143 142 174 175 146 140 176 177 178 178 142 144 177 179 178 180 179 177 179 181 182 180 181 179 183 184 182 179 182 184 184 183 185 186 185 187 185 186 184 135 175 145 186 187 188 189 188 187 190 191 192 193 145 194 189 195 188 144 176 178 147 141 140 141 174 142 175 135 146 194 145 175 194 191 190 194 190 193 196 197 191 192 191 197 198 199 200 201 202 203 204 199 205 199 206 205 207 204 205 198 206 199 208 198 200 204 207 209 200 210 208 211 204 209 212 208 210 213 204 211 212 210 214 213 211 215 213 216 217 215 216 213 217 218 219 217 216 218 220 221 217 222 221 223 220 224 221 202 201 225 203 226 227 228 229 230 226 231 232 233 234 235 217 219 220 221 224 223 222 223 231 203 222 226 202 236 237 238 239 240 241 242 243 244 245 246 235 247 248 249 250 251 227 201 203 202 225 236 231 226 222 232 251 250 232 231 251 249 228 230 250 249 230 240 252 228 229 228 252 240 239 252 235 248 238 240 235 238 253 254 233 247 235 234 233 254 234 255 253 256 233 256 253 241 256 242 256 241 257 256 257 255 242 244 246 242 246 258 242 258 243 259 245 244 260 259 261</p>
        </triangles>
      </mesh>
    </geometry>
    <geometry id="ID67">
      <mesh>
        <source id="ID68">
          <float_array count="642" id="ID69">-0.0126434 0.00701555 -0.00232 -0.0119483 0.00751555 -0.00111251 -0.0119483 0.00701555 -0.00111251 -0.0134867 0.00701555 -0.00645792 -0.0134409 0.00751555 -0.00502299 -0.0134409 0.00701555 -0.00502299 -0.0131518 0.00701555 -0.00363234 -0.0131518 0.00751555 -0.00363234 -0.0126434 0.00751555 -0.00232 -0.0128151 0.00751555 -0.0093021 -0.0128151 0.00701555 -0.0093021 -0.0121162 0.00701555 -0.0106313 -0.0134867 0.00751555 -0.00645792 -0.0132774 0.00701555 -0.00789796 -0.0132774 0.00751555 -0.00789796 -0.0112095 0.00751555 -0.0118519 -0.0112095 0.00701555 -0.0118519 -0.010133 0.00701555 -0.0129385 -0.0121162 0.00751555 -0.0106313 -0.00892941 0.00701555 -0.013875 -0.010133 0.00751555 -0.0129385 -0.00892941 0.00751555 -0.013875 -0.00537763 0.00701555 -0.0155991 -0.00537763 0.00751555 -0.0155991 -0.00720527 0.00701555 -0.0148437 -0.00347273 0.00751555 -0.0161304 -0.00347273 0.00701555 -0.0161304 -0.00720527 0.00751555 -0.0148437 -0.00892941 0.00701555 -0.013875 -0.00892941 0.00751555 -0.013875 -0.00818662 0.00751555 -0.0135876 -0.00794002 0.00751555 -0.0138899 -0.00794002 0.00701555 -0.0138899 -0.00818662 0.00701555 -0.0135876 -0.00839944 0.00751555 -0.0132604 -0.00839944 0.00701555 -0.0132604 -0.00856921 0.00751555 -0.0129092 -0.00868655 0.00751555 -0.0125377 -0.00856921 0.00701555 -0.0129092 -0.00868655 0.00701555 -0.0125377 -0.00874452 0.00751555 -0.0121523 -0.00874452 0.00701555 -0.0121523 -0.00873785 0.00751555 -0.011762 -0.00866635 0.00751555 -0.0113779 -0.00873785 0.00701555 -0.011762 -0.00866635 0.00701555 -0.0113779 -0.00853592 0.00751555 -0.0110099 -0.00853592 0.00701555 -0.0110099 -0.00835646 0.00751555 -0.010664 -0.00813567 0.00751555 -0.010342 -0.00835646 0.00701555 -0.010664 -0.00813567 0.00701555 -0.010342 -0.00788206 0.00751555 -0.010045 -0.00788206 0.00701555 -0.010045 -0.0076028 0.00751555 -0.00977203 -0.00730335 0.00751555 -0.00952161 -0.0076028 0.00701555 -0.00977203 -0.00730335 0.00701555 -0.00952161 -0.00766664 0.00701555 -0.0141681 -0.00737198 0.00701555 -0.0144236 -0.00766664 0.00751555 -0.0141681 -0.00737198 0.00751555 -0.0144236 -0.0070601 0.00701555 -0.014658 -0.0070601 0.00751555 -0.014658 -0.00673429 0.00701555 -0.0148728 -0.00639742 0.00701555 -0.0150696 -0.00673429 0.00751555 -0.0148728 -0.00639742 0.00751555 -0.0150696 -0.00605147 0.00701555 -0.01525 -0.00605147 0.00751555 -0.01525 -0.00569793 0.00701555 -0.015415 -0.00533797 0.00701555 -0.0155655 -0.00569793 0.00751555 -0.015415 -0.00533797 0.00751555 -0.0155655 -0.0049726 0.00701555 -0.0157025 -0.0049726 0.00751555 -0.0157025 -0.00460275 0.00701555 -0.0158268 -0.00422917 0.00701555 -0.0159393 -0.00460275 0.00751555 -0.0158268 -0.00422917 0.00751555 -0.0159393 -0.00385241 0.00701555 -0.0160405 -0.00385241 0.00751555 -0.0160405 -0.00347273 0.00701555 -0.0161304 -0.00347273 0.00751555 -0.0161304 -0.00730335 0.00751555 -0.00952161 -0.00762131 0.00701555 -0.00926907 -0.00762131 0.00751555 -0.00926907 -0.00730335 0.00701555 -0.00952161 -0.00790389 0.00701555 -0.00914274 -0.00762131 0.00751555 -0.00926907 -0.00762131 0.00701555 -0.00926907 -0.00857658 0.00701555 -0.0085149 -0.00838812 0.00751555 -0.00876045 -0.00838812 0.00701555 -0.00876045 -0.00816184 0.00701555 -0.00897165 -0.00816184 0.00751555 -0.00897165 -0.00790389 0.00751555 -0.00914274 -0.00872207 0.00701555 -0.0082417 -0.00872207 0.00751555 -0.0082417 -0.00857658 0.00751555 -0.0085149 -0.00973789 0.00701555 -0.00701231 -0.00872207 0.00751555 -0.0082417 -0.00872207 0.00701555 -0.0082417 -0.0116952 0.00701555 -0.00268706 -0.0112357 0.00751555 -0.00421372 -0.0112357 0.00701555 -0.00421372 -0.0105783 0.00701555 -0.00566518 -0.0105783 0.00751555 -0.00566518 -0.00973789 0.00751555 -0.00701231 -0.0119483 0.00701555 -0.00111251 -0.0119483 0.00751555 -0.00111251 -0.0116952 0.00751555 -0.00268706 -0.00839944 0.00701555 -0.0132604 -0.00892941 0.00701555 -0.013875 -0.00856921 0.00701555 -0.0129092 -0.00813567 0.00701555 -0.010342 -0.00816184 0.00701555 -0.00897165 -0.00788206 0.00701555 -0.010045 -0.00838812 0.00701555 -0.00876045 -0.00835646 0.00701555 -0.010664 -0.00857658 0.00701555 -0.0085149 -0.010133 0.00701555 -0.0129385 -0.00866635 0.00701555 -0.0113779 -0.00873785 0.00701555 -0.011762 -0.0112095 0.00701555 -0.0118519 -0.00874452 0.00701555 -0.0121523 -0.00868655 0.00701555 -0.0125377 -0.00766664 0.00701555 -0.0141681 -0.00794002 0.00701555 -0.0138899 -0.00537763 0.00701555 -0.0155991 -0.00569793 0.00701555 -0.015415 -0.00533797 0.00701555 -0.0155655 -0.00673429 0.00701555 -0.0148728 -0.00720527 0.00701555 -0.0148437 -0.0070601 0.00701555 -0.014658 -0.0049726 0.00701555 -0.0157025 -0.00480541 0.00701555 -0.0157587 -0.00385241 0.00701555 -0.0160405 -0.00347273 0.00701555 -0.0161304 -0.00422917 0.00701555 -0.0159393 -0.00790389 0.00701555 -0.00914274 -0.00460275 0.00701555 -0.0158268 -0.00605147 0.00701555 -0.01525 -0.00639742 0.00701555 -0.0150696 -0.00737198 0.00701555 -0.0144236 -0.00818662 0.00701555 -0.0135876 -0.00853592 0.00701555 -0.0110099 -0.0076028 0.00701555 -0.00977203 -0.00872207 0.00701555 -0.0082417 -0.00973789 0.00701555 -0.00701231 -0.00762131 0.00701555 -0.00926907 -0.0121162 0.00701555 -0.0106313 -0.0128151 0.00701555 -0.0093021 -0.0132774 0.00701555 -0.00789796 -0.0105783 0.00701555 -0.00566518 -0.00730335 0.00701555 -0.00952161 -0.0134867 0.00701555 -0.00645792 -0.0116952 0.00701555 -0.00268706 -0.0112357 0.00701555 -0.00421372 -0.0131518 0.00701555 -0.00363234 -0.0134409 0.00701555 -0.00502299 -0.0119483 0.00701555 -0.00111251 -0.0126434 0.00701555 -0.00232 -0.00892941 0.00751555 -0.013875 -0.00856921 0.00751555 -0.0129092 -0.00868655 0.00751555 -0.0125377 -0.00537763 0.00751555 -0.0155991 -0.00480541 0.00751555 -0.0157587 -0.0049726 0.00751555 -0.0157025 -0.00766664 0.00751555 -0.0141681 -0.00720527 0.00751555 -0.0148437 -0.00737198 0.00751555 -0.0144236 -0.00385241 0.00751555 -0.0160405 -0.00347273 0.00751555 -0.0161304 -0.00422917 0.00751555 -0.0159393 -0.00605147 0.00751555 -0.01525 -0.00569793 0.00751555 -0.015415 -0.00460275 0.00751555 -0.0158268 -0.00533797 0.00751555 -0.0155655 -0.00639742 0.00751555 -0.0150696 -0.00673429 0.00751555 -0.0148728 -0.0070601 0.00751555 -0.014658 -0.00872207 0.00751555 -0.0082417 -0.00853592 0.00751555 -0.0110099 -0.00857658 0.00751555 -0.0085149 -0.00794002 0.00751555 -0.0138899 -0.00839944 0.00751555 -0.0132604 -0.00818662 0.00751555 -0.0135876 -0.00874452 0.00751555 -0.0121523 -0.010133 0.00751555 -0.0129385 -0.0112095 0.00751555 -0.0118519 -0.00973789 0.00751555 -0.00701231 -0.0121162 0.00751555 -0.0106313 -0.0105783 0.00751555 -0.00566518 -0.0132774 0.00751555 -0.00789796 -0.0128151 0.00751555 -0.0093021 -0.00816184 0.00751555 -0.00897165 -0.00838812 0.00751555 -0.00876045 -0.00813567 0.00751555 -0.010342 -0.00835646 0.00751555 -0.010664 -0.00788206 0.00751555 -0.010045 -0.00790389 0.00751555 -0.00914274 -0.00730335 0.00751555 -0.00952161 -0.00762131 0.00751555 -0.00926907 -0.0076028 0.00751555 -0.00977203 -0.0112357 0.00751555 -0.00421372 -0.0134867 0.00751555 -0.00645792 -0.0116952 0.00751555 -0.00268706 -0.0131518 0.00751555 -0.00363234 -0.0134409 0.00751555 -0.00502299 -0.0126434 0.00751555 -0.00232 -0.0119483 0.00751555 -0.00111251 -0.00866635 0.00751555 -0.0113779 -0.00873785 0.00751555 -0.011762</float_array>
          <technique_common>
            <accessor count="214" source="#ID69" stride="3">
              <param name="X" type="float"/>
              <param name="Y" type="float"/>
              <param name="Z" type="float"/>
            </accessor>
          </technique_common>
        </source>
        <source id="ID70">
          <float_array count="642" id="ID71">-0.904778 0 0.425884 -0.828391 0 0.56015 -0.828391 0 0.56015 -0.998041 0 -0.0625689 -0.994122 0 0.108264 -0.994122 0 0.108264 -0.961847 0 0.273589 -0.961847 0 0.273589 -0.904778 0 0.425884 -0.922249 0 -0.386597 -0.922249 0 -0.386597 -0.850465 0 -0.526032 -0.998041 0 -0.0625689 -0.973145 0 -0.230193 -0.973145 0 -0.230193 -0.763696 0 -0.645576 -0.763696 0 -0.645576 -0.667351 0 -0.744744 -0.850465 0 -0.526032 -0.565652 0 -0.824644 -0.66735 0 -0.744744 -0.565652 0 -0.824644 -0.325917 0 -0.945399 -0.325917 0 -0.945399 -0.436683 0 -0.899615 -0.210469 0 -0.977601 -0.210469 0 -0.977601 -0.436683 0 -0.899615 -0.541176 0 -0.840909 -0.541176 0 -0.840909 0.806512 0 0.591218 0.743336 0 0.668918 0.743298 0 0.66896 0.806451 0 0.591301 0.869799 0 0.493405 0.869824 0 0.493362 0.928109 0 0.372308 0.97374 0 0.227662 0.928234 0 0.371998 0.973789 0 0.227452 0.997854 0 0.0654735 0.997882 0 0.0650463 0.99475 0 -0.102339 0.965135 0 -0.261753 0.994665 0 -0.103161 0.965001 0 -0.262248 0.915811 0 -0.401611 0.915783 0 -0.401673 0.855743 0 -0.517401 0.792097 0 -0.610395 0.855731 0 -0.517422 0.792123 0 -0.610362 0.729405 0 -0.684083 0.729476 0 -0.684006 0.669998 0 -0.742363 0.614739 0 -0.788731 0.669996 0 -0.742364 0.614739 0 -0.788731 0.683003 0 0.730416 0.626748 0 0.779222 0.683099 0 0.730326 0.626872 0 0.779122 0.574781 0 0.818307 0.57489 0 0.818231 0.526897 0 0.849929 0.482683 0 0.875795 0.526964 0 0.849887 0.482762 0 0.875752 0.441756 0 0.897135 0.441842 0 0.897093 0.403708 0 0.914888 0.368146 0 0.929768 0.403765 0 0.914863 0.36817 0 0.929759 0.3347 0 0.942325 0.334734 0 0.942312 0.303105 0 0.952957 0.273119 0 0.96198 0.303173 0 0.952936 0.273156 0 0.96197 0.24451 0 0.969647 0.244503 0 0.969649 0.217073 0 0.976155 0.217073 0 0.976155 0.608612 0 0.793468 0.635109 0 0.772422 0.635109 0 0.772422 0.608612 0 0.793468 0.482076 0 0.876129 0.331367 0 0.943502 0.331367 0 0.943502 0.840841 0 0.541282 0.740332 0 0.672241 0.740332 0 0.672241 0.619648 0 0.78488 0.619648 0 0.78488 0.482076 0 0.876129 0.918435 0 0.395572 0.918435 0 0.395572 0.840841 0 0.541282 0.811408 0 0.58448 0.726839 0 0.686808 0.726839 0 0.686808 0.97464 0 0.22378 0.93641 0 0.350908 0.93641 0 0.350908 0.881678 0 0.471852 0.881678 0 0.471852 0.811408 0 0.58448 0.995693 0 0.0927088 0.995693 0 0.0927088 0.97464 0 0.22378 0 -1 0 0 -1 0 0 -1 0 0 -1 0 0 -1 0 0 -1 0 0 -1 0 0 -1 0 0 -1 0 0 -1 0 0 -1 0 0 -1 0 0 -1 0 0 -1 0 0 -1 0 0 -1 0 0 -1 0 0 -1 0 0 -1 0 0 -1 0 0 -1 0 0 -1 0 0 -1 0 0 -1 0 0 -1 0 0 -1 0 0 -1 0 0 -1 0 0 -1 0 0 -1 0 0 -1 0 0 -1 0 0 -1 0 0 -1 0 0 -1 0 0 -1 0 0 -1 0 0 -1 0 0 -1 0 0 -1 0 0 -1 0 0 -1 0 0 -1 0 0 -1 0 0 -1 0 0 -1 0 0 -1 0 0 -1 0 0 -1 0 0 -1 0 0 -1 0 0 1 0 0 1 0 0 1 0 0 1 0 0 1 0 0 1 0 0 1 0 0 1 0 0 1 0 0 1 0 0 1 0 0 1 0 0 1 0 0 1 0 0 1 0 0 1 0 0 1 0 0 1 0 0 1 0 0 1 0 0 1 0 0 1 0 0 1 0 0 1 0 0 1 0 0 1 0 0 1 0 0 1 0 0 1 0 0 1 0 0 1 0 0 1 0 0 1 0 0 1 0 0 1 0 0 1 0 0 1 0 0 1 0 0 1 0 0 1 0 0 1 0 0 1 0 0 1 0 0 1 0 0 1 0 0 1 0 0 1 0 0 1 0 0 1 0 0 1 0 0 1 0</float_array>
          <technique_common>
            <accessor count="214" source="#ID71" stride="3">
              <param name="X" type="float"/>
              <param name="Y" type="float"/>
              <param name="Z" type="float"/>
            </accessor>
          </technique_common>
        </source>
        <vertices id="ID72">
          <input semantic="POSITION" source="#ID68"/>
          <input semantic="NORMAL" source="#ID70"/>
        </vertices>
        <triangles count="196" material="ID65">
          <input offset="0" semantic="VERTEX" source="#ID72"/>
          <p>0 2 1 3 5 4 6 8 7 9 11 10 12 14 13 15 17 16 16 18 15 19 17 20 15 20 17 21 19 20 18 11 9 11 18 16 14 10 13 14 9 10 12 3 4 12 13 3 5 6 7 4 5 7 0 1 8 6 0 8 22 24 23 25 26 22 22 23 25 23 24 27 24 28 27 27 28 29 30 32 31 30 34 33 33 32 30 35 34 36 34 35 33 37 38 36 35 36 38 37 40 39 39 38 37 41 40 42 40 41 39 43 44 42 41 42 44 43 46 45 45 44 43 47 46 48 46 47 45 49 50 48 47 48 50 49 52 51 51 50 49 53 52 54 52 53 51 55 56 54 53 54 56 57 56 55 58 31 32 59 60 58 31 58 60 59 62 61 61 60 59 63 62 64 62 63 61 65 66 64 63 64 66 65 68 67 67 66 65 69 68 70 68 69 67 71 72 70 69 70 72 71 74 73 73 72 71 75 74 76 74 75 73 77 78 76 75 76 78 77 80 79 79 78 77 81 80 82 80 81 79 81 82 83 84 86 85 85 87 84 88 90 89 91 93 92 94 96 95 97 99 98 99 97 91 92 93 95 99 91 92 94 88 96 93 94 95 89 96 88 100 102 101 103 105 104 106 108 107 109 111 110 111 109 103 104 105 107 111 103 104 106 100 108 105 106 107 101 108 100 112 114 113 115 117 116 116 118 115 119 115 118 119 118 120 121 123 122 121 122 124 125 121 126 127 128 113 129 131 130 132 134 133 129 136 135 137 138 136 136 139 137 116 117 140 136 141 139 130 142 129 129 135 131 129 142 133 132 133 143 133 142 143 134 144 133 113 133 127 144 127 133 128 145 113 126 113 114 145 112 113 123 121 125 126 121 113 146 124 122 119 120 146 117 147 140 148 149 124 147 150 140 149 152 151 153 152 154 147 155 150 146 148 124 120 148 146 124 149 151 152 149 154 156 153 154 157 159 158 156 158 160 158 156 154 160 158 159 161 162 157 159 157 162 163 165 164 166 168 167 169 171 170 172 167 173 167 172 174 175 176 166 167 174 177 166 176 178 166 178 168 170 179 175 166 170 175 170 181 180 179 170 180 181 170 171 182 184 183 185 169 163 170 163 169 186 187 163 163 187 185 188 165 189 163 164 186 190 192 191 193 195 194 196 198 197 199 197 198 198 196 200 196 201 200 202 204 203 204 200 201 199 184 197 204 201 203 183 190 182 183 184 199 195 193 191 193 206 205 207 205 208 206 193 194 205 209 208 210 207 208 206 209 205 207 210 211 190 191 182 195 191 192 189 190 212 190 183 212 213 188 189 213 189 212 189 165 163</p>
        </triangles>
      </mesh>
    </geometry>
    <geometry id="ID74">
      <mesh>
        <source id="ID75">
          <float_array count="1374" id="ID76">0.00795607 0.00701555 0.0023985 0.00870614 0.00751555 0.00279562 0.00870614 0.00701555 0.00279562 0.00546157 0.00701555 0.00202908 0.00631006 0.00751555 0.00200962 0.00631006 0.00701555 0.00200962 0.00714963 0.00701555 0.00213396 0.00714963 0.00751555 0.00213396 0.00795607 0.00751555 0.0023985 0.00383512 0.00751555 0.00249297 0.00383512 0.00701555 0.00249297 0.00310403 0.00701555 0.00292405 0.00546157 0.00751555 0.00202908 0.00462859 0.00701555 0.00219175 0.00462859 0.00751555 0.00219175 0.00191083 0.00701555 0.00412273 0.0014831 0.00701555 0.00485579 0.00191083 0.00751555 0.00412273 0.00245638 0.00701555 0.00347257 0.00245638 0.00751555 0.00347257 0.00310403 0.00751555 0.00292405 0.0010111 0.00701555 0.00733293 0.00102666 0.00751555 0.00648435 0.00102666 0.00701555 0.00648435 0.00118552 0.00751555 0.00565063 0.0014831 0.00751555 0.00485579 0.00118552 0.00701555 0.00565063 0.00140751 0.00751555 0.00897713 0.00113928 0.00751555 0.00817191 0.00140751 0.00701555 0.00897713 0.0010111 0.00751555 0.00733293 0.00113928 0.00701555 0.00817191 0.00180807 0.00701555 0.00972538 0.00180807 0.00751555 0.00972538 0.0023294 0.00701555 0.0103951 0.0023294 0.00751555 0.0103951 0.0029565 0.00751555 0.010967 0.0029565 0.00701555 0.010967 0.00367129 0.00701555 0.0114246 0.00367129 0.00751555 0.0114246 -0.0101523 0.00751555 0.00639778 -0.0101523 0.00701555 0.00639778 -0.0107913 0.00751555 0.005248 -0.0107913 0.00701555 0.005248 -0.0113024 0.00751555 0.00403163 -0.0116772 0.00751555 0.00276453 -0.0113024 0.00701555 0.00403163 -0.0116772 0.00701555 0.00276453 -0.0119094 0.00751555 0.00146976 -0.0119094 0.00701555 0.00146976 -0.0119989 0.00751555 0.000153427 -0.0119431 0.00751555 -0.00116678 -0.0119989 0.00701555 0.000153427 -0.0119431 0.00701555 -0.00116678 -0.0117434 0.00751555 -0.00246695 -0.0117434 0.00701555 -0.00246695 -0.0114017 0.00751555 -0.00374132 -0.0109214 0.00751555 -0.00497229 -0.0114017 0.00701555 -0.00374132 -0.0109214 0.00701555 -0.00497229 -0.0103113 0.00751555 -0.00613768 -0.0103113 0.00701555 -0.00613768 -0.00957526 0.00751555 -0.00723268 -0.00872207 0.00751555 -0.0082417 -0.00957526 0.00701555 -0.00723268 -0.00872207 0.00701555 -0.0082417 -0.0093872 0.00701555 0.00747515 -0.0093872 0.00751555 0.00747515 -0.0085097 0.00701555 0.00846041 -0.0085097 0.00751555 0.00846041 -0.0075327 0.00701555 0.00934122 -0.00645992 0.00701555 0.0101127 -0.0075327 0.00751555 0.00934122 -0.00645992 0.00751555 0.0101127 -0.00531059 0.00701555 0.0107606 -0.00531059 0.00751555 0.0107606 -0.00410097 0.00701555 0.0112775 -0.00283614 0.00701555 0.0116599 -0.00410097 0.00751555 0.0112775 -0.00283614 0.00751555 0.0116599 -0.00153891 0.00701555 0.0119006 -0.00153891 0.00751555 0.0119006 -0.000227082 0.00701555 0.0119979 0.00109343 0.00701555 0.01195 -0.000227082 0.00751555 0.0119979 0.00109343 0.00751555 0.01195 0.00239289 0.00701555 0.0117589 0.00239289 0.00751555 0.0117589 0.00367129 0.00701555 0.0114246 0.00367129 0.00751555 0.0114246 -0.00882296 0.00701555 -0.0079387 -0.00872207 0.00751555 -0.0082417 -0.00872207 0.00701555 -0.0082417 -0.00880434 0.00701555 -0.0069901 -0.0088647 0.00751555 -0.0073037 -0.0088647 0.00701555 -0.0073037 -0.00887096 0.00701555 -0.00762298 -0.00887096 0.00751555 -0.00762298 -0.00882296 0.00751555 -0.0079387 -0.00852986 0.00751555 -0.00641596 -0.00852986 0.00701555 -0.00641596 -0.00832371 0.00701555 -0.00617206 -0.00880434 0.00751555 -0.0069901 -0.00869164 0.00701555 -0.0066913 -0.00869164 0.00751555 -0.0066913 -0.0078033 0.00701555 -0.0058058 -0.00750414 0.00701555 -0.00569405 -0.0078033 0.00751555 -0.0058058 -0.00807916 0.00701555 -0.00596669 -0.00807916 0.00751555 -0.00596669 -0.00832371 0.00751555 -0.00617206 -0.00655549 0.00701555 -0.00567845 -0.00687105 0.00751555 -0.00562944 -0.00687105 0.00701555 -0.00562944 -0.00719036 0.00751555 -0.00563469 -0.00750414 0.00751555 -0.00569405 -0.00719036 0.00701555 -0.00563469 -0.00597182 0.00751555 -0.00593205 -0.00597182 0.00701555 -0.00593205 -0.00572065 0.00701555 -0.00612927 -0.00655549 0.00751555 -0.00567845 -0.00625282 0.00701555 -0.00578031 -0.00625282 0.00751555 -0.00578031 -0.00533586 0.00701555 -0.00663614 -0.0052134 0.00701555 -0.00693107 -0.00533586 0.00751555 -0.00663614 -0.0055066 0.00701555 -0.00636626 -0.0055066 0.00751555 -0.00636626 -0.00572065 0.00751555 -0.00612927 -0.00516361 0.00701555 -0.00787855 -0.00512601 0.00751555 -0.00756142 -0.00512601 0.00701555 -0.00756142 -0.00514276 0.00751555 -0.00724251 -0.0052134 0.00751555 -0.00693107 -0.00514276 0.00701555 -0.00724251 -0.005396 0.00751555 -0.00847098 -0.005396 0.00701555 -0.00847098 -0.00558404 0.00701555 -0.00872909 -0.00516361 0.00751555 -0.00787855 -0.00525449 0.00701555 -0.00818469 -0.00525449 0.00751555 -0.00818469 -0.00581315 0.00701555 -0.00895156 -0.00558404 0.00751555 -0.00872909 -0.0060767 0.00701555 -0.00913191 -0.00581315 0.00751555 -0.00895156 -0.0060767 0.00751555 -0.00913191 -0.00636702 0.00701555 -0.00926493 -0.00667572 0.00701555 -0.00934674 -0.00636702 0.00751555 -0.00926493 -0.00699381 0.00701555 -0.00937499 -0.00667572 0.00751555 -0.00934674 -0.00699381 0.00751555 -0.00937499 -0.00731209 0.00701555 -0.00934884 -0.00762131 0.00701555 -0.00926907 -0.00731209 0.00751555 -0.00934884 -0.00762131 0.00751555 -0.00926907 0.00618402 0.00701555 -0.0102837 0.00618402 0.00751555 -0.0102837 0.0049974 0.00701555 -0.0109096 0.00729501 0.00751555 -0.009528 0.00729501 0.00701555 -0.009528 0.00830976 0.00701555 -0.00865684 0.00830976 0.00751555 -0.00865684 0.00922427 0.00701555 -0.00767529 0.00922427 0.00751555 -0.00767529 0.0100246 0.00751555 -0.00659599 0.0100246 0.00701555 -0.00659599 0.0106961 0.00701555 -0.00543938 0.0106961 0.00751555 -0.00543938 0.0112366 0.00701555 -0.00421151 0.0112366 0.00751555 -0.00421151 0.0116371 0.00751555 -0.00292893 0.0116371 0.00701555 -0.00292893 0.0118904 0.00701555 -0.00161575 0.0118904 0.00751555 -0.00161575 0.0119967 0.00701555 -0.000278408 0.0119967 0.00751555 -0.000278408 0.0119527 0.00751555 0.00106454 0.0119527 0.00701555 0.00106454 0.0049974 0.00751555 -0.0109096 0.00375245 0.00751555 -0.0113982 0.00375245 0.00701555 -0.0113982 0.00245462 0.00701555 -0.0117462 0.00245462 0.00751555 -0.0117462 0.00112813 0.00751555 -0.0119466 0.00112813 0.00701555 -0.0119466 -0.000208278 0.00751555 -0.0119982 -0.000208278 0.00701555 -0.0119982 -0.00154832 0.00701555 -0.0118996 -0.00154832 0.00751555 -0.0118996 -0.00286687 0.00751555 -0.0116522 -0.00286687 0.00701555 -0.0116522 -0.0041458 0.00751555 -0.0112611 -0.0041458 0.00701555 -0.0112611 -0.00537871 0.00701555 -0.0107269 -0.00537871 0.00751555 -0.0107269 -0.00653722 0.00751555 -0.0100629 -0.00653722 0.00701555 -0.0100629 -0.00762131 0.00701555 -0.00926907 -0.00762131 0.00751555 -0.00926907 0.0117283 0.00701555 0.000833366 0.0119527 0.00751555 0.00106454 0.0119527 0.00701555 0.00106454 0.0108693 0.00701555 0.000411724 0.0111785 0.00751555 0.000502069 0.0111785 0.00701555 0.000502069 0.0114677 0.00701555 0.000644013 0.0114677 0.00751555 0.000644013 0.0117283 0.00751555 0.000833366 0.0102276 0.00751555 0.000394896 0.0102276 0.00701555 0.000394896 0.00991404 0.00701555 0.00046891 0.0108693 0.00751555 0.000411724 0.0105492 0.00701555 0.000375644 0.0105492 0.00751555 0.000375644 0.00934761 0.00701555 0.000770935 0.00911144 0.00701555 0.00099003 0.00934761 0.00751555 0.000770935 0.00961781 0.00701555 0.000595503 0.00961781 0.00751555 0.000595503 0.00991404 0.00751555 0.00046891 0.00867052 0.00701555 0.00183934 0.00876782 0.00751555 0.00153224 0.00876782 0.00701555 0.00153224 0.00891625 0.00751555 0.00124632 0.00911144 0.00751555 0.00099003 0.00891625 0.00701555 0.00124632 0.00862723 0.00701555 0.00215857 0.00867052 0.00751555 0.00183934 0.00862723 0.00751555 0.00215857 0.00863922 0.00701555 0.0024805 0.00870614 0.00701555 0.00279562 0.00863922 0.00751555 0.0024805 0.00870614 0.00751555 0.00279562 0.00383512 0.00701555 0.00249297 -0.0052134 0.00701555 -0.00693107 -0.00533586 0.00701555 -0.00663614 0.00239289 0.00701555 0.0117589 0.0023294 0.00701555 0.0103951 0.00109343 0.00701555 0.01195 -0.000227082 0.00701555 0.0119979 0.00180807 0.00701555 0.00972538 0.00140751 0.00701555 0.00897713 -0.00872207 0.00701555 -0.0082417 -0.00957526 0.00701555 -0.00723268 -0.00882296 0.00701555 -0.0079387 -0.00655549 0.00701555 -0.00567845 0.0014831 0.00701555 0.00485579 0.00191083 0.00701555 0.00412273 -0.0109214 0.00701555 -0.00497229 -0.00807916 0.00701555 -0.00596669 -0.00832371 0.00701555 -0.00617206 -0.0103113 0.00701555 -0.00613768 -0.00869164 0.00701555 -0.0066913 -0.0113024 0.00701555 0.00403163 -0.0107913 0.00701555 0.005248 -0.0119989 0.00701555 0.000153427 -0.0119094 0.00701555 0.00146976 -0.00687105 0.00701555 -0.00562944 -0.0101523 0.00701555 0.00639778 0.00118552 0.00701555 0.00565063 -0.0075327 0.00701555 0.00934122 0.00102666 0.00701555 0.00648435 -0.0093872 0.00701555 0.00747515 -0.00410097 0.00701555 0.0112775 0.0010111 0.00701555 0.00733293 -0.00531059 0.00701555 0.0107606 -0.00645992 0.00701555 0.0101127 0.00113928 0.00701555 0.00817191 -0.00283614 0.00701555 0.0116599 -0.00153891 0.00701555 0.0119006 0.00367129 0.00701555 0.0114246 0.0029565 0.00701555 0.010967 0.00714963 0.00701555 0.00213396 0.00876782 0.00701555 0.00153224 0.00891625 0.00701555 0.00124632 -0.0085097 0.00701555 0.00846041 -0.0116772 0.00701555 0.00276453 -0.0114017 0.00701555 -0.00374132 -0.0117434 0.00701555 -0.00246695 -0.00750414 0.00701555 -0.00569405 -0.00719036 0.00701555 -0.00563469 -0.0119431 0.00701555 -0.00116678 -0.00852986 0.00701555 -0.00641596 -0.0078033 0.00701555 -0.0058058 -0.0088647 0.00701555 -0.0073037 -0.00880434 0.00701555 -0.0069901 -0.00887096 0.00701555 -0.00762298 -0.00572065 0.00701555 -0.00612927 0.00310403 0.00701555 0.00292405 -0.0055066 0.00701555 -0.00636626 -0.00597182 0.00701555 -0.00593205 0.00245638 0.00701555 0.00347257 -0.00286687 0.00701555 -0.0116522 -0.00525449 0.00701555 -0.00818469 -0.00516361 0.00701555 -0.00787855 -0.00512601 0.00701555 -0.00756142 -0.000208278 0.00701555 -0.0119982 -0.00154832 0.00701555 -0.0118996 -0.00625282 0.00701555 -0.00578031 0.00375245 0.00701555 -0.0113982 0.00245462 0.00701555 -0.0117462 -0.00514276 0.00701555 -0.00724251 -0.00636702 0.00701555 -0.00926493 -0.0060767 0.00701555 -0.00913191 -0.00653722 0.00701555 -0.0100629 -0.0041458 0.00701555 -0.0112611 -0.005396 0.00701555 -0.00847098 0.00112813 0.00701555 -0.0119466 -0.00558404 0.00701555 -0.00872909 -0.00537871 0.00701555 -0.0107269 -0.00581315 0.00701555 -0.00895156 -0.00667572 0.00701555 -0.00934674 -0.00699381 0.00701555 -0.00937499 -0.00731209 0.00701555 -0.00934884 -0.00762131 0.00701555 -0.00926907 0.0049974 0.00701555 -0.0109096 0.00462859 0.00701555 0.00219175 0.00618402 0.00701555 -0.0102837 0.00729501 0.00701555 -0.009528 0.00830976 0.00701555 -0.00865684 0.00546157 0.00701555 0.00202908 0.00922427 0.00701555 -0.00767529 0.0106961 0.00701555 -0.00543938 0.0100246 0.00701555 -0.00659599 0.0112366 0.00701555 -0.00421151 0.00961781 0.00701555 0.000595503 0.0116371 0.00701555 -0.00292893 0.00631006 0.00701555 0.00200962 0.00991404 0.00701555 0.00046891 0.0102276 0.00701555 0.000394896 0.0118904 0.00701555 -0.00161575 0.0111785 0.00701555 0.000502069 0.0119967 0.00701555 -0.000278408 0.0108693 0.00701555 0.000411724 0.0114677 0.00701555 0.000644013 0.0117283 0.00701555 0.000833366 0.0119527 0.00701555 0.00106454 0.00911144 0.00701555 0.00099003 0.00934761 0.00701555 0.000770935 0.0105492 0.00701555 0.000375644 0.00795607 0.00701555 0.0023985 0.00867052 0.00701555 0.00183934 0.00863922 0.00701555 0.0024805 0.00862723 0.00701555 0.00215857 0.00870614 0.00701555 0.00279562 0.00631006 0.00751555 0.00200962 0.0106961 0.00751555 -0.00543938 0.00934761 0.00751555 0.000770935 -0.00572065 0.00751555 -0.00612927 0.00310403 0.00751555 0.00292405 0.00245638 0.00751555 0.00347257 -0.0055066 0.00751555 -0.00636626 0.00191083 0.00751555 0.00412273 0.0014831 0.00751555 0.00485579 -0.00655549 0.00751555 -0.00567845 -0.00597182 0.00751555 -0.00593205 -0.00687105 0.00751555 -0.00562944 -0.0119431 0.00751555 -0.00116678 -0.00719036 0.00751555 -0.00563469 -0.0116772 0.00751555 0.00276453 -0.0119094 0.00751555 0.00146976 -0.00832371 0.00751555 -0.00617206 -0.00807916 0.00751555 -0.00596669 -0.0109214 0.00751555 -0.00497229 -0.0114017 0.00751555 -0.00374132 -0.0078033 0.00751555 -0.0058058 -0.00750414 0.00751555 -0.00569405 -0.00880434 0.00751555 -0.0069901 -0.00869164 0.00751555 -0.0066913 -0.00957526 0.00751555 -0.00723268 -0.00887096 0.00751555 -0.00762298 -0.00882296 0.00751555 -0.0079387 -0.0088647 0.00751555 -0.0073037 -0.00872207 0.00751555 -0.0082417 -0.0103113 0.00751555 -0.00613768 -0.00852986 0.00751555 -0.00641596 -0.0117434 0.00751555 -0.00246695 -0.0119989 0.00751555 0.000153427 0.00383512 0.00751555 0.00249297 0.0049974 0.00751555 -0.0109096 0.00462859 0.00751555 0.00219175 -0.00533586 0.00751555 -0.00663614 -0.0052134 0.00751555 -0.00693107 0.00714963 0.00751555 0.00213396 0.00876782 0.00751555 0.00153224 0.00867052 0.00751555 0.00183934 -0.00625282 0.00751555 -0.00578031 0.00618402 0.00751555 -0.0102837 0.00375245 0.00751555 -0.0113982 0.00830976 0.00751555 -0.00865684 0.00922427 0.00751555 -0.00767529 0.00546157 0.00751555 0.00202908 0.00795607 0.00751555 0.0023985 -0.0060767 0.00751555 -0.00913191 -0.00636702 0.00751555 -0.00926493 -0.00653722 0.00751555 -0.0100629 0.00891625 0.00751555 0.00124632 0.0105492 0.00751555 0.000375644 0.0118904 0.00751555 -0.00161575 0.0108693 0.00751555 0.000411724 -0.00154832 0.00751555 -0.0118996 -0.000208278 0.00751555 -0.0119982 -0.00512601 0.00751555 -0.00756142 0.00112813 0.00751555 -0.0119466 -0.00514276 0.00751555 -0.00724251 -0.00525449 0.00751555 -0.00818469 -0.00286687 0.00751555 -0.0116522 -0.00516361 0.00751555 -0.00787855 -0.0041458 0.00751555 -0.0112611 -0.005396 0.00751555 -0.00847098 -0.00558404 0.00751555 -0.00872909 -0.00581315 0.00751555 -0.00895156 -0.00537871 0.00751555 -0.0107269 -0.00667572 0.00751555 -0.00934674 -0.00699381 0.00751555 -0.00937499 -0.00731209 0.00751555 -0.00934884 -0.00762131 0.00751555 -0.00926907 0.00245462 0.00751555 -0.0117462 0.00729501 0.00751555 -0.009528 0.0112366 0.00751555 -0.00421151 0.00961781 0.00751555 0.000595503 0.0100246 0.00751555 -0.00659599 0.00991404 0.00751555 0.00046891 0.0116371 0.00751555 -0.00292893 0.0119967 0.00751555 -0.000278408 0.0111785 0.00751555 0.000502069 0.0102276 0.00751555 0.000394896 0.0114677 0.00751555 0.000644013 0.0117283 0.00751555 0.000833366 0.0010111 0.00751555 0.00733293 0.00113928 0.00751555 0.00817191 -0.00283614 0.00751555 0.0116599 0.00911144 0.00751555 0.00099003 0.0119527 0.00751555 0.00106454 -0.00531059 0.00751555 0.0107606 -0.00645992 0.00751555 0.0101127 0.00102666 0.00751555 0.00648435 0.00863922 0.00751555 0.0024805 0.00870614 0.00751555 0.00279562 -0.0075327 0.00751555 0.00934122 -0.0085097 0.00751555 0.00846041 0.00118552 0.00751555 0.00565063 0.00862723 0.00751555 0.00215857 -0.00410097 0.00751555 0.0112775 0.00109343 0.00751555 0.01195 0.00180807 0.00751555 0.00972538 0.0023294 0.00751555 0.0103951 -0.00153891 0.00751555 0.0119006 0.00140751 0.00751555 0.00897713 -0.000227082 0.00751555 0.0119979 -0.0101523 0.00751555 0.00639778 -0.0093872 0.00751555 0.00747515 -0.0113024 0.00751555 0.00403163 -0.0107913 0.00751555 0.005248 0.0029565 0.00751555 0.010967 0.00239289 0.00751555 0.0117589 0.00367129 0.00751555 0.0114246</float_array>
          <technique_common>
            <accessor count="458" source="#ID76" stride="3">
              <param name="X" type="float"/>
              <param name="Y" type="float"/>
              <param name="Z" type="float"/>
            </accessor>
          </technique_common>
        </source>
        <source id="ID77">
          <float_array count="1374" id="ID78">-0.391213 0 0.9203 -0.541229 0 0.840875 -0.541229 0 0.840875 0.107686 0 0.994185 -0.0620129 0 0.998075 -0.0620129 0 0.998075 -0.229925 0 0.973208 -0.229925 0 0.973208 -0.391213 0 0.9203 0.432977 0 0.901405 0.432977 0 0.901405 0.579195 0 0.815189 0.107686 0 0.994185 0.274283 0 0.961649 0.274283 0 0.961649 0.817834 0 0.575454 0.903379 0 0.428842 0.817834 0 0.575454 0.708725 0 0.705485 0.708725 0 0.705485 0.579195 0 0.815189 0.997781 0 -0.066585 0.994668 0 0.10313 0.994668 0 0.10313 0.962896 0 0.269874 0.903379 0 0.428842 0.962896 0 0.269874 0.918498 0 -0.395426 0.972145 0 -0.234382 0.918498 0 -0.395426 0.997781 0 -0.066585 0.972145 0 -0.234382 0.838387 0 -0.545076 0.838387 0 -0.545076 0.734119 0 -0.67902 0.734119 0 -0.67902 0.608699 0 -0.793401 0.608699 0 -0.793401 0.465741 0 -0.884921 0.465741 0 -0.884921 -0.846022 0 0.533148 -0.846022 0 0.533148 -0.899415 0 0.437096 -0.899415 0 0.437096 -0.941946 0 0.335764 -0.973101 0 0.230378 -0.941946 0 0.335764 -0.973101 0 0.230378 -0.992504 0 0.122209 -0.992504 0 0.122209 -0.999921 0 0.0125647 -0.995262 0 -0.0972317 -0.999921 0 0.0125647 -0.995262 0 -0.0972317 -0.978583 0 -0.205854 -0.978583 0 -0.205854 -0.950086 0 -0.31199 -0.910114 0 -0.414358 -0.950086 0 -0.31199 -0.910114 0 -0.414358 -0.859151 0 -0.511722 -0.859151 0 -0.511722 -0.797813 0 -0.602905 -0.726839 0 -0.686808 -0.797813 0 -0.602905 -0.726839 0 -0.686808 -0.782411 0 0.622762 -0.782411 0 0.622762 -0.709352 0 0.704855 -0.709352 0 0.704855 -0.627725 0 0.778435 -0.538518 0 0.842614 -0.627725 0 0.778435 -0.538518 0 0.842614 -0.442807 0 0.896617 -0.442807 0 0.896617 -0.341748 0 0.939792 -0.236562 0 0.971617 -0.341748 0 0.939792 -0.236562 0 0.971617 -0.128519 0 0.991707 -0.128519 0 0.991707 -0.0189235 0 0.999821 0.0909002 0 0.99586 -0.0189235 0 0.999821 0.0909002 0 0.99586 0.199626 0 0.979872 0.199626 0 0.979872 0.305941 0 0.95205 0.305941 0 0.95205 0.972243 0 0.233975 0.918435 0 0.395572 0.918435 0 0.395572 0.962313 0 -0.271945 0.994504 0 -0.104695 0.994504 0 -0.104695 0.997847 0 0.0655911 0.997847 0 0.0655911 0.972243 0 0.233975 0.815927 0 -0.578155 0.815927 0 -0.578155 0.705979 0 -0.708233 0.962313 0 -0.271945 0.902206 0 -0.431306 0.902206 0 -0.431306 0.428428 0 -0.903576 0.268877 0 -0.963175 0.428428 0 -0.903576 0.575552 0 -0.817765 0.575552 0 -0.817765 0.705979 0 -0.708233 -0.237072 -0 -0.971492 -0.0687707 -0 -0.997633 -0.068771 -0 -0.997633 0.101526 0 -0.994833 0.268877 0 -0.963175 0.101526 0 -0.994833 -0.548361 -0 -0.836242 -0.548361 -0 -0.836242 -0.682318 -0 -0.731055 -0.237072 -0 -0.971492 -0.398497 -0 -0.91717 -0.398497 -0 -0.91717 -0.887541 -0 -0.460728 -0.952854 -0 -0.303429 -0.887541 -0 -0.460728 -0.796482 -0 -0.604662 -0.796482 -0 -0.604662 -0.682318 -0 -0.731055 -0.979408 0 0.201891 -0.999463 0 0.0327569 -0.999463 0 0.0327569 -0.990526 -0 -0.137328 -0.952854 -0 -0.303429 -0.990526 -0 -0.137328 -0.855469 0 0.517854 -0.855469 0 0.517854 -0.755181 0 0.655517 -0.979408 0 0.201891 -0.930941 0 0.365169 -0.930941 0 0.365169 -0.632986 0 0.774163 -0.755181 0 0.655517 -0.492429 0 0.870353 -0.632985 0 0.774164 -0.492429 0 0.870353 -0.337587 0 0.941294 -0.172952 0 0.98493 -0.337587 0 0.941294 -0.00329982 0 0.999995 -0.172952 0 0.98493 -0.00329982 0 0.999995 0.166448 0 0.98605 0.331367 0 0.943502 0.166448 0 0.98605 0.331367 0 0.943502 0.515539 0 -0.856866 0.515539 0 -0.856866 0.416723 0 -0.909033 0.607918 0 -0.794 0.607918 0 -0.794 0.692706 0 -0.72122 0.692706 0 -0.72122 0.768845 0 -0.639435 0.768845 0 -0.639435 0.835384 0 -0.549666 0.835384 0 -0.549666 0.891493 0 -0.453034 0.891493 0 -0.453034 0.936471 0 -0.350745 0.936471 0 -0.350745 0.969756 0 -0.244077 0.969756 0 -0.244077 0.990932 0 -0.134362 0.990932 0 -0.134362 0.999736 0 -0.0229685 0.999736 0 -0.0229685 0.996057 0 0.0887115 0.996057 0 0.0887115 0.416723 0 -0.909033 0.312704 0 -0.94985 0.312704 0 -0.94985 0.204781 0 -0.978808 0.204781 0 -0.978808 0.0943011 0 -0.995544 0.0943011 0 -0.995544 -0.0173565 0 -0.999849 -0.0173565 0 -0.999849 -0.128798 0 -0.991671 -0.128797 0 -0.991671 -0.23863 0 -0.971111 -0.23863 0 -0.971111 -0.345483 0 -0.938425 -0.345483 0 -0.938425 -0.448023 0 -0.894022 -0.448023 0 -0.894022 -0.544969 0 -0.838456 -0.544968 0 -0.838457 -0.63511 0 -0.772422 -0.635109 0 -0.772422 -0.655104 0 0.755538 -0.774767 0 0.632247 -0.774767 0 0.632247 -0.196947 0 0.980414 -0.361866 0 0.93223 -0.361866 0 0.93223 -0.516103 0 0.856526 -0.516103 0 0.856526 -0.655104 0 0.755538 0.145292 0 0.989389 0.145292 0 0.989389 0.31251 0 0.949914 -0.196947 0 0.980414 -0.0262145 0 0.999656 -0.0262145 0 0.999656 0.614606 0 0.788835 0.740566 0 0.671984 0.614606 0 0.788835 0.470503 0 0.882399 0.470503 0 0.882399 0.31251 0 0.949914 0.975721 0 0.219017 0.923828 0 0.382807 0.923828 0 0.382807 0.844664 0 0.535296 0.740566 0 0.671984 0.844664 0 0.535296 0.99881 0 0.0487614 0.975721 0 0.219017 0.99881 0 0.0487614 0.992415 0 -0.122933 0.956723 0 -0.290999 0.992415 0 -0.122933 0.956723 0 -0.290999 0 -1 0 0 -1 0 0 -1 0 0 -1 0 0 -1 0 0 -1 0 0 -1 0 0 -1 0 0 -1 0 0 -1 0 0 -1 0 0 -1 0 0 -1 0 0 -1 0 0 -1 0 0 -1 0 0 -1 0 0 -1 0 0 -1 0 0 -1 0 0 -1 0 0 -1 0 0 -1 0 0 -1 0 0 -1 0 0 -1 0 0 -1 0 0 -1 0 0 -1 0 0 -1 0 0 -1 0 0 -1 0 0 -1 0 0 -1 0 0 -1 0 0 -1 0 0 -1 0 0 -1 0 0 -1 0 0 -1 0 0 -1 0 0 -1 0 0 -1 0 0 -1 0 0 -1 0 0 -1 0 0 -1 0 0 -1 0 0 -1 0 0 -1 0 0 -1 0 0 -1 0 0 -1 0 0 -1 0 0 -1 0 0 -1 0 0 -1 0 0 -1 0 0 -1 0 0 -1 0 0 -1 0 0 -1 0 0 -1 0 0 -1 0 0 -1 0 0 -1 0 0 -1 0 0 -1 0 0 -1 0 0 -1 0 0 -1 0 0 -1 0 0 -1 0 0 -1 0 0 -1 0 0 -1 0 0 -1 0 0 -1 0 0 -1 0 0 -1 0 0 -1 0 0 -1 0 0 -1 0 0 -1 0 0 -1 0 0 -1 0 0 -1 0 0 -1 0 0 -1 0 0 -1 0 0 -1 0 0 -1 0 0 -1 0 0 -1 0 0 -1 0 0 -1 0 0 -1 0 0 -1 0 0 -1 0 0 -1 0 0 -1 0 0 -1 0 0 -1 0 0 -1 0 0 -1 0 0 -1 0 0 -1 0 0 -1 0 0 -1 0 0 -1 0 0 -1 0 0 -1 0 0 1 0 0 1 0 0 1 0 0 1 0 0 1 0 0 1 0 0 1 0 0 1 0 0 1 0 0 1 0 0 1 0 0 1 0 0 1 0 0 1 0 0 1 0 0 1 0 0 1 0 0 1 0 0 1 0 0 1 0 0 1 0 0 1 0 0 1 0 0 1 0 0 1 0 0 1 0 0 1 0 0 1 0 0 1 0 0 1 0 0 1 0 0 1 0 0 1 0 0 1 0 0 1 0 0 1 0 0 1 0 0 1 0 0 1 0 0 1 0 0 1 0 0 1 0 0 1 0 0 1 0 0 1 0 0 1 0 0 1 0 0 1 0 0 1 0 0 1 0 0 1 0 0 1 0 0 1 0 0 1 0 0 1 0 0 1 0 0 1 0 0 1 0 0 1 0 0 1 0 0 1 0 0 1 0 0 1 0 0 1 0 0 1 0 0 1 0 0 1 0 0 1 0 0 1 0 0 1 0 0 1 0 0 1 0 0 1 0 0 1 0 0 1 0 0 1 0 0 1 0 0 1 0 0 1 0 0 1 0 0 1 0 0 1 0 0 1 0 0 1 0 0 1 0 0 1 0 0 1 0 0 1 0 0 1 0 0 1 0 0 1 0 0 1 0 0 1 0 0 1 0 0 1 0 0 1 0 0 1 0 0 1 0 0 1 0 0 1 0 0 1 0 0 1 0 0 1 0 0 1 0 0 1 0 0 1 0 0 1 0 0 1 0 0 1 0 0 1 0 0 1 0 0 1 0</float_array>
          <technique_common>
            <accessor count="458" source="#ID78" stride="3">
              <param name="X" type="float"/>
              <param name="Y" type="float"/>
              <param name="Z" type="float"/>
            </accessor>
          </technique_common>
        </source>
        <vertices id="ID79">
          <input semantic="POSITION" source="#ID75"/>
          <input semantic="NORMAL" source="#ID77"/>
        </vertices>
        <triangles count="444" material="ID42">
          <input offset="0" semantic="VERTEX" source="#ID79"/>
          <p>0 2 1 3 5 4 6 8 7 9 11 10 12 14 13 15 17 16 18 20 19 21 23 22 24 26 25 27 29 28 30 28 31 32 27 33 27 32 29 33 35 34 34 32 33 36 37 35 34 35 37 38 36 39 36 38 37 21 30 31 28 29 31 22 23 24 30 21 22 26 16 25 23 26 24 15 19 17 16 17 25 11 20 18 18 19 15 14 9 10 9 20 11 12 13 3 14 10 13 4 5 7 12 3 4 6 0 8 5 6 7 1 8 0 40 42 41 43 42 44 42 43 41 45 46 44 43 44 46 45 48 47 47 46 45 49 48 50 48 49 47 51 52 50 49 50 52 51 54 53 53 52 51 55 54 56 54 55 53 57 58 56 55 56 58 57 60 59 59 58 57 61 60 62 60 61 59 63 64 62 61 62 64 65 64 63 66 40 41 66 68 67 67 40 66 69 68 70 68 69 67 71 72 70 69 70 72 71 74 73 73 72 71 75 74 76 74 75 73 77 78 76 75 76 78 77 80 79 79 78 77 81 80 82 80 81 79 83 84 82 81 82 84 83 86 85 85 84 83 87 86 88 86 87 85 87 88 89 90 92 91 93 95 94 96 98 97 99 101 100 102 104 103 105 107 106 108 110 109 111 113 112 114 116 115 117 119 118 120 122 121 123 125 124 126 128 127 129 131 130 132 134 133 135 137 136 138 140 139 141 137 142 135 142 137 141 144 143 144 141 142 145 146 143 143 144 145 147 146 148 145 148 146 147 150 149 150 147 148 151 152 149 149 150 151 153 152 154 151 154 152 155 153 154 139 140 136 140 135 136 138 129 130 138 139 129 131 134 132 130 131 132 124 125 133 134 124 133 126 127 123 123 127 125 117 128 119 119 128 126 122 118 121 122 117 118 120 111 112 120 121 111 113 116 114 112 113 114 106 107 115 116 106 115 108 109 105 105 109 107 99 110 101 101 110 108 104 100 103 104 99 100 102 93 94 102 103 93 95 96 97 94 95 97 90 91 98 96 90 98 156 158 157 159 160 156 156 157 159 160 162 161 162 160 159 163 161 164 162 164 161 165 166 163 163 164 165 166 168 167 168 166 165 169 167 170 168 170 167 171 172 169 169 170 171 172 174 173 174 172 171 175 173 176 174 176 173 177 178 175 175 176 177 157 158 179 180 179 181 158 181 179 182 183 180 180 181 182 183 185 184 185 183 182 186 184 187 185 187 184 188 189 186 186 187 188 189 191 190 191 189 188 192 190 193 191 193 190 194 195 192 192 193 194 195 197 196 197 195 194 197 198 196 196 198 199 200 202 201 203 205 204 206 208 207 209 211 210 212 214 213 215 217 216 218 220 219 221 223 222 224 226 225 221 228 227 228 221 222 229 230 227 227 228 229 231 230 232 229 232 230 233 231 232 226 224 223 222 223 224 216 217 225 226 216 225 218 219 215 215 219 217 209 220 211 211 220 218 214 210 213 214 209 210 212 203 204 212 213 203 205 206 207 204 205 207 200 201 208 206 200 208 234 236 235 237 239 238 240 242 241 243 245 244 246 248 247 249 251 250 244 253 252 247 255 254 256 258 257 259 247 260 261 260 262 260 263 259 264 266 265 267 262 266 268 270 269 269 265 268 240 270 242 239 241 238 237 272 271 272 237 238 273 275 274 242 270 268 239 240 241 265 266 262 264 265 269 261 276 260 261 262 267 247 259 255 276 263 260 247 254 277 278 280 279 258 282 281 251 252 283 284 278 249 285 286 244 253 283 252 282 258 256 244 245 287 246 247 277 257 246 277 288 290 289 291 292 248 293 295 294 296 298 297 296 295 298 248 246 299 287 285 244 253 244 286 279 281 282 249 252 251 249 250 284 278 284 280 280 281 279 246 257 258 288 292 291 291 248 299 290 234 289 288 289 292 300 235 301 290 236 234 297 302 296 303 305 304 298 295 293 293 294 306 306 294 307 297 308 302 309 306 307 310 309 311 306 309 310 308 301 302 310 311 304 304 305 310 312 313 305 312 305 303 314 305 313 235 302 301 314 315 305 316 234 300 300 234 235 316 318 317 317 234 316 319 320 317 319 317 318 321 320 322 320 321 317 321 324 323 322 324 321 325 327 326 321 323 328 327 330 329 331 330 327 332 334 333 331 333 334 335 332 333 335 333 336 333 337 336 338 328 339 334 340 331 339 328 323 340 330 331 326 339 325 329 326 327 325 339 323 328 275 273 338 275 328 341 273 342 274 342 273 343 341 344 341 342 344 345 341 343 346 348 347 349 351 350 352 349 350 353 355 354 353 351 356 357 359 358 355 361 360 362 364 363 365 367 366 368 370 369 371 372 370 373 371 370 370 368 373 374 370 372 375 376 369 370 375 369 366 363 364 364 362 375 367 377 359 367 365 377 378 361 357 357 358 378 379 381 380 379 383 382 384 386 385 352 379 382 362 376 375 364 365 366 359 377 358 355 357 361 387 353 356 355 360 354 380 381 388 383 379 389 390 392 391 384 393 386 394 396 395 346 384 397 392 346 347 397 384 385 398 400 399 401 403 402 404 402 405 406 408 407 401 407 408 407 409 406 409 410 406 411 413 412 411 410 409 394 413 396 394 412 413 414 396 415 414 395 396 416 415 396 413 411 409 416 396 417 403 401 408 405 418 404 403 405 402 418 383 389 383 418 405 419 381 390 388 381 419 420 348 421 347 422 392 423 424 421 424 420 421 400 426 425 427 399 424 428 429 425 428 425 426 348 420 347 430 432 431 433 348 346 400 425 399 425 429 434 399 427 398 427 424 423 435 437 436 397 433 346 393 439 438 440 442 441 443 393 438 391 392 422 392 390 381 386 393 443 442 440 437 444 430 435 445 447 446 448 450 449 451 452 442 380 389 379 451 442 354 453 454 354 387 355 353 352 350 379 349 356 351 360 453 354 451 354 454 441 442 452 436 437 440 430 437 435 430 444 432 431 448 449 431 432 448 450 445 446 449 450 446 455 447 456 445 456 447 457 455 456</p>
        </triangles>
      </mesh>
    </geometry>
    <geometry id="ID81">
      <mesh>
        <source id="ID82">
          <float_array count="780" id="ID83">0.00116533 0.00701555 -0.0164588 -0.00116533 0.00701555 -0.0164588 0.00116533 0.00751555 -0.0164588 0.00347273 0.00751555 -0.0161304 0.00347273 0.00701555 -0.0161304 -0.00116533 0.00751555 -0.0164588 -0.00347273 0.00701555 -0.0161304 -0.00347273 0.00751555 -0.0161304 0.00385241 0.00701555 -0.0160405 0.00347273 0.00701555 -0.0161304 0.00347273 0.00751555 -0.0161304 0.0049726 0.00701555 -0.0157025 0.00460275 0.00701555 -0.0158268 0.00460275 0.00751555 -0.0158268 0.00422917 0.00701555 -0.0159393 0.00385241 0.00751555 -0.0160405 0.00422917 0.00751555 -0.0159393 0.00569793 0.00751555 -0.015415 0.00605147 0.00701555 -0.01525 0.00569793 0.00701555 -0.015415 0.0049726 0.00751555 -0.0157025 0.00533797 0.00751555 -0.0155655 0.00533797 0.00701555 -0.0155655 0.00639742 0.00751555 -0.0150696 0.00673429 0.00751555 -0.0148728 0.00673429 0.00701555 -0.0148728 0.00639742 0.00701555 -0.0150696 0.00605147 0.00751555 -0.01525 0.00766664 0.00701555 -0.0141681 0.00737198 0.00751555 -0.0144236 0.00766664 0.00751555 -0.0141681 0.00737198 0.00701555 -0.0144236 0.0070601 0.00701555 -0.014658 0.0070601 0.00751555 -0.014658 0.00818662 0.00701555 -0.0135876 0.00794002 0.00751555 -0.0138899 0.00818662 0.00751555 -0.0135876 0.00794002 0.00701555 -0.0138899 0.00868655 0.00751555 -0.0125377 0.00868655 0.00701555 -0.0125377 0.00856921 0.00751555 -0.0129092 0.00839944 0.00751555 -0.0132604 0.00856921 0.00701555 -0.0129092 0.00839944 0.00701555 -0.0132604 0.00873785 0.00751555 -0.011762 0.00866635 0.00751555 -0.0113779 0.00866635 0.00701555 -0.0113779 0.00874452 0.00751555 -0.0121523 0.00874452 0.00701555 -0.0121523 0.00853592 0.00751555 -0.0110099 0.00835646 0.00701555 -0.010664 0.00853592 0.00701555 -0.0110099 0.00813567 0.00701555 -0.010342 0.00835646 0.00751555 -0.010664 0.00813567 0.00751555 -0.010342 0.00788206 0.00701555 -0.010045 0.00788206 0.00751555 -0.010045 0.0076028 0.00701555 -0.00977203 0.00730335 0.00701555 -0.00952161 0.0076028 0.00751555 -0.00977203 0.00730335 0.00751555 -0.00952161 0.00873785 0.00701555 -0.011762 0.00565527 0.00701555 -0.0105839 0.00730335 0.00701555 -0.00952161 0.00730335 0.00751555 -0.00952161 -3.38618e-18 0.00701555 -0.012 0.00195419 0.00701555 -0.0118398 0.00195419 0.00751555 -0.0118398 0.00385621 0.00701555 -0.0113635 0.00565527 0.00751555 -0.0105839 0.00385621 0.00751555 -0.0113635 -0.00385621 0.00751555 -0.0113635 -0.00565527 0.00701555 -0.0105839 -0.00385621 0.00701555 -0.0113635 -1.11022e-19 0.00751555 -0.012 -0.00195419 0.00751555 -0.0118398 -0.00195419 0.00701555 -0.0118398 -0.00730335 0.00701555 -0.00952161 -0.00565527 0.00751555 -0.0105839 -0.00730335 0.00751555 -0.00952161 -0.00760269 0.00701555 -0.0097721 -0.00730335 0.00701555 -0.00952161 -0.00730335 0.00751555 -0.00952161 -0.00835444 0.00701555 -0.0106637 -0.00813351 0.00701555 -0.0103422 -0.00813351 0.00751555 -0.0103422 -0.00788052 0.00701555 -0.0100454 -0.00760269 0.00751555 -0.0097721 -0.00788052 0.00751555 -0.0100454 -0.00866494 0.00751555 -0.011377 -0.0087368 0.00701555 -0.0117599 -0.00866494 0.00701555 -0.011377 -0.00835444 0.00751555 -0.0106637 -0.00853511 0.00751555 -0.0110097 -0.00853511 0.00701555 -0.0110097 -0.00868791 0.00701555 -0.0125361 -0.00868791 0.00751555 -0.0125361 -0.00856987 0.00701555 -0.0129086 -0.00874504 0.00701555 -0.0121497 -0.0087368 0.00751555 -0.0117599 -0.00874504 0.00751555 -0.0121497 -0.00794173 0.00751555 -0.0138901 -0.00794173 0.00701555 -0.0138901 -0.00818845 0.00751555 -0.0135873 -0.00840045 0.00751555 -0.0132598 -0.00840045 0.00701555 -0.0132598 -0.00856987 0.00751555 -0.0129086 -0.00639802 0.00701555 -0.0150701 -0.00673498 0.00701555 -0.0148732 -0.00673498 0.00751555 -0.0148732 -0.00737255 0.00701555 -0.0144239 -0.00766781 0.00751555 -0.0141684 -0.00737255 0.00751555 -0.0144239 -0.00569807 0.00701555 -0.0154151 -0.00605184 0.00701555 -0.0152503 -0.00605184 0.00751555 -0.0152503 -0.00639802 0.00751555 -0.0150701 -0.00569807 0.00751555 -0.0154151 -0.00533811 0.00701555 -0.0155657 -0.00533811 0.00751555 -0.0155657 -0.00497288 0.00701555 -0.0157029 -0.00460306 0.00701555 -0.0158273 -0.00497288 0.00751555 -0.0157029 -0.00460306 0.00751555 -0.0158273 -0.00422937 0.00701555 -0.0159396 -0.00422937 0.00751555 -0.0159396 -0.00385243 0.00701555 -0.0160405 -0.00347273 0.00701555 -0.0161304 -0.00385243 0.00751555 -0.0160405 -0.00347273 0.00751555 -0.0161304 -0.00706058 0.00701555 -0.0146583 -0.00706058 0.00751555 -0.0146583 -0.00766781 0.00701555 -0.0141684 -0.00818845 0.00701555 -0.0135873 0.00116533 0.00701555 -0.0164588 0.00347273 0.00701555 -0.0161304 -3.38618e-18 0.00701555 -0.012 0.00866635 0.00701555 -0.0113779 0.00385621 0.00701555 -0.0113635 0.00873785 0.00701555 -0.011762 0.00385241 0.00701555 -0.0160405 0.00460275 0.00701555 -0.0158268 0.0049726 0.00701555 -0.0157025 0.00422917 0.00701555 -0.0159393 0.00533797 0.00701555 -0.0155655 0.00569793 0.00701555 -0.015415 0.00195419 0.00701555 -0.0118398 0.00605147 0.00701555 -0.01525 0.00673429 0.00701555 -0.0148728 0.00639742 0.00701555 -0.0150696 0.00737198 0.00701555 -0.0144236 0.0070601 0.00701555 -0.014658 0.00794002 0.00701555 -0.0138899 0.00818662 0.00701555 -0.0135876 0.00766664 0.00701555 -0.0141681 0.00839944 0.00701555 -0.0132604 0.00868655 0.00701555 -0.0125377 0.00856921 0.00701555 -0.0129092 0.00874452 0.00701555 -0.0121523 0.00565527 0.00701555 -0.0105839 0.00853592 0.00701555 -0.0110099 0.00835646 0.00701555 -0.010664 0.00813567 0.00701555 -0.010342 0.00788206 0.00701555 -0.010045 0.0076028 0.00701555 -0.00977203 -0.00347273 0.00701555 -0.0161304 -0.00116533 0.00701555 -0.0164588 0.00730335 0.00701555 -0.00952161 -0.00385621 0.00701555 -0.0113635 -0.00866494 0.00701555 -0.011377 -0.0087368 0.00701555 -0.0117599 -0.00737255 0.00701555 -0.0144239 -0.00706058 0.00701555 -0.0146583 -0.00195419 0.00701555 -0.0118398 -0.00565527 0.00701555 -0.0105839 -0.00730335 0.00701555 -0.00952161 -0.00760269 0.00701555 -0.0097721 -0.00788052 0.00701555 -0.0100454 -0.00813351 0.00701555 -0.0103422 -0.00835444 0.00701555 -0.0106637 -0.00853511 0.00701555 -0.0110097 -0.00874504 0.00701555 -0.0121497 -0.00868791 0.00701555 -0.0125361 -0.00856987 0.00701555 -0.0129086 -0.00840045 0.00701555 -0.0132598 -0.00818845 0.00701555 -0.0135873 -0.00794173 0.00701555 -0.0138901 -0.00766781 0.00701555 -0.0141684 -0.00673498 0.00701555 -0.0148732 -0.00639802 0.00701555 -0.0150701 -0.00605184 0.00701555 -0.0152503 -0.00569807 0.00701555 -0.0154151 -0.00533811 0.00701555 -0.0155657 -0.00497288 0.00701555 -0.0157029 -0.00460306 0.00701555 -0.0158273 -0.00422937 0.00701555 -0.0159396 -0.00385243 0.00701555 -0.0160405 0.0049726 0.00751555 -0.0157025 0.00460275 0.00751555 -0.0158268 -1.11022e-19 0.00751555 -0.012 0.00195419 0.00751555 -0.0118398 0.0070601 0.00751555 -0.014658 0.00673429 0.00751555 -0.0148728 0.00569793 0.00751555 -0.015415 0.00533797 0.00751555 -0.0155655 0.00639742 0.00751555 -0.0150696 0.00605147 0.00751555 -0.01525 0.00737198 0.00751555 -0.0144236 0.00766664 0.00751555 -0.0141681 0.00794002 0.00751555 -0.0138899 0.00818662 0.00751555 -0.0135876 0.00839944 0.00751555 -0.0132604 0.00385621 0.00751555 -0.0113635 0.00856921 0.00751555 -0.0129092 0.00874452 0.00751555 -0.0121523 0.00868655 0.00751555 -0.0125377 0.00866635 0.00751555 -0.0113779 0.00873785 0.00751555 -0.011762 0.00565527 0.00751555 -0.0105839 0.00788206 0.00751555 -0.010045 0.00813567 0.00751555 -0.010342 0.00853592 0.00751555 -0.0110099 0.0076028 0.00751555 -0.00977203 0.00730335 0.00751555 -0.00952161 0.00835646 0.00751555 -0.010664 0.00347273 0.00751555 -0.0161304 0.00385241 0.00751555 -0.0160405 0.00422917 0.00751555 -0.0159393 -0.00565527 0.00751555 -0.0105839 -0.00385621 0.00751555 -0.0113635 -0.00866494 0.00751555 -0.011377 -0.00818845 0.00751555 -0.0135873 -0.00195419 0.00751555 -0.0118398 -0.00794173 0.00751555 -0.0138901 -0.00788052 0.00751555 -0.0100454 -0.00760269 0.00751555 -0.0097721 -0.00813351 0.00751555 -0.0103422 -0.00835444 0.00751555 -0.0106637 -0.00730335 0.00751555 -0.00952161 -0.00853511 0.00751555 -0.0110097 -0.0087368 0.00751555 -0.0117599 -0.00874504 0.00751555 -0.0121497 -0.00868791 0.00751555 -0.0125361 -0.00856987 0.00751555 -0.0129086 -0.00840045 0.00751555 -0.0132598 -0.00766781 0.00751555 -0.0141684 -0.00737255 0.00751555 -0.0144239 -0.00706058 0.00751555 -0.0146583 -0.00673498 0.00751555 -0.0148732 -0.00639802 0.00751555 -0.0150701 -0.00605184 0.00751555 -0.0152503 -0.00533811 0.00751555 -0.0155657 -0.00569807 0.00751555 -0.0154151 -0.00460306 0.00751555 -0.0158273 -0.00497288 0.00751555 -0.0157029 -0.00385243 0.00751555 -0.0160405 -0.00422937 0.00751555 -0.0159396 -0.00347273 0.00751555 -0.0161304 0.00116533 0.00751555 -0.0164588 -0.00116533 0.00751555 -0.0164588</float_array>
          <technique_common>
            <accessor count="260" source="#ID83" stride="3">
              <param name="X" type="float"/>
              <param name="Y" type="float"/>
              <param name="Z" type="float"/>
            </accessor>
          </technique_common>
        </source>
        <source id="ID84">
          <float_array count="780" id="ID85">0.070626 0 -0.997503 -0.0706259 0 -0.997503 0.070626 0 -0.997503 0.210469 0 -0.977601 0.210469 0 -0.977601 -0.0706259 0 -0.997503 -0.210468 0 -0.977601 -0.210468 0 -0.977601 0.244503 0 -0.969649 0.217073 0 -0.976155 0.217073 0 -0.976155 0.334734 0 -0.942312 0.303172 0 -0.952936 0.303105 0 -0.952957 0.273156 0 -0.96197 0.24451 0 -0.969647 0.273119 0 -0.96198 0.403708 0 -0.914888 0.441842 0 -0.897093 0.403765 0 -0.914863 0.3347 0 -0.942325 0.368146 0 -0.929768 0.368169 0 -0.929759 0.482683 0 -0.875795 0.526897 0 -0.849929 0.526964 0 -0.849887 0.482762 0 -0.875752 0.441756 0 -0.897135 0.683099 0 -0.730326 0.626748 0 -0.779222 0.683003 0 -0.730416 0.626872 0 -0.779122 0.57489 0 -0.818231 0.574782 0 -0.818307 0.806512 0 -0.591218 0.743298 0 -0.66896 0.806451 0 -0.591302 0.743336 0 -0.668918 0.973789 0 -0.227452 0.97374 0 -0.227662 0.928234 0 -0.371998 0.869824 0 -0.493362 0.928109 0 -0.372307 0.869799 0 -0.493405 0.994665 0 0.103161 0.965001 0 0.262248 0.965135 0 0.261753 0.997882 0 -0.0650463 0.997854 0 -0.0654733 0.915783 0 0.401673 0.855743 0 0.517401 0.91581 0 0.401611 0.792097 0 0.610395 0.855731 0 0.517422 0.792123 0 0.610362 0.729405 0 0.684083 0.729476 0 0.684006 0.669998 0 0.742362 0.614739 0 0.788731 0.669996 0 0.742364 0.614739 0 0.788731 0.99475 0 0.102339 -0.471273 0 0.881988 -0.608612 0 0.793468 -0.608612 0 0.793468 8.74228e-08 0 1 -0.162849 0 0.986651 -0.162849 0 0.986651 -0.32135 0 0.94696 -0.471272 0 0.881988 -0.32135 0 0.94696 0.32135 0 0.94696 0.471272 0 0.881988 0.32135 0 0.94696 8.74228e-08 0 1 0.162849 0 0.986651 0.162849 0 0.986651 0.608612 0 0.793468 0.471272 0 0.881988 0.608612 0 0.793468 -0.669996 0 0.742364 -0.614739 0 0.788731 -0.614739 0 0.788731 -0.855731 0 0.517422 -0.792123 0 0.610362 -0.792097 0 0.610395 -0.729476 0 0.684006 -0.669998 0 0.742363 -0.729405 0 0.684083 -0.965135 0 0.261753 -0.994665 0 0.103161 -0.965001 0 0.262248 -0.855743 0 0.517401 -0.915811 0 0.401611 -0.915783 0 0.401673 -0.973789 0 -0.227452 -0.97374 0 -0.227662 -0.928234 0 -0.371998 -0.997882 0 -0.0650463 -0.99475 0 0.102339 -0.997854 0 -0.0654735 -0.743336 0 -0.668918 -0.743298 0 -0.66896 -0.806512 0 -0.591218 -0.869799 0 -0.493405 -0.869824 0 -0.493362 -0.928109 0 -0.372308 -0.482683 0 -0.875795 -0.526897 0 -0.849929 -0.526964 0 -0.849887 -0.626748 0 -0.779222 -0.683099 0 -0.730326 -0.626872 0 -0.779122 -0.403708 0 -0.914888 -0.441756 0 -0.897135 -0.441842 0 -0.897093 -0.482762 0 -0.875752 -0.403765 0 -0.914863 -0.368146 0 -0.929768 -0.36817 0 -0.929759 -0.3347 0 -0.942325 -0.303105 0 -0.952957 -0.334734 0 -0.942312 -0.303173 0 -0.952936 -0.273119 0 -0.96198 -0.273156 0 -0.96197 -0.24451 0 -0.969647 -0.217073 0 -0.976155 -0.244503 0 -0.969649 -0.217073 0 -0.976155 -0.574781 0 -0.818307 -0.57489 0 -0.818231 -0.683003 0 -0.730416 -0.806451 0 -0.591301 0 -1 0 0 -1 0 0 -1 0 0 -1 0 0 -1 0 0 -1 0 0 -1 0 0 -1 0 0 -1 0 0 -1 0 0 -1 0 0 -1 0 0 -1 0 0 -1 0 0 -1 0 0 -1 0 0 -1 0 0 -1 0 0 -1 0 0 -1 0 0 -1 0 0 -1 0 0 -1 0 0 -1 0 0 -1 0 0 -1 0 0 -1 0 0 -1 0 0 -1 0 0 -1 0 0 -1 0 0 -1 0 0 -1 0 0 -1 0 0 -1 0 0 -1 0 0 -1 0 0 -1 0 0 -1 0 0 -1 0 0 -1 0 0 -1 0 0 -1 0 0 -1 0 0 -1 0 0 -1 0 0 -1 0 0 -1 0 0 -1 0 0 -1 0 0 -1 0 0 -1 0 0 -1 0 0 -1 0 0 -1 0 0 -1 0 0 -1 0 0 -1 0 0 -1 0 0 -1 0 0 -1 0 0 -1 0 0 -1 0 0 1 0 0 1 0 0 1 0 0 1 0 0 1 0 0 1 0 0 1 0 0 1 0 0 1 0 0 1 0 0 1 0 0 1 0 0 1 0 0 1 0 0 1 0 0 1 0 0 1 0 0 1 0 0 1 0 0 1 0 0 1 0 0 1 0 0 1 0 0 1 0 0 1 0 0 1 0 0 1 0 0 1 0 0 1 0 0 1 0 0 1 0 0 1 0 0 1 0 0 1 0 0 1 0 0 1 0 0 1 0 0 1 0 0 1 0 0 1 0 0 1 0 0 1 0 0 1 0 0 1 0 0 1 0 0 1 0 0 1 0 0 1 0 0 1 0 0 1 0 0 1 0 0 1 0 0 1 0 0 1 0 0 1 0 0 1 0 0 1 0 0 1 0 0 1 0 0 1 0 0 1 0 0 1 0 0 1 0</float_array>
          <technique_common>
            <accessor count="260" source="#ID85" stride="3">
              <param name="X" type="float"/>
              <param name="Y" type="float"/>
              <param name="Z" type="float"/>
            </accessor>
          </technique_common>
        </source>
        <vertices id="ID86">
          <input semantic="POSITION" source="#ID82"/>
          <input semantic="NORMAL" source="#ID84"/>
        </vertices>
        <triangles count="248" material="ID87">
          <input offset="0" semantic="VERTEX" source="#ID86"/>
          <p>0 1 2 3 4 0 0 2 3 2 1 5 1 6 5 5 6 7 8 9 10 11 12 13 14 15 16 17 18 19 20 21 22 23 24 25 26 27 23 28 29 30 31 32 33 34 35 36 35 37 30 38 39 40 41 42 43 44 45 46 38 47 48 49 50 51 51 45 49 52 50 53 49 53 50 52 54 55 54 52 53 56 57 55 55 54 56 58 57 59 56 59 57 60 58 59 61 44 46 46 45 51 61 48 47 47 44 61 42 40 39 38 48 39 41 43 36 40 42 41 34 37 35 43 34 36 29 28 31 37 28 30 32 24 33 31 33 29 26 23 25 25 24 32 17 27 18 18 27 26 21 19 22 21 17 19 20 11 13 20 22 11 12 14 16 13 12 16 8 10 15 14 8 15 62 63 64 65 66 67 68 69 70 71 72 73 74 75 76 77 72 78 71 78 72 79 77 78 76 75 73 75 71 73 74 65 67 74 76 65 66 68 70 67 66 70 62 64 69 68 62 69 80 81 82 83 84 85 86 87 88 89 90 91 92 93 94 95 96 97 98 99 100 101 102 103 104 105 106 107 108 109 110 111 112 113 114 115 116 115 114 113 117 118 117 113 115 119 120 118 118 117 119 121 120 122 119 122 120 121 123 124 123 121 122 125 126 124 124 123 125 127 126 128 125 128 126 129 127 128 116 107 109 116 114 107 108 130 131 109 108 131 112 130 110 130 112 131 101 111 132 132 111 110 103 102 133 101 132 102 105 104 133 103 133 104 97 96 106 105 97 106 98 100 95 95 100 96 89 99 90 90 99 98 93 91 94 93 89 91 92 83 85 92 94 83 84 86 88 85 84 88 80 82 87 86 80 87 134 135 136 137 138 139 136 135 140 136 141 142 143 141 136 136 144 145 142 144 136 146 136 147 145 147 136 148 146 149 146 147 149 150 146 151 146 148 151 146 152 153 154 152 146 138 146 155 153 155 146 156 138 157 138 155 157 139 138 158 138 156 158 137 159 138 160 161 159 160 159 137 162 163 159 162 159 161 164 159 163 136 165 166 136 140 143 146 150 154 164 167 159 134 136 166 168 169 170 171 172 173 174 175 176 177 178 174 179 174 178 176 177 174 180 169 174 180 174 179 181 168 170 169 168 174 182 183 168 182 168 181 168 184 173 184 168 183 173 185 186 184 185 173 173 187 171 186 187 173 188 189 173 173 172 188 173 190 136 190 173 189 136 191 192 190 191 136 136 193 194 192 193 136 136 195 196 194 195 136 136 196 165 197 198 199 200 201 202 199 203 204 197 199 204 200 205 206 203 199 206 207 201 200 205 200 202 208 200 209 208 207 200 210 200 211 210 209 200 212 213 211 211 200 212 212 214 215 213 212 215 212 216 217 214 212 217 212 218 216 218 219 220 221 216 218 222 219 218 223 222 218 218 224 221 218 220 224 225 199 226 200 206 199 199 227 226 198 227 199 228 229 230 231 232 233 228 234 235 234 228 236 228 237 236 228 235 238 239 228 230 239 237 228 240 229 241 229 240 230 242 229 243 242 241 229 229 232 244 244 243 229 245 233 232 244 232 231 246 232 247 246 245 232 248 232 249 248 247 232 232 199 250 250 249 232 199 251 252 250 199 252 199 253 254 251 199 254 199 255 256 253 199 256 255 199 257 199 258 259 257 199 259 199 225 258</p>
        </triangles>
      </mesh>
    </geometry>
  </library_geometries>

  <library_visual_scenes>
    <visual_scene id="ID1">
      <node id="ID2" name="eye">
        <node>
          <matrix>-1 0 -6.81746e-16 0.000312267 -6.85216e-16 -6.76542e-16 -1 -0.01605 0 -1 -6.76542e-16 1.28998e-07 0 0 0 1</matrix>
          <instance_node url="#ID3"/>
        </node>
        <node>
          <matrix>1 0 0 1.22674e-05 0 1 0 -0.0182155 0 0 1 1.7553e-06 0 0 0 1</matrix>
          <instance_node url="#ID11"/>
        </node>
        <node>
          <matrix>1 2.42366e-32 1.8735e-16 0.00237412 1.17961e-16 -2.42861e-16 -1 -0.0062 -1.09116e-32 1 3.53884e-16 0.00343198 0 0 0 1</matrix>
          <instance_node url="#ID19"/>
        </node>
        <node>
          <matrix>1 0 0 0 0 1 0 0 0 0 1 0 0 0 0 1</matrix>
          <instance_node url="#ID26"/>
        </node>
      </node>
    </visual_scene>
  </library_visual_scenes>

  <scene>
    <instance_visual_scene url="#ID1"/>
  </scene>

  <library_nodes>
    <node id="ID3" name="eye_frame_front">
      <instance_geometry url="#ID4">
        <bind_material>
          <technique_common>
            <instance_material symbol="ID10" target="#ID10"/>
          </technique_common>
        </bind_material>
      </instance_geometry>
    </node>
    <node id="ID11" name="eye v1">
      <instance_geometry url="#ID12">
        <bind_material>
          <technique_common>
            <instance_material symbol="ID18" target="#ID18"/>
          </technique_common>
        </bind_material>
      </instance_geometry>
    </node>
    <node id="ID19" name="ESP32_Base">
      <instance_geometry url="#ID20">
        <bind_material>
          <technique_common>
            <instance_material symbol="ID10" target="#ID10"/>
          </technique_common>
        </bind_material>
      </instance_geometry>
    </node>
    <node id="ID27" name="Part 90">
      <instance_geometry url="#ID28">
        <bind_material>
          <technique_common>
            <instance_material symbol="ID34" target="#ID34"/>
          </technique_common>
        </bind_material>
      </instance_geometry>
    </node>
    <node id="ID35" name="Part 86">
      <instance_geometry url="#ID36">
        <bind_material>
          <technique_common>
            <instance_material symbol="ID42" target="#ID42"/>
          </technique_common>
        </bind_material>
      </instance_geometry>
    </node>
    <node id="ID43" name="Part 89">
      <instance_geometry url="#ID44">
        <bind_material>
          <technique_common>
            <instance_material symbol="ID50" target="#ID50"/>
          </technique_common>
        </bind_material>
      </instance_geometry>
    </node>
    <node id="ID51" name="Part 88">
      <instance_geometry url="#ID52">
        <bind_material>
          <technique_common>
            <instance_material symbol="ID50" target="#ID50"/>
          </technique_common>
        </bind_material>
      </instance_geometry>
    </node>
    <node id="ID58" name="Part 92">
      <instance_geometry url="#ID59">
        <bind_material>
          <technique_common>
            <instance_material symbol="ID65" target="#ID65"/>
          </technique_common>
        </bind_material>
      </instance_geometry>
    </node>
    <node id="ID66" name="Part 91">
      <instance_geometry url="#ID67">
        <bind_material>
          <technique_common>
            <instance_material symbol="ID65" target="#ID65"/>
          </technique_common>
        </bind_material>
      </instance_geometry>
    </node>
    <node id="ID73" name="Part 87">
      <instance_geometry url="#ID74">
        <bind_material>
          <technique_common>
            <instance_material symbol="ID42" target="#ID42"/>
          </technique_common>
        </bind_material>
      </instance_geometry>
    </node>
    <node id="ID80" name="Part 93">
      <instance_geometry url="#ID81">
        <bind_material>
          <technique_common>
            <instance_material symbol="ID87" target="#ID87"/>
          </technique_common>
        </bind_material>
      </instance_geometry>
    </node>
    <node id="ID26" name="eye &lt;1>">
      <node>
        <matrix>1 0 0 0.000312267 0 1 0 -0.0182155 0 0 1 1.28998e-07 0 0 0 1</matrix>
        <instance_node url="#ID27"/>
      </node>
      <node>
        <matrix>1 0 0 0.000312267 0 1 0 -0.0182155 0 0 1 1.28998e-07 0 0 0 1</matrix>
        <instance_node url="#ID35"/>
      </node>
      <node>
        <matrix>1 0 0 0.000312267 0 1 0 -0.0182155 0 0 1 1.28998e-07 0 0 0 1</matrix>
        <instance_node url="#ID43"/>
      </node>
      <node>
        <matrix>1 0 0 0.000312267 0 1 0 -0.0182155 0 0 1 1.28998e-07 0 0 0 1</matrix>
        <instance_node url="#ID51"/>
      </node>
      <node>
        <matrix>1 0 0 0.000312267 0 1 0 -0.0182155 0 0 1 1.28998e-07 0 0 0 1</matrix>
        <instance_node url="#ID58"/>
      </node>
      <node>
        <matrix>1 0 0 0.000312267 0 1 0 -0.0182155 0 0 1 1.28998e-07 0 0 0 1</matrix>
        <instance_node url="#ID66"/>
      </node>
      <node>
        <matrix>1 0 0 0.000312267 0 1 0 -0.0182155 0 0 1 1.28998e-07 0 0 0 1</matrix>
        <instance_node url="#ID73"/>
      </node>
      <node>
        <matrix>1 0 0 0.000312267 0 1 0 -0.0182155 0 0 1 1.28998e-07 0 0 0 1</matrix>
        <instance_node url="#ID80"/>
      </node>
    </node>
  </library_nodes>

</COLLADA>
